{"type":"FeatureCollection","features":[{"type":"Feature","properties":{"classe_uso":"Corpo d'água","fonte":"osm"},"geometry":{"type":"MultiPolygon","coordinates":[[[[-34.9494667,-8.158796],[-34.9491867,-8.1599317],[-34.950597496030625,-8.16],[-34.9506051,-8.159583],[-34.9494667,-8.158796]]],[[[-34.9902805,-8.1527493],[-34.9894774,-8.1509808],[-34.988284,-8.1506531],[-34.9877592,-8.1521122],[-34.9894708,-8.1535049],[-34.9917308,-8.1540511],[-34.9920296,-8.1532652],[-34.9902805,-8.1527493]]],[[[-34.9667678,-8.1427089],[-34.9660692,-8.1425301],[-34.96581,-8.1435225],[-34.9665249,-8.1436927],[-34.9667678,-8.1427089]]],[[[-34.9786328,-8.1437481],[-34.9793681,-8.1417533],[-34.9791085,-8.1403423],[-34.978434,-8.1408775],[-34.9770194,-8.1444869],[-34.9781567,-8.1447524],[-34.9780246,-8.1438691],[-34.9786328,-8.1437481]]],[[[-34.9758055,-8.1585024],[-34.9758895,-8.1571225],[-34.974729,-8.1572751],[-34.974743,-8.1563066],[-34.973651,-8.1559993],[-34.9716232,-8.1541754],[-34.972326,-8.1533736],[-34.9729697,-8.1516477],[-34.9728839,-8.1510955],[-34.9719826,-8.1503998],[-34.9738656,-8.1485094],[-34.974638,-8.1469641],[-34.97459,-8.1457515],[-34.9779637,-8.146499],[-34.978169,-8.14633],[-34.9780958,-8.1456841],[-34.9768379,-8.1449995],[-34.9770013,-8.1438807],[-34.9776551,-8.1413982],[-34.9805176,-8.1381937],[-34.980168,-8.1358554],[-34.9807065,-8.1339673],[-34.9811657,-8.1338995],[-34.980767,-8.1331797],[-34.9813317,-8.1330162],[-34.9755064,-8.130129],[-34.9736851,-8.1299117],[-34.9719044,-8.1282093],[-34.9719939,-8.1277665],[-34.9724248,-8.128008],[-34.9721118,-8.1258146],[-34.9726484,-8.1222085],[-34.9733599,-8.1218664],[-34.9748763,-8.1223735],[-34.973925,-8.1217859],[-34.9725427,-8.1218302],[-34.9730102,-8.11985],[-34.9729411,-8.1194194],[-34.9721971,-8.1190893],[-34.9731241,-8.11855],[-34.9734574,-8.1177612],[-34.9726931,-8.1167148],[-34.974799,-8.1161392],[-34.9733761,-8.115125],[-34.9734615,-8.1142798],[-34.9742421,-8.1139216],[-34.9781269,-8.1161088],[-34.9788624,-8.115205],[-34.9786616,-8.1129881],[-34.9817461,-8.11361],[-34.9827362,-8.1123224],[-34.9836305,-8.1136724],[-34.983927,-8.1137926],[-34.9869625,-8.1127616],[-34.9884896,-8.1130459],[-34.9910371,-8.1128887],[-34.9917493,-8.1136539],[-34.9923073,-8.1137279],[-34.993727,-8.1125004],[-34.9938852,-8.1115822],[-34.9923517,-8.113566],[-34.9908947,-8.1127061],[-34.9868621,-8.112653],[-34.9838243,-8.1137024],[-34.9826638,-8.1122276],[-34.9815453,-8.1135383],[-34.9784445,-8.1128541],[-34.9787176,-8.1152212],[-34.9780592,-8.1159863],[-34.9745551,-8.1138652],[-34.9739453,-8.1138089],[-34.9733639,-8.1142194],[-34.9731159,-8.1150405],[-34.9744331,-8.1160587],[-34.9725264,-8.1166987],[-34.973181,-8.1178658],[-34.9719654,-8.1192463],[-34.9728151,-8.1197977],[-34.9724126,-8.1214639],[-34.9717581,-8.1282857],[-34.9726931,-8.1296702],[-34.97362,-8.1300445],[-34.9750714,-8.1301813],[-34.9799643,-8.1323785],[-34.9806204,-8.1335628],[-34.9799684,-8.1359053],[-34.980265,-8.1380583],[-34.9776037,-8.141107],[-34.9768565,-8.1434693],[-34.9766324,-8.1450272],[-34.9780988,-8.1461922],[-34.9747664,-8.1455153],[-34.9758768,-8.1452339],[-34.9756354,-8.1442833],[-34.9732858,-8.1451595],[-34.9737632,-8.145441],[-34.9729747,-8.1459879],[-34.9731249,-8.1469544],[-34.9743017,-8.1464531],[-34.973697,-8.1480942],[-34.9727233,-8.1485495],[-34.9718173,-8.1501352],[-34.9718617,-8.1506437],[-34.9728027,-8.1516445],[-34.971467,-8.1541547],[-34.9717659,-8.1546724],[-34.9735569,-8.156191],[-34.9745049,-8.1562419],[-34.9744278,-8.1572935],[-34.9758498,-8.1572173],[-34.9758055,-8.1585024]]],[[[-34.9838422,-8.1302372],[-34.9847435,-8.1312358],[-34.9855468,-8.1307457],[-34.9856075,-8.1292617],[-34.9843559,-8.1294189],[-34.9838422,-8.1302372]]],[[[-34.9506191,-8.1195511],[-34.9500429,-8.1261963],[-34.9484219,-8.1304403],[-34.9482316,-8.1326524],[-34.950184,-8.1342348],[-34.9515063,-8.1351774],[-34.9518979,-8.1353858],[-34.9564541,-8.136854],[-34.9572163,-8.138335],[-34.9626173,-8.1434097],[-34.9573546,-8.1383773],[-34.9564764,-8.1367916],[-34.951686,-8.1352438],[-34.9482549,-8.132624],[-34.9484734,-8.1304369],[-34.9500655,-8.1263455],[-34.9506539,-8.1195695],[-34.9514804,-8.1184482],[-34.9520875,-8.1164953],[-34.9506191,-8.1195511]]],[[[-34.9941425,-8.1278034],[-34.9933058,-8.1287875],[-34.9944645,-8.1294991],[-34.9943841,-8.1278463],[-34.9941425,-8.1278034]]],[[[-34.9597383,-8.1145769],[-34.9588602,-8.1171096],[-34.9590692,-8.1177404],[-34.9601228,-8.1190963],[-34.9600603,-8.1204245],[-34.9602364,-8.1191778],[-34.9589507,-8.1172824],[-34.9597383,-8.1145769]]],[[[-35.0028007,-8.1136989],[-35.0033886,-8.1128153],[-35.0016428,-8.1142455],[-35.0025139,-8.1139616],[-35.0029548,-8.114572],[-35.0028007,-8.1136989]]],[[[-34.995929,-8.1108802],[-34.9962855,-8.1094506],[-34.9987746,-8.1094912],[-35.0004382,-8.1081487],[-35.0026376,-8.1097044],[-35.0040039,-8.1099632],[-35.0044299,-8.1124936],[-35.0063101,-8.1139616],[-35.0071197,-8.1136471],[-35.0097427,-8.1144628],[-35.0103975,-8.1139591],[-35.0103632,-8.1125858],[-35.0141994,-8.1136627],[-35.015,-8.113464512022631],[-35.0135614,-8.1132395],[-35.0137418,-8.1117954],[-35.0132857,-8.1106461],[-35.0140234,-8.1093753],[-35.015,-8.109048103439951],[-35.0140145,-8.1091965],[-35.0132985,-8.1101604],[-35.0131494,-8.1113704],[-35.01355,-8.1117854],[-35.0133234,-8.1131469],[-35.0104449,-8.1123234],[-35.0098151,-8.114203],[-35.0046724,-8.1124196],[-35.0042423,-8.1099505],[-35.0024941,-8.109514],[-35.000451,-8.1079812],[-34.9985028,-8.1093288],[-34.9962291,-8.1092704],[-34.9954085,-8.1108644],[-34.994853,-8.1108795],[-34.995929,-8.1108802]]],[[[-34.9968628,-8.1050229],[-34.9968174,-8.1041713],[-34.9965963,-8.1041379],[-34.9975487,-8.1028059],[-34.9978991,-8.10113],[-34.999895,-8.0999447],[-35.002803,-8.0971912],[-35.0041799,-8.0946288],[-35.0036649,-8.0936675],[-35.0045017,-8.0926584],[-35.0035361,-8.0927169],[-35.0033269,-8.0912032],[-35.0041149,-8.0903674],[-35.0027423,-8.0904217],[-35.0032411,-8.0918512],[-35.0023613,-8.0929824],[-35.0026135,-8.094342],[-35.0034634,-8.095045],[-35.0033399,-8.0959692],[-34.999874,-8.0999063],[-34.9978736,-8.1011341],[-34.9965399,-8.10409],[-34.9968538,-8.1050283],[-34.9970568,-8.1051642],[-34.9977672,-8.1050708],[-34.9970362,-8.1072416],[-34.996672,-8.1074686],[-34.9963748,-8.108323],[-34.9955474,-8.1080641],[-34.9952079,-8.1081671],[-34.9948585,-8.108429],[-34.9943262,-8.1093171],[-34.9938666,-8.1105748],[-34.9942243,-8.1111583],[-34.993908,-8.1106335],[-34.9944035,-8.1092693],[-34.995341,-8.1081504],[-34.9963931,-8.1084078],[-34.9970859,-8.1071955],[-34.997785,-8.1050946],[-34.9977718,-8.1050536],[-34.9977174,-8.1050133],[-34.9975787,-8.104994],[-34.9970398,-8.1051513],[-34.9968628,-8.1050229]]],[[[-34.9819712,-8.0927328],[-34.9820731,-8.0904862],[-34.9843868,-8.0886944],[-34.986318,-8.0898844],[-34.9873915,-8.0896577],[-34.9870107,-8.0890363],[-34.9875149,-8.0875811],[-34.9865064,-8.0881281],[-34.9849661,-8.0874948],[-34.9840736,-8.0880272],[-34.984325,-8.0886243],[-34.9823628,-8.0896577],[-34.981086,-8.0886433],[-34.9816761,-8.0866145],[-34.980614,-8.0865561],[-34.9800185,-8.0850477],[-34.9797879,-8.0875386],[-34.9784307,-8.0883193],[-34.9783877,-8.0895249],[-34.9774275,-8.0904331],[-34.9781463,-8.0914316],[-34.9800668,-8.0905393],[-34.9819712,-8.0927328]]],[[[-34.9589239,-8.0703477],[-34.9600855,-8.072197],[-34.9603309,-8.0718595],[-34.9592375,-8.0700669],[-34.9602641,-8.0699594],[-34.9612622,-8.0682452],[-34.9622815,-8.0689357],[-34.9627153,-8.0686189],[-34.9611072,-8.0681684],[-34.9604611,-8.0685554],[-34.9601246,-8.0693285],[-34.958273,-8.0701637],[-34.9560417,-8.069338],[-34.9552728,-8.0701344],[-34.9589239,-8.0703477]]],[[[-34.9599716,-8.0672288],[-34.9602394,-8.0675358],[-34.9622581,-8.066664],[-34.9628355,-8.0656334],[-34.9600759,-8.0663548],[-34.9600965,-8.0668836],[-34.9590061,-8.0673141],[-34.9543177,-8.0659516],[-34.9542603,-8.0664614],[-34.9558317,-8.0672312],[-34.9563076,-8.0667803],[-34.958594,-8.0674497],[-34.9599716,-8.0672288]]],[[[-34.9728507,-8.0609343],[-34.9739859,-8.0637268],[-34.975351,-8.0617257],[-34.9742459,-8.0603554],[-34.971567,-8.0596314],[-34.9716612,-8.0605372],[-34.9728507,-8.0609343]]],[[[-34.9644541,-8.0587731],[-34.9643858,-8.0591649],[-34.966043,-8.0598199],[-34.9659724,-8.0590009],[-34.9644541,-8.0587731]]],[[[-34.9513725,-8.0480809],[-34.9536256,-8.0480167],[-34.9539812,-8.0478269],[-34.952668,-8.0473701],[-34.9513725,-8.0480809]]],[[[-35.0111627,-8.0468504],[-35.0108736,-8.0461124],[-35.0097114,-8.0469844],[-35.0097619,-8.0480351],[-35.01026,-8.0468629],[-35.0111627,-8.0468504]]],[[[-35.0029996,-8.0402711],[-35.001764,-8.0404311],[-35.0028139,-8.0412527],[-35.0034701,-8.040607],[-35.0029996,-8.0402711]]],[[[-34.9716396,-8.039281],[-34.969703,-8.0388135],[-34.9688501,-8.0392066],[-34.9702394,-8.0404442],[-34.9716396,-8.039281]]],[[[-34.9749263,-8.0181767],[-34.9751005,-8.0187672],[-34.9755572,-8.0187354],[-34.9761241,-8.0173951],[-34.9749263,-8.0181767]]],[[[-34.9835397,-8.016726],[-34.9828975,-8.0165316],[-34.9831819,-8.0157661],[-34.9816403,-8.015119],[-34.9815647,-8.0134416],[-34.9807707,-8.0124938],[-34.9787693,-8.0124862],[-34.9784398,-8.0129243],[-34.9782023,-8.0139352],[-34.977183,-8.0141379],[-34.9768778,-8.0147194],[-34.9737472,-8.0146355],[-34.9768801,-8.014772],[-34.9772471,-8.0141812],[-34.9778521,-8.0144446],[-34.9783667,-8.0139702],[-34.9788263,-8.0125294],[-34.9806078,-8.012496],[-34.9816109,-8.0151827],[-34.9831255,-8.015775],[-34.982849,-8.0165439],[-34.9835216,-8.0167719],[-34.9834279,-8.0173664],[-34.9835397,-8.016726]]],[[[-34.9823349,-8.0108752],[-34.9825261,-8.0113231],[-34.9848287,-8.0117802],[-34.9853894,-8.0115403],[-34.9823349,-8.0108752]]],[[[-34.9787795,-8.0066509],[-34.977026,-8.0075287],[-34.9761885,-8.0086903],[-34.9756624,-8.0084598],[-34.9754055,-8.0119004],[-34.9736511,-8.0113724],[-34.9754875,-8.0120126],[-34.9757479,-8.0085832],[-34.9763372,-8.0087836],[-34.977101,-8.0075827],[-34.9799506,-8.0061021],[-34.9814238,-8.0065445],[-34.9819618,-8.0052146],[-34.9813772,-8.0064675],[-34.9796102,-8.0055636],[-34.9787795,-8.0066509]]],[[[-34.9512514,-8.0043789],[-34.9510655,-8.0027187],[-34.9492133,-8.0052859],[-34.9484365,-8.0078481],[-34.9490882,-8.0080172],[-34.9498724,-8.0051219],[-34.9512514,-8.0043789]]],[[[-34.9890193,-7.9990229],[-34.9893722,-7.9996435],[-34.989681,-7.9996093],[-34.9896794,-7.9990966],[-34.9897595,-7.9992294],[-34.9900035,-7.9993239],[-34.990243,-7.9991621],[-34.9903998,-7.9993364],[-34.9911097,-7.9991783],[-34.9919979,-7.9998725],[-34.9924642,-7.9995119],[-34.9919919,-7.9998433],[-34.9917068,-7.9994177],[-34.9908473,-7.9990723],[-34.9897906,-7.9990623],[-34.9894223,-7.9991631],[-34.989616,-7.9996034],[-34.9890224,-7.9990062],[-34.9881479,-7.9988966],[-34.9878155,-7.9990677],[-34.9890193,-7.9990229]]],[[[-34.9069904,-8.1455482],[-34.9099158,-8.1522894],[-34.913537389399565,-8.16],[-34.9084517,-8.1484559],[-34.9069904,-8.1455482]]],[[[-34.9367473,-8.1542741],[-34.9374143,-8.1535214],[-34.9363514,-8.1541961],[-34.9344327,-8.1499207],[-34.9340126,-8.149752],[-34.9343891,-8.149958],[-34.934728,-8.1514803],[-34.9355613,-8.1532082],[-34.9362852,-8.1542605],[-34.9367473,-8.1542741]]],[[[-34.939242088560555,-8.114554154973568],[-34.9337939,-8.1210915],[-34.9351106,-8.1211681],[-34.93704,-8.1198404],[-34.939242088560555,-8.114554154973568]]],[[[-34.9335895,-8.1413396],[-34.9325454,-8.1418765],[-34.9273507,-8.1411913],[-34.9213194,-8.1415737],[-34.9155239,-8.1443936],[-34.9143998,-8.1432104],[-34.9117049,-8.1416044],[-34.912025,-8.1393783],[-34.9116244,-8.13922],[-34.9095338,-8.1395283],[-34.9086364,-8.1388058],[-34.9085399,-8.1357205],[-34.9110767,-8.1328115],[-34.9096342,-8.1211696],[-34.9082716,-8.1190348],[-34.9058737,-8.1175637],[-34.9021469,-8.1127667],[-34.900706,-8.1113905],[-34.9015937,-8.1096541],[-34.9019988,-8.1073499],[-34.9038013,-8.1067595],[-34.9049013,-8.1055398],[-34.904211,-8.1027834],[-34.9073092,-8.0978354],[-34.9075672,-8.0958183],[-34.9068937,-8.0977006],[-34.9050816,-8.10117],[-34.9038757,-8.1028129],[-34.9046252,-8.1057125],[-34.9015861,-8.1075286],[-34.9012364,-8.1100675],[-34.9003234,-8.1110534],[-34.9006093,-8.1116889],[-34.9001673,-8.1121597],[-34.90023370522808,-8.113339892977903],[-34.890310177541096,-8.104739502315848],[-34.878342997170286,-8.08479420169783],[-34.877657002829714,-8.085205798302171],[-34.889689822458905,-8.105260497684153],[-34.9004024019352,-8.114544733230277],[-34.901711,-8.127869],[-34.9020936,-8.1301937],[-34.9026708,-8.1320627],[-34.9026,-8.1336476],[-34.9044377,-8.139915],[-34.9067263,-8.1449569],[-34.9026973,-8.1336405],[-34.9027752,-8.1319623],[-34.9020333,-8.1295057],[-34.90049622820292,-8.114626049328967],[-34.90473802778463,-8.118302275633116],[-34.90526197221537,-8.117697724366884],[-34.900326396828845,-8.113420225698565],[-34.9005495,-8.111835],[-34.9019096,-8.1127195],[-34.9028797,-8.1146065],[-34.9056216,-8.117569],[-34.9080463,-8.1190348],[-34.9094419,-8.1211391],[-34.9108948,-8.1328528],[-34.9082341,-8.1358373],[-34.9084491,-8.138843],[-34.9096552,-8.1396523],[-34.9118878,-8.1393466],[-34.9114192,-8.1413818],[-34.9153593,-8.144464],[-34.9158106,-8.1443896],[-34.9215745,-8.1416175],[-34.9273608,-8.1412857],[-34.9320053,-8.1419926],[-34.9325392,-8.1419517],[-34.9335917,-8.1414183],[-34.9367138,-8.1378865],[-34.9372309,-8.1369775],[-34.93837,-8.1374788],[-34.9410995,-8.1377553],[-34.9372038,-8.1369338],[-34.9335895,-8.1413396]]],[[[-34.9338817,-8.1048788],[-34.9374751,-8.1047835],[-34.9379654,-8.1044168],[-34.9402188,-8.100643],[-34.9417018,-8.1001218],[-34.9425054,-8.0996787],[-34.9450479,-8.0965263],[-34.9471874,-8.095795],[-34.9486154,-8.0945693],[-34.9472285,-8.0957307],[-34.9449805,-8.0963917],[-34.9427035,-8.0993879],[-34.9402904,-8.1004531],[-34.9376195,-8.1046365],[-34.9338665,-8.1048427],[-34.9319635,-8.1045809],[-34.9287787,-8.1024293],[-34.924996,-8.101754],[-34.9220891,-8.0977331],[-34.9200909,-8.0963642],[-34.9198421,-8.0950696],[-34.9200748,-8.0966709],[-34.9217069,-8.0975936],[-34.9236087,-8.1005658],[-34.9227262,-8.1013976],[-34.9223654,-8.1019552],[-34.9222997,-8.104142],[-34.9182749,-8.1042404],[-34.9172089,-8.10359],[-34.9174764,-8.1041928],[-34.9162114,-8.1055395],[-34.9159553,-8.106834],[-34.9162582,-8.1152889],[-34.9162711,-8.1056292],[-34.9176695,-8.1043341],[-34.924561,-8.1043649],[-34.9245805,-8.1038979],[-34.9238809,-8.1037577],[-34.9235847,-8.1042149],[-34.9224667,-8.1039634],[-34.922432,-8.1020667],[-34.9237588,-8.1006151],[-34.9254405,-8.1023162],[-34.9286408,-8.102698],[-34.9293185,-8.1062238],[-34.9289241,-8.1068613],[-34.9276946,-8.1069621],[-34.9288897,-8.1069352],[-34.929834,-8.1060303],[-34.9320217,-8.1071885],[-34.9331691,-8.107336],[-34.9338331,-8.1070271],[-34.9349413,-8.1072921],[-34.9358075,-8.1069317],[-34.9371118,-8.1076535],[-34.9375578,-8.1087747],[-34.9365273,-8.111023],[-34.9376185,-8.1088013],[-34.9376061,-8.1083731],[-34.9373185,-8.1078148],[-34.937013,-8.1075145],[-34.9357603,-8.106845],[-34.9349144,-8.1071998],[-34.9337996,-8.1069735],[-34.9330427,-8.1072364],[-34.9302654,-8.1060232],[-34.9298238,-8.1059744],[-34.9293329,-8.106167],[-34.9287082,-8.1027191],[-34.9321622,-8.1046988],[-34.9338817,-8.1048788]]],[[[-34.9135177,-8.0931778],[-34.9136893,-8.0952702],[-34.9143802,-8.096124],[-34.9163989,-8.0954683],[-34.9163683,-8.093989],[-34.9190101,-8.0928632],[-34.9164287,-8.0938976],[-34.9156267,-8.0928322],[-34.9141851,-8.0925487],[-34.9135177,-8.0931778]]],[[[-34.9154644,-8.087095],[-34.9146104,-8.0867365],[-34.9144656,-8.0880164],[-34.9155396,-8.0880085],[-34.9154644,-8.087095]]],[[[-34.915163,-8.0858442],[-34.9146811,-8.0867233],[-34.915348,-8.0869834],[-34.9155421,-8.0859851],[-34.915163,-8.0858442]]],[[[-34.9138229,-8.0871003],[-34.9148797,-8.0861018],[-34.913839,-8.085576],[-34.9132425,-8.0866462],[-34.9138229,-8.0871003]]],[[[-34.9128241,-8.0853025],[-34.9125505,-8.0858708],[-34.9133883,-8.0863356],[-34.9137772,-8.0855761],[-34.9128241,-8.0853025]]],[[[-34.9156548,-8.0865427],[-34.9161,-8.0864578],[-34.9158496,-8.084851],[-34.9153651,-8.0850822],[-34.9156548,-8.0865427]]],[[[-34.9383737,-8.0864031],[-34.9397189,-8.0860038],[-34.9404811,-8.0854405],[-34.9422707,-8.081796],[-34.9429331,-8.0800651],[-34.9407687,-8.0848536],[-34.9401762,-8.0856595],[-34.9383737,-8.0864031]]],[[[-34.9283279,-8.081395],[-34.9265044,-8.083047],[-34.9284527,-8.0814268],[-34.9299527,-8.0788695],[-34.9314407,-8.0782694],[-34.9300211,-8.0787029],[-34.9292178,-8.0794199],[-34.9283279,-8.081395]]],[[[-34.9414517,-8.0770028],[-34.9416883,-8.07778],[-34.9427163,-8.0789508],[-34.9428184,-8.0798538],[-34.9428349,-8.0793063],[-34.9436702,-8.0796066],[-34.9428255,-8.0792045],[-34.9427826,-8.0789303],[-34.9417361,-8.0777708],[-34.9415499,-8.0769965],[-34.9386723,-8.0762689],[-34.9358981,-8.0766357],[-34.9349029,-8.077792],[-34.934385,-8.0777184],[-34.934931,-8.0778773],[-34.9359555,-8.07669],[-34.9370496,-8.0767352],[-34.9388154,-8.0763644],[-34.9407804,-8.0771787],[-34.9414517,-8.0770028]]],[[[-34.9488622,-8.0770798],[-34.9478499,-8.0772559],[-34.9476278,-8.0775363],[-34.9490791,-8.0771593],[-34.9507416,-8.077501],[-34.9516908,-8.0770648],[-34.9514809,-8.0763268],[-34.9510755,-8.0758351],[-34.9514289,-8.0771744],[-34.9506614,-8.0774178],[-34.9476005,-8.0763245],[-34.9488622,-8.0770798]]],[[[-34.9492857,-8.0663961],[-34.9468761,-8.0651502],[-34.9462912,-8.0638536],[-34.9474129,-8.0676378],[-34.9479429,-8.0677106],[-34.9492857,-8.0663961]]],[[[-34.950098,-8.0532499],[-34.9508258,-8.053298],[-34.9521126,-8.0528722],[-34.9532973,-8.0520671],[-34.9507416,-8.0532184],[-34.9500537,-8.0529943],[-34.9500745,-8.0498228],[-34.9498507,-8.0490054],[-34.9494013,-8.0485603],[-34.9485513,-8.0482568],[-34.946816,-8.048199],[-34.945824,-8.0493881],[-34.9467912,-8.0482659],[-34.9485343,-8.0483301],[-34.9497946,-8.0490472],[-34.9500197,-8.0498724],[-34.949875,-8.0514367],[-34.9499473,-8.0531014],[-34.950098,-8.0532499]]],[[[-34.9422695,-8.0487605],[-34.9439642,-8.0495854],[-34.9449398,-8.0496465],[-34.9422394,-8.0486696],[-34.9410227,-8.0472361],[-34.9405267,-8.0469764],[-34.9422695,-8.0487605]]],[[[-35.0025433,-8.035115],[-35.0039403,-8.0360763],[-35.0079882,-8.0370803],[-35.0084925,-8.0382356],[-35.0090584,-8.0378558],[-35.0107697,-8.0381533],[-35.0124621,-8.0364695],[-35.015,-8.026142266666662],[-35.015,-8.023309512717532],[-35.0122744,-8.0354071],[-35.0108394,-8.0372636],[-35.0014678,-8.034212],[-34.9965942,-8.0349742],[-34.9960175,-8.0368798],[-34.99414,-8.0384587],[-34.9931636,-8.0409658],[-34.9927291,-8.0431569],[-34.9945423,-8.0466068],[-34.9928284,-8.0493874],[-34.9931368,-8.0512279],[-34.9914068,-8.0523672],[-34.9909508,-8.0554824],[-34.989571594295555,-8.057688352949347],[-34.9646319091163,-8.049434306825587],[-34.9612212,-8.0430321],[-34.9614224,-8.0421052],[-34.9596977,-8.0385145],[-34.9594912,-8.0367244],[-34.9559185,-8.0292694],[-34.9548697,-8.0285682],[-34.947153,-8.0271499],[-34.9428165,-8.0272858],[-34.940215,-8.0259242],[-34.9378431,-8.0237561],[-34.938426,-8.0227791],[-34.9396379,-8.022934],[-34.9401615,-8.0227748],[-34.9406933,-8.0232953],[-34.9414786,-8.0234545],[-34.9436161,-8.0233259],[-34.9449565,-8.0225219],[-34.9459824,-8.0213325],[-34.9479596,-8.0205762],[-34.949286,-8.0208929],[-34.9511291,-8.0206958],[-34.9522847,-8.0220262],[-34.9531168,-8.0225409],[-34.9542786,-8.0229639],[-34.962048,-8.0208819],[-34.9625752,-8.0207034],[-34.9600811,-8.021347],[-34.9605853,-8.0208727],[-34.9620835,-8.0175534],[-34.9669569,-8.0160084],[-34.9674274,-8.015718],[-34.9686363,-8.0158208],[-34.9700078,-8.0148493],[-34.9705781,-8.0134345],[-34.9705926,-8.012895],[-34.9728695,-8.0140294],[-34.9719044,-8.0133497],[-34.9724662,-8.0126442],[-34.9716254,-8.0133125],[-34.9705047,-8.0128428],[-34.9699571,-8.0147777],[-34.9685228,-8.0158076],[-34.9675038,-8.0156369],[-34.9621072,-8.0174657],[-34.9597962,-8.0214446],[-34.9547561,-8.0227761],[-34.9531449,-8.022469],[-34.9523383,-8.0219728],[-34.9514459,-8.0207721],[-34.9509157,-8.0205153],[-34.9478684,-8.0205459],[-34.9459558,-8.0213004],[-34.9437361,-8.023166],[-34.9416465,-8.0233648],[-34.9402247,-8.022728],[-34.9385466,-8.0226378],[-34.9379871,-8.0218804],[-34.9341153,-8.0222691],[-34.9336816,-8.0213601],[-34.9339457,-8.0222875],[-34.93283,-8.0231182],[-34.9330875,-8.024741],[-34.9317196,-8.0257078],[-34.9308184,-8.0278352],[-34.9267012,-8.0330195],[-34.9259341,-8.0383604],[-34.925215759884125,-8.039272932724943],[-34.91801164035735,-8.037591971502028],[-34.910871756039704,-8.038833690513792],[-34.9087518,-8.0371388],[-34.9075475,-8.0369316],[-34.9060187,-8.0374978],[-34.90467695944022,-8.039911046444137],[-34.895409498032876,-8.041522778862808],[-34.900756736740135,-8.026454569192348],[-34.9035957,-8.0264895],[-34.9049261,-8.0261153],[-34.9067101,-8.0263565],[-34.9050414,-8.0260561],[-34.900784878258165,-8.026379525144286],[-34.90836765801201,-8.008157567719431],[-34.90763234198799,-8.007842432280567],[-34.89993780482904,-8.026359986623195],[-34.8987836,-8.0264099],[-34.8951074,-8.0280502],[-34.8899488,-8.0276679],[-34.8951724,-8.0281291],[-34.89991274901716,-8.026426802121527],[-34.89447625790837,-8.041877075342835],[-34.89002017761297,-8.044976957287462],[-34.8734267,-8.0371057],[-34.8713789,-8.0361914],[-34.8708406,-8.0361025],[-34.8693116,-8.036536],[-34.8665661,-8.0387323],[-34.8679455,-8.0423211],[-34.8654139,-8.0434456],[-34.866077,-8.0449898],[-34.8687427,-8.0439749],[-34.8704754,-8.0478683],[-34.8730929,-8.0516323],[-34.873904448708856,-8.056187899133803],[-34.87177157420472,-8.057671637919286],[-34.87222842579528,-8.058328362080713],[-34.87385705097218,-8.057195405435913],[-34.8735865,-8.0591209],[-34.8741636,-8.062181],[-34.8763452,-8.061546],[-34.87651,-8.0595269],[-34.8773909,-8.0591811],[-34.8782034,-8.0594593],[-34.8802548,-8.0618525],[-34.8819015,-8.0645719],[-34.884415,-8.0654591],[-34.8848479,-8.0648727],[-34.8823955,-8.0638626],[-34.8798493,-8.0595295],[-34.87627041456852,-8.055516543803673],[-34.89048067366541,-8.045631146171061],[-34.89262001577828,-8.048373922798172],[-34.891615390420945,-8.051890111548841],[-34.89238460957906,-8.052109888451158],[-34.89323005960488,-8.049150813360784],[-34.8977692,-8.0554922],[-34.8972668,-8.0647004],[-34.8979555,-8.0670446],[-34.8973816,-8.0646435],[-34.8979294,-8.0556146],[-34.89327456854097,-8.04899503208449],[-34.89516536485578,-8.042377244982646],[-34.9046373,-8.040729951914086],[-34.9045274,-8.0427585],[-34.9029475,-8.0461155],[-34.9040714,-8.0506436],[-34.9034196,-8.0550336],[-34.9007602,-8.0582324],[-34.9002425,-8.0596253],[-34.9005362,-8.0644667],[-34.8999408,-8.0664929],[-34.9007025,-8.066793],[-34.9012551,-8.0641055],[-34.9010217,-8.0590304],[-34.9034196,-8.0565181],[-34.9046186,-8.0523114],[-34.9037066,-8.0464209],[-34.9048063,-8.0432738],[-34.90497235077972,-8.040671682213263],[-34.911082792184246,-8.039608996751609],[-34.9135691,-8.0428913],[-34.9152052,-8.0435818],[-34.9182388,-8.0434968],[-34.9219644,-8.0411464],[-34.92488710665928,-8.040017736135185],[-34.94789847853748,-8.045387056240099],[-34.9678195,-8.0513288],[-34.9729103,-8.0546299],[-34.9765259,-8.0558834],[-34.9785107,-8.0586002],[-34.9817321,-8.0587596],[-34.9846154,-8.0603238],[-34.98873943014067,-8.058245916419779],[-34.99486859175002,-8.060377798718683],[-34.995131408249975,-8.059622201281318],[-34.990088332126795,-8.057868087847169],[-34.9916187,-8.0554133],[-34.9919567,-8.0523645],[-34.993507,-8.0513341],[-34.9941319,-8.0492334],[-34.9936974,-8.0487128],[-34.9952075,-8.0463067],[-34.9943304,-8.0440493],[-34.9935311,-8.0433986],[-34.9934721,-8.0419936],[-34.995465,-8.0379302],[-34.9984986,-8.036002],[-35.0025433,-8.035115]],[[-34.9590513,-8.0367165],[-34.9609154,-8.043372],[-34.9624282,-8.0453347],[-34.9622485,-8.0458658],[-34.9638818761956,-8.049215547223717],[-34.94810152146252,-8.044612943759901],[-34.9261308,-8.0391825],[-34.9268836,-8.0340579],[-34.9311993,-8.0278591],[-34.9326745,-8.0270357],[-34.938755,-8.0277688],[-34.9470887,-8.0277236],[-34.9551487,-8.02911],[-34.9590513,-8.0367165]],[[-34.92586651217077,-8.03942477492516],[-34.9259901,-8.0393269],[-34.927457933743206,-8.039796106625396],[-34.92586651217077,-8.03942477492516]],[[-34.90511806394946,-8.039834332616445],[-34.906024,-8.0385118],[-34.9077407,-8.0375132],[-34.910411261892115,-8.038913776452503],[-34.90511806394946,-8.039834332616445]],[[-34.88992105127611,-8.04504591473919],[-34.875942235975465,-8.054770307991811],[-34.8734631,-8.0507855],[-34.8732984,-8.0487317],[-34.8727821,-8.0484016],[-34.8741133,-8.0470673],[-34.8695028,-8.0396289],[-34.8692104,-8.0368258],[-34.8699356,-8.0363966],[-34.8715009,-8.0363574],[-34.88992105127611,-8.04504591473919]],[[-34.89266686400405,-8.048209954007982],[-34.89058000087369,-8.04556204898269],[-34.89412874967331,-8.043093354165567],[-34.89266686400405,-8.048209954007982]],[[-34.91798835964265,-8.038408028497972],[-34.92400792642573,-8.039812594080692],[-34.9225304,-8.0401585],[-34.9181664,-8.0427506],[-34.915857,-8.0430905],[-34.9137072,-8.0423163],[-34.91156037661512,-8.039525938589717],[-34.91798835964265,-8.038408028497972]],[[-34.9767163,-8.0555143],[-34.9737954,-8.0544945],[-34.968630732154516,-8.051433963545067],[-34.98790691172013,-8.057956344795244],[-34.9846798,-8.0598059],[-34.9820888,-8.0583346],[-34.9787039,-8.0581806],[-34.9767163,-8.0555143]],[[-34.9334148,-8.0229615],[-34.9380228,-8.0220319],[-34.9376982,-8.0244196],[-34.9415097,-8.0270437],[-34.9388087,-8.0272933],[-34.9329025,-8.0264541],[-34.9316257,-8.0269029],[-34.9332565,-8.0248552],[-34.9334148,-8.0229615]]],[[[-34.9488428,-8.0313191],[-34.9464972,-8.0317018],[-34.9464812,-8.0322812],[-34.9488428,-8.0313191]]],[[[-34.9444862,-8.0251999],[-34.9453767,-8.0260593],[-34.9462445,-8.0259995],[-34.9456937,-8.0241164],[-34.9444862,-8.0251999]]],[[[-34.9334972,-8.0191763],[-34.9322172,-8.0194349],[-34.93048,-8.0187951],[-34.9315828,-8.0214901],[-34.9339678,-8.020893],[-34.9338845,-8.0204576],[-34.9359275,-8.018997],[-34.936949,-8.0162039],[-34.9354962,-8.0166468],[-34.9351368,-8.0177321],[-34.9334273,-8.0186624],[-34.9334972,-8.0191763]]],[[[-34.9461646,-8.0158925],[-34.947006,-8.0152247],[-34.9466301,-8.0144923],[-34.9472171,-8.0126069],[-34.9485679,-8.0117545],[-34.9483377,-8.0098629],[-34.9479727,-8.0105392],[-34.9473029,-8.0104588],[-34.9457688,-8.0128504],[-34.9461646,-8.0158925]]],[[[-34.9454254,-8.0102253],[-34.9465578,-8.0112439],[-34.9470537,-8.0104978],[-34.9455402,-8.0094877],[-34.9454254,-8.0102253]]],[[[-34.9409874,-7.9650558],[-34.9405212,-7.9645186],[-34.9380716,-7.9639477],[-34.937385,-7.9648544],[-34.9409874,-7.9650558]]],[[[-34.9317004,-7.9544862],[-34.9334626,-7.953506],[-34.9332936,-7.9523372],[-34.9322046,-7.9527011],[-34.9323669,-7.9534808],[-34.9317004,-7.9544862]]],[[[-34.9112588,-7.942121],[-34.91201,-7.9413605],[-34.9114341,-7.9405793],[-34.9106287,-7.9412778],[-34.9112588,-7.942121]]],[[[-34.9046789,-8.0965089],[-34.9048331,-8.0954613],[-34.9053521,-8.0955025],[-34.90486,-8.0950842],[-34.9043289,-8.0953046],[-34.9044442,-8.0958171],[-34.9046789,-8.0965089]]],[[[-34.9061099,-8.0959964],[-34.9072391,-8.0954533],[-34.9072042,-8.0950032],[-34.9067026,-8.0952794],[-34.9055976,-8.0954825],[-34.9061099,-8.0959964]]],[[[-34.9031715,-8.0945359],[-34.9022408,-8.0952064],[-34.9027008,-8.096015],[-34.9031715,-8.0945359]]],[[[-34.9033068,-8.0937703],[-34.9031347,-8.0951201],[-34.9048305,-8.0950252],[-34.9033068,-8.0937703]]],[[[-34.9048935,-8.094435],[-34.9055171,-8.0954281],[-34.9067,-8.0952329],[-34.9067523,-8.0948426],[-34.9070352,-8.0944496],[-34.9070862,-8.0938574],[-34.906299,-8.0928363],[-34.9048935,-8.094435]]],[[[-34.90487,-8.0943797],[-34.9059181,-8.0931424],[-34.9049217,-8.0919855],[-34.9030032,-8.0926897],[-34.9048493,-8.0948468],[-34.90487,-8.0943797]]],[[[-34.9034686,-8.0914331],[-34.902934,-8.0916635],[-34.9026648,-8.0915778],[-34.9023109,-8.0917949],[-34.902934,-8.0926554],[-34.9039552,-8.0921623],[-34.9034686,-8.0914331]]],[[[-34.9048715,-8.0919173],[-34.905244,-8.0920275],[-34.9041402,-8.0908897],[-34.9036247,-8.0912787],[-34.9041675,-8.0920432],[-34.9048715,-8.0919173]]],[[[-34.9029978,-8.0907031],[-34.903234,-8.091236],[-34.9035338,-8.0910898],[-34.9037155,-8.0899791],[-34.9025254,-8.0907121],[-34.9029978,-8.0907031]]],[[[-34.9026819,-8.0875858],[-34.9028657,-8.0883263],[-34.9030089,-8.0882369],[-34.9033632,-8.0882157],[-34.9034097,-8.0882653],[-34.9035418,-8.0886428],[-34.9031688,-8.0888335],[-34.9034478,-8.0887724],[-34.9035872,-8.0888468],[-34.9041505,-8.0898983],[-34.903657,-8.091011],[-34.9028443,-8.0916297],[-34.9040667,-8.0908766],[-34.9043225,-8.0900037],[-34.9037083,-8.0881422],[-34.9026819,-8.0875858]]],[[[-34.9025161,-8.0889372],[-34.9028702,-8.0902256],[-34.9036549,-8.0899161],[-34.903017,-8.0887284],[-34.9021461,-8.0889277],[-34.9025161,-8.0889372]]],[[[-34.902567,-8.0878084],[-34.9015461,-8.0883764],[-34.9020842,-8.0888683],[-34.9027521,-8.0885603],[-34.902567,-8.0878084]]],[[[-34.8974005,-8.0868812],[-34.8975651,-8.0883338],[-34.8985189,-8.0881346],[-34.8984519,-8.086681],[-34.8974005,-8.0868812]]],[[[-34.8991895,-8.0868759],[-34.8984787,-8.0866874],[-34.8988032,-8.0877469],[-34.8995033,-8.0878478],[-34.8991895,-8.0868759]]],[[[-34.8983468,-8.0866276],[-34.8993116,-8.0867999],[-34.8993709,-8.0860913],[-34.898149,-8.0852848],[-34.8973305,-8.0854179],[-34.8973463,-8.0868469],[-34.8983468,-8.0866276]]],[[[-34.8986085,-8.0850292],[-34.8982357,-8.0841648],[-34.8976268,-8.0843946],[-34.8974364,-8.0853267],[-34.8986085,-8.0850292]]],[[[-34.867628609323646,-8.070148556270542],[-34.877628609323644,-8.095148556270543],[-34.87837139067636,-8.094851443729459],[-34.86837139067636,-8.069851443729458],[-34.867628609323646,-8.070148556270542]]],[[[-34.9057353,-8.0714812],[-34.906084,-8.0704508],[-34.9043244,-8.0705252],[-34.9055958,-8.0715662],[-34.9057353,-8.0714812]]],[[[-34.8675439,-8.033001],[-34.8678658,-8.0339571],[-34.8698452,-8.0352744],[-34.8692283,-8.0342545],[-34.8675439,-8.033001]]],[[[-34.855,-8.022454222643285],[-34.8584395,-8.0263999],[-34.8595843,-8.0273889],[-34.855,-8.022454222643285]]],[[[-34.8609372,-8.0222551],[-34.8606583,-8.0200987],[-34.8599984,-8.0194772],[-34.8587635,-8.0198698],[-34.8599448,-8.021607],[-34.8609372,-8.0222551]]],[[[-34.8606089,-8.0261951],[-34.866969,-8.0223628],[-34.874378,-8.0200891],[-34.8880271,-8.0275047],[-34.8897609,-8.0277742],[-34.8747093,-8.0200479],[-34.8779172,-8.0190838],[-34.8787252,-8.0186124],[-34.8791309,-8.0181157],[-34.8794045,-8.0171131],[-34.8798873,-8.0116516],[-34.8821524,-8.0093063],[-34.8798671,-8.01155],[-34.8792784,-8.0175274],[-34.8785515,-8.0186701],[-34.8662093,-8.0224091],[-34.8629612,-8.0241686],[-34.8606089,-8.0261951]]],[[[-34.8679085,-8.001547],[-34.8688419,-8.001308],[-34.8691638,-8.0030132],[-34.8688902,-8.0024129],[-34.8680767,-8.0033067],[-34.8686595,-8.0039694],[-34.8696358,-8.0035922],[-34.8697538,-8.0009043],[-34.8684396,-8.0002668],[-34.8651324,-8.0027775],[-34.8645257,-8.0047693],[-34.8638159,-8.0048896],[-34.8617391,-8.0084587],[-34.8606082,-8.0086814],[-34.85806,-8.01412],[-34.8582269,-8.0188281],[-34.855,-8.019722129638039],[-34.8584515,-8.0191699],[-34.8581709,-8.0143388],[-34.8639788,-8.0048906],[-34.864681,-8.0049448],[-34.8654988,-8.0025424],[-34.8663235,-8.0024613],[-34.8664225,-8.0033585],[-34.8679085,-8.001547]]],[[[-34.8679555,-8.0046712],[-34.8668129,-8.0055209],[-34.8680682,-8.0079485],[-34.8689158,-8.0072579],[-34.8677946,-8.0053934],[-34.8679555,-8.0046712]]],[[[-34.8908271,-8.0034723],[-34.8940457,-8.003278],[-34.8908895,-8.0033648],[-34.8890694,-8.004229],[-34.8899777,-8.0041423],[-34.8908271,-8.0034723]]],[[[-34.8703221,-7.9681064],[-34.872789,-7.9677069],[-34.872835,-7.9671566],[-34.8733482,-7.9671005],[-34.874533,-7.966006],[-34.8728916,-7.9669954],[-34.8725341,-7.9677314],[-34.8719431,-7.9675772],[-34.8703221,-7.9681064]]]]}},{"type":"Feature","properties":{"classe_uso":"Vegetação / Floresta","fonte":"osm"},"geometry":{"type":"MultiPolygon","coordinates":[[[[-35.002793533581794,-8.16],[-35.0015232,-8.1594411],[-35.0010512,-8.1571472],[-34.9979398,-8.1534088],[-34.99809,-8.1561276],[-34.993786425344645,-8.16],[-35.002793533581794,-8.16]]],[[[-34.9924932,-8.1346504],[-34.9904854,-8.1335508],[-34.9892257,-8.1318833],[-34.9860791,-8.1323283],[-34.9827782,-8.1307303],[-34.9824438,-8.1304951],[-34.9870407,-8.1245592],[-34.993224,-8.1235877],[-34.9884342,-8.1191639],[-34.98291004569797,-8.11258483060747],[-34.9817461,-8.11361],[-34.97864728287691,-8.113058602673986],[-34.9788624,-8.115205],[-34.9781269,-8.1161088],[-34.9742421,-8.1139216],[-34.9736208919688,-8.1142066585662],[-34.97333177644811,-8.115005690946402],[-34.974799,-8.1161392],[-34.9742949,-8.116433],[-34.9728842,-8.116437],[-34.9734249,-8.1179785],[-34.9721809,-8.1192584],[-34.9730102,-8.11985],[-34.9726077,-8.1220032],[-34.973742,-8.1217537],[-34.9748763,-8.1223735],[-34.9733599,-8.1218664],[-34.9726484,-8.1222085],[-34.9721118,-8.1258146],[-34.9724248,-8.128008],[-34.9719939,-8.1277665],[-34.9719044,-8.1282093],[-34.9736851,-8.1299117],[-34.9755064,-8.130129],[-34.9813317,-8.1330162],[-34.980767,-8.1331797],[-34.9811657,-8.1338995],[-34.9807065,-8.1339673],[-34.980168,-8.1358554],[-34.9805176,-8.1381937],[-34.9776551,-8.1413982],[-34.9770013,-8.1438807],[-34.9768379,-8.1449995],[-34.9780958,-8.1456841],[-34.978169,-8.14633],[-34.97459,-8.1457515],[-34.974638,-8.1469641],[-34.9738656,-8.1485094],[-34.9719826,-8.1503998],[-34.9728839,-8.1510955],[-34.9729697,-8.1516477],[-34.972326,-8.1533736],[-34.9716232,-8.1541754],[-34.973651,-8.1559993],[-34.974743,-8.1563066],[-34.974729,-8.1572751],[-34.974779,-8.1563162],[-34.9745187,-8.1560334],[-34.977809,-8.1566528],[-34.9780035,-8.1534961],[-34.9754512,-8.1510071],[-34.975136,-8.1513465],[-34.9731114,-8.1503897],[-34.9753361,-8.1459249],[-34.9781527,-8.1465705],[-34.978367,-8.1458032],[-34.9777853,-8.1454352],[-34.9785053,-8.1442501],[-34.9792778,-8.1443563],[-34.979546,-8.1417436],[-34.9811017,-8.1421047],[-34.9818742,-8.1440908],[-34.9832965,-8.143697],[-34.9836781,-8.145351],[-34.9814289,-8.1451275],[-34.9790387,-8.1465583],[-34.9821717,-8.1485734],[-34.9812493,-8.150613],[-34.978162,-8.1535324],[-34.9781882,-8.1589216],[-34.98438160233801,-8.16],[-34.993501054063984,-8.16],[-34.9975021,-8.155993],[-34.997333,-8.1522996],[-35.0000288,-8.1446863],[-35.0044094,-8.1364173],[-35.0039436,-8.1326903],[-35.0031861,-8.1320661],[-35.003308,-8.1343586],[-34.9968708,-8.1355836],[-34.9924932,-8.1346504]],[[-34.9774394,-8.1449315],[-34.9770194,-8.1444869],[-34.978434,-8.1408775],[-34.9791085,-8.1403423],[-34.9793681,-8.1417533],[-34.9786328,-8.1437481],[-34.9780246,-8.1438691],[-34.9781567,-8.1447524],[-34.9774394,-8.1449315]],[[-34.992096,-8.1234282],[-34.9924131,-8.1236397],[-34.9920788,-8.123725],[-34.992096,-8.1234282]],[[-34.9894774,-8.1509808],[-34.9902805,-8.1527493],[-34.9920296,-8.1532652],[-34.9917308,-8.1540511],[-34.9894708,-8.1535049],[-34.9877592,-8.1521122],[-34.988284,-8.1506531],[-34.9894774,-8.1509808]],[[-34.9891224,-8.1237594],[-34.9891009,-8.1240919],[-34.9889345,-8.1239455],[-34.9891224,-8.1237594]],[[-34.9854067,-8.1210894],[-34.9858214,-8.1204011],[-34.9861588,-8.1204052],[-34.9854067,-8.1210894]],[[-34.9812646,-8.1193306],[-34.9816314,-8.1192227],[-34.981683,-8.1193536],[-34.9812646,-8.1193306]],[[-34.9829314,-8.1129228],[-34.9832673,-8.1132004],[-34.9833197,-8.1137921],[-34.9824662,-8.1136823],[-34.9829314,-8.1129228]]],[[[-35.0064599,-8.1371339],[-35.0055307,-8.1389646],[-35.0062592,-8.1392975],[-35.0085568,-8.1392975],[-35.0102941,-8.1326034],[-35.0096403,-8.1312904],[-35.010126,-8.1296261],[-35.0074142,-8.1289561],[-35.0065581,-8.1304282],[-35.0047528,-8.1313845],[-35.0042485,-8.1323147],[-35.0045243,-8.1365376],[-35.0064599,-8.1371339]]],[[[-35.0111416,-8.1289943],[-35.0129063,-8.1299087],[-35.0149641,-8.1256318],[-35.015,-8.121073796417296],[-35.0132081,-8.1213415],[-35.0118535,-8.1206764],[-35.0114896,-8.1196217],[-35.010238,-8.1193073],[-35.0080898,-8.1195107],[-35.0067262,-8.1210271],[-35.0069503,-8.1220442],[-35.0080711,-8.1223586],[-35.0067262,-8.1255578],[-35.0066611,-8.1286867],[-35.0095728,-8.1293294],[-35.0111416,-8.1289943]]],[[[-34.9987113,-8.1140783],[-34.9976572,-8.1141129],[-34.9973519,-8.1124946],[-34.9970723,-8.1141308],[-34.9961056,-8.1141586],[-34.9960636,-8.1124202],[-34.9975977,-8.1123994],[-34.9976225,-8.1118066],[-34.9960999,-8.1113873],[-34.9950104,-8.11275],[-34.9944868,-8.1148063],[-34.9955802,-8.1159106],[-34.9978279,-8.1157699],[-35.0009929,-8.1169329],[-35.0015669,-8.1165346],[-35.0025486,-8.1168904],[-35.00259309154757,-8.114071236018681],[-35.0016464,-8.1141674],[-35.0028903,-8.1128082],[-35.0033886,-8.1128153],[-35.002807247976264,-8.113735999533258],[-35.0033331,-8.1130211],[-35.0046742,-8.112968],[-35.00401176795756,-8.11000993492912],[-35.0020282,-8.1094068],[-35.00041867108865,-8.108164459535631],[-34.9987746,-8.1094912],[-34.996255971477545,-8.109520569507897],[-34.9961129755104,-8.109859406558334],[-34.9977516,-8.1106557],[-34.9996251,-8.1097754],[-35.0024387,-8.1101365],[-35.0024092,-8.1111642],[-35.0009213,-8.1111589],[-35.0003117,-8.1124241],[-35.000973,-8.1125379],[-35.0009943,-8.1143068],[-34.9998366,-8.1143133],[-34.9999151,-8.1128405],[-34.9995147,-8.1126593],[-34.9987538,-8.1126873],[-34.9987113,-8.1140783]],[[-35.0011358,-8.1145616],[-35.0015683,-8.1143084],[-35.0011595,-8.1150891],[-35.0011358,-8.1145616]]],[[[-34.9919905,-8.1103981],[-34.9911992,-8.1090505],[-34.9872376,-8.1087943],[-34.9864427958759,-8.112734239942693],[-34.9908947,-8.1127061],[-34.9917504457474,-8.11327309670647],[-34.9923552,-8.1113647],[-34.9908653,-8.1117015],[-34.9910249,-8.1105787],[-34.9919905,-8.1103981]]],[[[-34.990994,-8.1074087],[-34.989213,-8.1038929],[-34.9883869,-8.1048011],[-34.9863967,-8.1050985],[-34.9860587,-8.1047108],[-34.9848034,-8.107329],[-34.9856832,-8.1082],[-34.9910476,-8.10837],[-34.9939273,-8.1073244],[-34.990994,-8.1074087]]],[[[-34.9937284,-8.1024313],[-34.9927607,-8.1048206],[-34.9934921,-8.1064601],[-34.9938279,-8.1058671],[-34.9941148,-8.1063879],[-34.9932716,-8.1067528],[-34.9940621,-8.1068407],[-34.9944784,-8.1049863],[-34.995588,-8.1057407],[-34.9965452,-8.1035986],[-34.9954454,-8.1018658],[-34.9925508,-8.1000303],[-34.9923409,-8.1021542],[-34.9937284,-8.1024313]]],[[[-34.9888398,-8.084976],[-34.9875357,-8.0874563],[-34.9855554,-8.087051],[-34.9837258,-8.0881895],[-34.98425881967764,-8.088654081145062],[-34.9840736,-8.0880272],[-34.9849661,-8.0874948],[-34.9865064,-8.0881281],[-34.9875149,-8.0875811],[-34.9870107,-8.0890363],[-34.9873915,-8.0896577],[-34.986318,-8.0898844],[-34.984347295530405,-8.088731196896534],[-34.9875362,-8.0917673],[-34.9885984,-8.0944376],[-34.9899942,-8.094247],[-34.9924774,-8.096092],[-34.9946275,-8.0940574],[-34.9954859,-8.0948437],[-34.9967795,-8.0931338],[-34.9977324,-8.0929861],[-34.9973945,-8.0935878],[-35.0012281,-8.0967545],[-35.0002377,-8.0980532],[-34.9979785,-8.0988841],[-34.997843,-8.1011272],[-34.9972642,-8.1023025],[-34.9972313,-8.1030606],[-34.99699319225245,-8.1031788882252],[-34.997237624309236,-8.103062365661721],[-34.997394,-8.102204],[-34.9978934,-8.1011028],[-35.002750452381925,-8.097085837687338],[-35.0034634,-8.095045],[-35.0030051,-8.0950643],[-35.0023184,-8.0936728],[-35.0032411,-8.0918512],[-35.0027423,-8.0904217],[-35.0041149,-8.0903674],[-35.0033269,-8.0912032],[-35.0035361,-8.0927169],[-35.0045017,-8.0926584],[-35.0036649,-8.0936675],[-35.0041799,-8.0946288],[-35.002803,-8.0971912],[-34.9978991,-8.10113],[-34.9968215,-8.1045793],[-34.9971943,-8.1050175],[-34.9972734,-8.1049966],[-35.0014161,-8.1041024],[-35.0055805,-8.1049691],[-35.0065983,-8.1065572],[-35.0098054,-8.1089083],[-35.0106682,-8.1083625],[-35.0104088,-8.1077046],[-35.0111503,-8.1080014],[-35.0105997,-8.1057468],[-35.0118845,-8.1054391],[-35.0127423,-8.1020587],[-35.015,-8.097364470661434],[-35.015,-8.090567804939917],[-35.0147026,-8.0909605],[-35.0128578,-8.0903695],[-35.0128996,-8.0912397],[-35.0123937,-8.0912953],[-35.0092163,-8.0896083],[-35.008957,-8.0888485],[-35.0049588,-8.0879265],[-35.0048381,-8.089564],[-35.0038692,-8.0899203],[-35.0043486,-8.0877378],[-34.996674,-8.0853645],[-34.9921437,-8.0830491],[-34.9928046,-8.0884165],[-34.9900629,-8.0883953],[-34.9892839,-8.0851582],[-34.9888398,-8.084976]]],[[[-34.9866318,-8.0915123],[-34.98409058117859,-8.088923800909456],[-34.982071690937495,-8.090517265748993],[-34.9820892,-8.0927275],[-34.9799961959674,-8.090525860049718],[-34.9781463,-8.0914316],[-34.9774275,-8.0904331],[-34.9783877,-8.0895249],[-34.9784307,-8.0883193],[-34.9797879,-8.0875386],[-34.9800185,-8.0850477],[-34.980614,-8.0865561],[-34.9816761,-8.0866145],[-34.981027,-8.0877032],[-34.98116137960215,-8.088703188054842],[-34.98243412652826,-8.089638703956334],[-34.98400799148972,-8.088839682898582],[-34.980274,-8.0845845],[-34.9794928,-8.0849256],[-34.9776582,-8.0877829],[-34.9777226,-8.0893444],[-34.976081,-8.0918618],[-34.9768106,-8.092754],[-34.9780873,-8.0930302],[-34.9789456,-8.0945916],[-34.9806515,-8.0951121],[-34.9816273,-8.0948487],[-34.9822716,-8.0936994],[-34.9845568,-8.0958875],[-34.9872278,-8.0955689],[-34.9879466,-8.0944217],[-34.9866318,-8.0915123]]],[[[-35.0032705,-8.0821475],[-35.0020879,-8.0815793],[-35.0015893,-8.0823766],[-35.000669,-8.0820145],[-34.9998061,-8.0829312],[-34.997063,-8.080653],[-34.9960866,-8.0817433],[-34.9967516,-8.0826604],[-34.9998703,-8.0845708],[-35.0023585,-8.0852934],[-35.0036538,-8.0830244],[-35.0032705,-8.0821475]]],[[[-35.0111103,-8.0787327],[-35.0085734,-8.0787551],[-35.0066149,-8.0797419],[-35.0047588,-8.0790195],[-35.0042839,-8.0777608],[-35.0019134,-8.078788],[-35.003681,-8.0830279],[-35.0023774,-8.0853374],[-35.0113242,-8.0880951],[-35.015,-8.088334243820421],[-35.015,-8.074354672870127],[-35.0138138,-8.0753772],[-35.012489,-8.0779892],[-35.0111103,-8.0787327]]],[[[-34.9848461,-8.0603477],[-34.98186537275611,-8.05883190092086],[-34.9818137,-8.0592962],[-34.9843748,-8.060856],[-34.9859271,-8.0605648],[-34.9859202,-8.0618512],[-34.9845663,-8.061858],[-34.9837594,-8.062596],[-34.9830739,-8.0616026],[-34.9836297,-8.0634372],[-34.9867788,-8.0634112],[-34.9884837,-8.0637857],[-34.9902235,-8.0620193],[-34.9893899,-8.0622047],[-34.9888663,-8.0603787],[-34.9902534,-8.0608236],[-34.9903081,-8.0599531],[-34.9909528,-8.0596823],[-34.990988,-8.06034],[-34.991842432016355,-8.059325221420016],[-34.98873943014067,-8.058245916419779],[-34.9877757,-8.059221],[-34.9870026,-8.0590304],[-34.9848461,-8.0603477]]],[[[-35.0110205,-8.0461845],[-35.0106972,-8.0457473],[-35.0078488,-8.0490753],[-35.0029077,-8.0532014],[-34.9953341,-8.057535],[-34.9987983,-8.0569177],[-34.9999953,-8.0575312],[-34.9974889,-8.0614933],[-34.9980477,-8.0627942],[-34.9976248,-8.0648629],[-34.9999046,-8.064825],[-35.0008582,-8.0653232],[-35.001959,-8.0647151],[-35.0049717,-8.0649831],[-35.0045392,-8.0672482],[-35.0055314,-8.0694337],[-35.006761,-8.0699064],[-35.0080642,-8.0684536],[-35.0074792,-8.0673759],[-35.008446,-8.0667149],[-35.0111105,-8.0626747],[-35.0088969,-8.0593331],[-35.006240292702806,-8.060208040676638],[-35.015,-8.056884792017529],[-35.015,-8.04426320390857],[-35.0121169,-8.0449967],[-35.0110205,-8.0461845]],[[-35.0069575,-8.0501657],[-35.0075344,-8.0502954],[-35.007315,-8.050765],[-35.0069575,-8.0501657]],[[-35.0144603,-8.048451],[-35.0145716,-8.0479243],[-35.0147874,-8.0480646],[-35.0144603,-8.048451]],[[-35.0108736,-8.0461124],[-35.0111624,-8.0463912],[-35.0111627,-8.0468504],[-35.01026,-8.0468629],[-35.0097619,-8.0480351],[-35.0097114,-8.0469844],[-35.0108736,-8.0461124]]],[[[-35.0013789,-8.0475122],[-35.0007241,-8.047607],[-35.0000436,-8.0470652],[-34.9988975,-8.0469276],[-34.9990972,-8.0463602],[-34.9979338,-8.0459046],[-34.998229,-8.0449676],[-34.9992788,-8.0444566],[-34.9981406,-8.0441451],[-34.9973788,-8.042934],[-34.99353617476841,-8.041877137126697],[-34.9935311,-8.0433986],[-34.9943304,-8.0440493],[-34.9952075,-8.0463067],[-34.9936974,-8.0487128],[-34.9941319,-8.0492334],[-34.993507,-8.0513341],[-34.9919567,-8.0523645],[-34.9916187,-8.0554133],[-34.990088332126795,-8.057868087847169],[-34.99251268331959,-8.058711340435968],[-34.9947859,-8.0569732],[-35.0020184,-8.053276],[-35.004511,-8.0513101],[-35.0069451,-8.0489092],[-35.0065637,-8.0486297],[-35.0048794,-8.0498246],[-35.0037247,-8.0491197],[-35.0047578,-8.0479248],[-35.0043151,-8.0473145],[-35.0045842,-8.0464978],[-35.0036068,-8.0451085],[-35.001874,-8.0469587],[-35.001834,-8.0462471],[-35.000963,-8.0457955],[-35.0013789,-8.0475122]],[[-35.0028805,-8.0507816],[-35.0001679,-8.049835],[-35.004511,-8.0513101],[-35.0028805,-8.0507816]],[[-34.9923906,-8.0577292],[-34.991417,-8.0573065],[-34.9923381,-8.0555566],[-34.9924233,-8.0538961],[-34.9938958,-8.0556011],[-34.9938359,-8.0566392],[-34.9923906,-8.0577292]],[[-34.9961874,-8.0465611],[-34.9956204,-8.0463318],[-34.9956335,-8.0461732],[-34.9961874,-8.0465611]],[[-34.9999538,-8.0476474],[-34.9995308,-8.0473825],[-34.9998108,-8.04713],[-34.9999538,-8.0476474]]],[[[-35.0118239,-8.0384368],[-35.0135097,-8.0416949],[-35.015,-8.042904035311933],[-35.015,-8.033057701644159],[-35.0141727,-8.0327243],[-35.0132342,-8.036002],[-35.0118239,-8.0384368]]],[[[-35.0100554,-8.0222262],[-35.0114975,-8.0211286],[-35.0129544,-8.0214934],[-35.0136561,-8.0204061],[-35.0134177,-8.0218839],[-35.015,-8.02314134554455],[-35.0148618,-8.0207033],[-35.0135925,-8.0200397],[-35.0136498,-8.0195626],[-35.0101725,-8.0162476],[-35.0086172,-8.0169671],[-35.0088877,-8.0172617],[-35.00707,-8.0190496],[-35.0075046,-8.0196077],[-35.0078126,-8.0191817],[-35.007843,-8.0199493],[-35.0093134,-8.0203382],[-35.0100554,-8.0222262]]],[[[-34.9995367,-7.9900004],[-34.9987016,-7.9894016],[-34.9974238,-7.9902449],[-34.9978002,-7.9917779],[-34.9964033,-7.9932454],[-34.9966465,-7.9900675],[-34.9951309,-7.9901509],[-34.9923335,-7.9917538],[-34.9940287,-7.9953325],[-34.9938151,-7.9959564],[-34.9926516,-7.9960064],[-34.9910049,-7.9931157],[-34.9902471,-7.9936346],[-34.9906026,-7.9940515],[-34.9898354,-7.994348],[-34.9892273,-7.9936438],[-34.989508,-7.992949],[-34.9865605,-7.9913603],[-34.9850172,-7.9883072],[-34.983273545428155,-7.995492291503398],[-34.9826568,-7.995645],[-34.983178,-7.9957636],[-34.9827425,-7.9968085],[-34.9846722,-7.9982636],[-34.9844949,-7.9996196],[-34.9853468,-8.000098],[-34.9840724,-8.0011734],[-34.9826464,-8.0009068],[-34.9820239,-7.9995435],[-34.9811415,-8.0003579],[-34.9803426,-7.9995828],[-34.9786561,-7.9999904],[-34.9785109,-8.0011091],[-34.9791411,-8.0019464],[-34.9800037,-8.0016045],[-34.9814112,-8.0027201],[-34.9822444,-8.0026673],[-34.9824947,-8.0032607],[-34.9808489,-8.00385],[-34.9795902,-8.0026086],[-34.9787353,-8.003663],[-34.979314,-8.0024844],[-34.9779678,-8.0025291],[-34.9783331,-8.0026957],[-34.9781402,-8.0054106],[-34.97909040486084,-8.006243957836535],[-34.9796102,-8.0055636],[-34.9813772,-8.0064675],[-34.9819618,-8.0052146],[-34.9814238,-8.0065445],[-34.97999137217637,-8.006114343830319],[-34.979382188036276,-8.00652335443093],[-34.9798345,-8.0068439],[-34.9793835,-8.0074536],[-34.9805231,-8.0081343],[-34.9796795,-8.0090622],[-34.9807146,-8.0090875],[-34.9774465,-8.0127871],[-34.9779555,-8.0131529],[-34.9778159,-8.0139007],[-34.9768473,-8.0136085],[-34.976467,-8.0144475],[-34.9769307,-8.0146077],[-34.9771746,-8.0140708],[-34.9774342,-8.0138844],[-34.97762209779165,-8.014257842506241],[-34.9782023,-8.0139352],[-34.9787693,-8.0124862],[-34.9807707,-8.0124938],[-34.9815647,-8.0134416],[-34.9818254,-8.0143982],[-34.9816403,-8.015119],[-34.9832953,-8.0159208],[-34.9838264,-8.0154497],[-34.9845644,-8.0165712],[-34.9858228,-8.0167996],[-34.9856622,-8.0176851],[-34.9866308,-8.0193518],[-34.9864178,-8.0208721],[-34.9876853,-8.0207845],[-34.9881606,-8.0126108],[-34.9885577,-8.0125615],[-34.9882206,-8.0117895],[-34.9887244,-8.0114311],[-34.9840859,-8.0032335],[-34.9866047,-8.0037033],[-34.9919189,-8.0013248],[-34.9912742,-7.9997855],[-34.991888224621825,-7.99984590497842],[-34.991647448640094,-7.999413365956567],[-34.9900035,-7.9993239],[-34.9896794,-7.9990966],[-34.989681,-7.9996093],[-34.9893722,-7.9996435],[-34.9890193,-7.9990229],[-34.9887843,-7.9991783],[-34.9878227,-7.9990415],[-34.9890224,-7.9990062],[-34.98947790529161,-7.999577296021368],[-34.9894223,-7.9991631],[-34.9897906,-7.9990623],[-34.9904054,-7.9992776],[-34.9908473,-7.9990723],[-34.9917068,-7.9994177],[-34.9919919,-7.9998433],[-34.9924642,-7.9995119],[-34.9920361,-7.9998615],[-34.9936041,-7.9995654],[-34.9924176,-7.9986483],[-34.99261,-7.9973563],[-34.9933778,-7.9965239],[-34.9952852,-7.996692],[-34.9964988,-7.9995742],[-34.9976211,-7.998757],[-34.9989708,-7.9984288],[-34.9993669,-7.9976364],[-35.0005419,-7.99684],[-35.0001188,-7.9949261],[-35.0003161,-7.9930142],[-35.0012229,-7.9955125],[-35.0001433,-7.9949453],[-35.0005613,-7.9969091],[-34.9991568,-7.9984024],[-34.9972084,-7.9992106],[-34.9978538,-7.9996951],[-34.9986185,-7.9988564],[-34.999803,-7.9989683],[-35.0000078,-7.9982753],[-35.0027746,-7.9965234],[-35.0032908,-7.997138],[-35.0057067,-7.997072],[-35.0061857,-7.9961937],[-35.0052699,-7.9945848],[-35.005807,-7.9936005],[-35.007449,-7.9957639],[-35.0073121,-7.9951802],[-35.0079295,-7.9951629],[-35.0087839,-7.9935022],[-35.0088657,-7.994378],[-35.0096344,-7.9934078],[-35.0096924,-7.9925642],[-35.0078667,-7.9897985],[-35.0037487,-7.9911445],[-35.0035901,-7.9919614],[-35.001327,-7.9925373],[-35.001253,-7.9931866],[-34.9985864,-7.9921335],[-34.9982869,-7.9904567],[-34.9990126,-7.9907761],[-34.9995367,-7.9900004]],[[-34.9954302,-7.99218],[-34.9959542,-7.9926618],[-34.9959729,-7.9931343],[-34.9954302,-7.99218]],[[-35.0037007,-7.9922077],[-35.0033206,-7.9925385],[-35.0034876,-7.9920708],[-35.0037007,-7.9922077]],[[-34.9876008,-8.018265],[-34.9872902,-8.0177471],[-34.9876301,-8.0177993],[-34.9876008,-8.018265]],[[-34.9853894,-8.0115403],[-34.9848287,-8.0117802],[-34.9825261,-8.0113231],[-34.9824909,-8.0107859],[-34.9853894,-8.0115403]],[[-34.9838895,-8.0026758],[-34.9844416,-8.0022517],[-34.9848817,-8.0008864],[-34.9844926,-8.0022835],[-34.9838895,-8.0026758]],[[-34.9907433,-7.9981098],[-34.9908717,-7.9980772],[-34.9907988,-7.9982336],[-34.9907433,-7.9981098]]],[[[-35.0104106,-7.9966185],[-35.0106554,-7.9963024],[-35.0105618,-7.9953469],[-35.0106818,-7.9951948],[-35.0119807,-7.9954592],[-35.0125744,-7.9959487],[-35.0133433,-7.9959927],[-35.0140391,-7.9952468],[-35.0132851,-7.9950262],[-35.0133552,-7.9940925],[-35.0145928,-7.9948206],[-35.015,-7.993209442469136],[-35.0142867,-7.9931793],[-35.0135799,-7.9917823],[-35.0112084,-7.9923509],[-35.0101193,-7.9946105],[-35.0104106,-7.9966185]]],[[[-35.0128788,-7.9812561],[-35.0125164,-7.9798018],[-35.0120049,-7.9799083],[-35.0123499,-7.9814954],[-35.0119906,-7.9819041],[-35.0129299,-7.9818638],[-35.0117151,-7.9834915],[-35.0122693,-7.9837519],[-35.0119843,-7.9839901],[-35.0109793,-7.9825608],[-35.010685,-7.9830848],[-35.0112141,-7.9832026],[-35.0113456,-7.9837731],[-35.010397,-7.9833669],[-35.0108134,-7.9824647],[-35.0100043,-7.9821092],[-35.0093829,-7.9802099],[-35.0094662,-7.9790542],[-35.0085602,-7.9804225],[-35.0086363,-7.9822411],[-35.0095575,-7.9818838],[-35.0098437,-7.9822824],[-35.0080549,-7.9840479],[-35.0075958,-7.9837527],[-35.0085647,-7.9822145],[-35.0084986,-7.9803612],[-35.0073234,-7.9802551],[-35.0070808,-7.9809322],[-35.0071501,-7.9802427],[-35.0064916,-7.9806233],[-35.0064255,-7.9815812],[-35.0068981,-7.980876],[-35.007065,-7.981447],[-35.0080417,-7.981472],[-35.0080953,-7.98233],[-35.0076605,-7.9821178],[-35.0072887,-7.9826732],[-35.0072919,-7.9819057],[-35.0066838,-7.9824111],[-35.0062931,-7.9811756],[-35.0032224,-7.9803176],[-35.0032596,-7.9794031],[-35.0017776,-7.9788868],[-35.0034589,-7.9813941],[-35.0033167,-7.9825341],[-35.0043478,-7.9821443],[-35.0035863,-7.9825696],[-35.0039364,-7.9829163],[-35.0033879,-7.9826768],[-35.0037379,-7.9833344],[-35.0049577,-7.9830521],[-35.0040627,-7.9834952],[-35.0041998,-7.9858468],[-35.005434,-7.9856752],[-35.0057047,-7.9862649],[-35.0065718,-7.9857129],[-35.0068154,-7.9843615],[-35.007039,-7.9857009],[-35.0081675,-7.9861996],[-35.0070467,-7.9870455],[-35.0072301,-7.9882736],[-35.0075689,-7.9889354],[-35.0090826,-7.988526],[-35.0085293,-7.9888984],[-35.0083304,-7.9902774],[-35.0097353,-7.9925705],[-35.0099125,-7.9945003],[-35.0111215,-7.9922565],[-35.0140483,-7.9915722],[-35.0135855,-7.9916165],[-35.0136935,-7.9903804],[-35.014197,-7.990198],[-35.0138608,-7.9907969],[-35.015,-7.991140333333333],[-35.015,-7.986456476479917],[-35.0134621,-7.9849576],[-35.0144354,-7.9843114],[-35.015,-7.985726089701901],[-35.015,-7.979236667266592],[-35.0145291,-7.9792228],[-35.0137993,-7.9770649],[-35.0125346,-7.9779774],[-35.0130325,-7.9806665],[-35.0141713,-7.9820125],[-35.0128788,-7.9812561]],[[-35.0141046,-7.9862116],[-35.0144496,-7.9869461],[-35.0128538,-7.9870869],[-35.0131633,-7.9865224],[-35.013994,-7.9866865],[-35.0141046,-7.9862116]],[[-35.0095801,-7.9882562],[-35.0093348,-7.988489],[-35.0092361,-7.9881144],[-35.0095801,-7.9882562]],[[-35.0121968,-7.9866686],[-35.0124481,-7.9865761],[-35.0121679,-7.987081],[-35.0121968,-7.9866686]],[[-35.0123735,-7.9836674],[-35.0129153,-7.9834761],[-35.0125961,-7.9839516],[-35.0123816,-7.983856],[-35.0123735,-7.9836674]]],[[[-34.9803985,-7.9779132],[-34.9815593,-7.9781656],[-34.9811629,-7.980577],[-34.9818849,-7.9810536],[-34.9806816,-7.9816144],[-34.9802569,-7.9824416],[-34.9807948,-7.9833529],[-34.9808676,-7.9855729],[-34.9796198,-7.9846286],[-34.9791951,-7.9876008],[-34.9798039,-7.9895915],[-34.9789969,-7.9888625],[-34.9785015,-7.9899841],[-34.9790536,-7.9914],[-34.980087,-7.9919047],[-34.9816851,-7.9910994],[-34.9822352,-7.9877538],[-34.9818708,-7.9859325],[-34.9830882,-7.9820631],[-34.983966,-7.9817686],[-34.9833997,-7.9771562],[-34.9828051,-7.9765533],[-34.9820548,-7.9779553],[-34.9808515,-7.9769739],[-34.9803985,-7.9779132]]],[[[-35.0008758,-7.9834983],[-34.9997887,-7.9827408],[-35.0011221,-7.9827904],[-35.0022952,-7.9818207],[-35.0012625,-7.9801891],[-35.0017805,-7.9790439],[-35.0001823,-7.9772592],[-34.9997478,-7.9787615],[-35.000169,-7.9772254],[-34.999925,-7.9771653],[-34.9991143,-7.9816679],[-34.9994678,-7.9811669],[-35.0000937,-7.9814335],[-34.9999834,-7.980486],[-35.0008428,-7.9808072],[-35.0001212,-7.9818828],[-34.999002,-7.981918],[-34.9995901,-7.9783808],[-34.9992677,-7.9777514],[-34.9983375,-7.9779475],[-34.9980569,-7.9772071],[-34.9967523,-7.9765687],[-34.9957468,-7.9772723],[-34.9956885,-7.9762007],[-34.9947922,-7.9756594],[-34.9948687,-7.9771099],[-34.9954808,-7.976796],[-34.9956193,-7.9772542],[-34.9945828,-7.9774768],[-34.9937448,-7.9752799],[-34.9925343,-7.9754371],[-34.9924045,-7.9768009],[-34.9914275,-7.9762323],[-34.9922075,-7.977347],[-34.9929807,-7.9769275],[-34.9931236,-7.9788013],[-34.9939645,-7.980068],[-34.9956907,-7.9806729],[-34.9961068,-7.9799585],[-34.9966291,-7.9802258],[-34.9970887,-7.9815053],[-34.9968016,-7.9820551],[-34.996175,-7.9818781],[-34.9974795,-7.9839604],[-34.9957248,-7.9848637],[-34.995121,-7.9839256],[-34.9959079,-7.9834266],[-34.9949663,-7.9829039],[-34.995019278918704,-7.982126907563921],[-34.9941387,-7.9818427],[-34.9952474,-7.9814251],[-34.9961015,-7.9820634],[-34.9944829,-7.9803465],[-34.9921721,-7.979486],[-34.9915323,-7.9794198],[-34.9908496,-7.9803181],[-34.9908544,-7.981713],[-34.9932989,-7.9848856],[-34.9944161,-7.9854813],[-34.9938909,-7.9862993],[-34.9941946,-7.987279],[-34.9953396,-7.9865007],[-34.9955145,-7.986904],[-34.9978033,-7.9867061],[-34.9986129,-7.9855545],[-34.9985221,-7.9862544],[-34.9999267,-7.9874492],[-34.9997724,-7.9880655],[-34.9989651,-7.9881704],[-35.0001308,-7.9893464],[-34.9995806,-7.9903885],[-35.0024792,-7.9903813],[-35.0026001,-7.989623],[-35.0020605,-7.9893151],[-35.0036826,-7.9888272],[-35.0038586,-7.9904921],[-35.0044089,-7.9903922],[-35.003853,-7.9876637],[-35.002839,-7.9880015],[-35.0022615,-7.9874496],[-35.0031924,-7.9861578],[-35.0044717,-7.986468],[-35.0031812,-7.9860213],[-35.0039047,-7.9854107],[-35.003934,-7.9839476],[-35.0032482,-7.982519],[-35.0031898,-7.9821226],[-35.0032762,-7.9831598],[-35.0028114,-7.9824291],[-35.00207,-7.983122],[-35.0015757,-7.9825534],[-35.0008758,-7.9834983]],[[-35.002082,-7.9885933],[-35.0018283,-7.9873335],[-35.0022615,-7.9874496],[-35.002082,-7.9885933]],[[-34.9990751,-7.9851651],[-34.9987676,-7.9855194],[-34.9984305,-7.9848694],[-34.9990751,-7.9851651]],[[-34.9981775,-7.9840779],[-34.9980769,-7.9843134],[-34.9980063,-7.9841909],[-34.9981775,-7.9840779]],[[-34.9941694,-7.983986],[-34.9946599,-7.9836066],[-34.994711,-7.9838444],[-34.9941694,-7.983986]],[[-34.99723,-7.9777963],[-34.9969073,-7.9779106],[-34.9969399,-7.9778227],[-34.99723,-7.9777963]]],[[[-35.0133381,-7.9708093],[-35.0115989,-7.9685964],[-35.0118692,-7.9691129],[-35.0107926,-7.9694043],[-35.0102041,-7.9703591],[-35.0097735,-7.9699611],[-35.0078341,-7.9713465],[-35.007489,-7.9692314],[-35.0069068,-7.9691813],[-35.0067802,-7.9702092],[-35.006198,-7.970276],[-35.0065735,-7.9709028],[-35.0070334,-7.9706814],[-35.0069231,-7.971493],[-35.0074384,-7.9711786],[-35.0072062,-7.9719708],[-35.0077633,-7.9717552],[-35.0072578,-7.972256],[-35.0052519,-7.9689357],[-35.0048001,-7.9692361],[-35.004909,-7.9701426],[-35.0038601,-7.9699172],[-35.0031317,-7.9711688],[-35.0035048,-7.9715042],[-35.0045181,-7.9707551],[-35.0049733,-7.9711373],[-35.0041614,-7.9720942],[-35.0049577,-7.9726596],[-35.0054999,-7.9723001],[-35.0056464,-7.9727656],[-35.0032999,-7.9724948],[-35.0021092,-7.971881],[-35.0010529,-7.9730557],[-35.0026265,-7.9744303],[-35.0033079,-7.9734883],[-35.0059466,-7.9740952],[-35.00575,-7.9746341],[-35.0050548,-7.9744122],[-35.0056631,-7.9746794],[-35.0053064,-7.9752003],[-35.0046798,-7.9744575],[-35.0041402,-7.9745979],[-35.0055403,-7.9753728],[-35.0047866,-7.9758517],[-35.0049779,-7.9762051],[-35.0055625,-7.9758113],[-35.0049103,-7.9765322],[-35.0035987,-7.9753105],[-35.0042264,-7.9760414],[-35.0038534,-7.9769031],[-35.0043166,-7.9778719],[-35.0059315,-7.9787208],[-35.0061541,-7.9799057],[-35.0063962,-7.9786203],[-35.0071832,-7.9781848],[-35.0069474,-7.9768887],[-35.0093665,-7.9771202],[-35.0096294,-7.9784398],[-35.0107548,-7.9781697],[-35.0095988,-7.9757579],[-35.0086143,-7.9753832],[-35.0084708,-7.973962],[-35.0097884,-7.9746828],[-35.0088085,-7.9730266],[-35.009385,-7.9712151],[-35.0111283,-7.9714497],[-35.0109018,-7.9707287],[-35.0104573,-7.9709119],[-35.0106997,-7.9705323],[-35.0133381,-7.9708093]]],[[[-34.9928458,-7.9685696],[-34.9940114,-7.967943],[-34.99454,-7.9681944],[-34.994848,-7.9669083],[-34.9937886,-7.9659268],[-34.9935576,-7.9666527],[-34.9940155,-7.9670402],[-34.9922779,-7.9676017],[-34.9921311,-7.967148],[-34.9930297,-7.9672658],[-34.992229,-7.9662719],[-34.9931741,-7.9662527],[-34.9933991,-7.9656568],[-34.9924208,-7.9648187],[-34.9912076,-7.9651384],[-34.9907087,-7.9658554],[-34.9902293,-7.9655163],[-34.9919414,-7.9643924],[-34.9898037,-7.9645038],[-34.9903369,-7.9625272],[-34.9924606,-7.9618846],[-34.9926579,-7.962779],[-34.9929673,-7.9620642],[-34.9936711,-7.9623484],[-34.9927904,-7.9637773],[-34.993432,-7.9644484],[-34.9947932,-7.9631537],[-34.9947693,-7.9641158],[-34.9932814,-7.9648411],[-34.9947355,-7.9654116],[-34.9953716,-7.9639563],[-34.9958556,-7.9653893],[-34.9961334,-7.9636004],[-34.9971683,-7.9632825],[-34.9975756,-7.963999],[-34.9969863,-7.9638851],[-34.9969096,-7.9644118],[-34.9980978,-7.9646491],[-34.9969623,-7.9660963],[-34.9977625,-7.9662813],[-34.9975965,-7.9679988],[-34.9984725,-7.968779],[-34.9984019,-7.9682375],[-34.9992885,-7.9678902],[-34.9997013,-7.9686327],[-35.0006194,-7.9670402],[-35.0021243,-7.966174],[-35.0011899,-7.9650065],[-35.0018146,-7.963882],[-35.0037107,-7.9638038],[-35.0045558,-7.9649323],[-35.0037279,-7.9622984],[-35.0028489,-7.9621137],[-35.0026269,-7.9614543],[-35.0038604,-7.9623306],[-35.0049074,-7.9619214],[-35.0053207,-7.9622491],[-35.0071253,-7.9617843],[-35.0074022,-7.9607827],[-35.0084729,-7.9602881],[-35.0069621,-7.9606726],[-35.0059088,-7.9616447],[-35.0053896,-7.9613042],[-35.004529,-7.961675],[-35.0031948,-7.961257],[-35.0033534,-7.9601054],[-35.0043025,-7.959644],[-35.0044381,-7.9601314],[-35.0063606,-7.9602251],[-35.0085213,-7.9594965],[-35.0075307,-7.958851],[-35.0088246,-7.9571541],[-35.0102831,-7.9566684],[-35.009912,-7.9562562],[-35.0102306,-7.9556125],[-35.0089578,-7.9559465],[-35.00901,-7.9567161],[-35.0079478,-7.9573528],[-35.0075915,-7.9566214],[-35.0065743,-7.9595612],[-35.0053616,-7.9592173],[-35.0051395,-7.9580056],[-35.0048696,-7.9590621],[-35.0041817,-7.9592992],[-35.0040598,-7.9584239],[-35.0030404,-7.9597355],[-35.0038825,-7.9569489],[-35.0050967,-7.9562912],[-35.0049943,-7.9554983],[-35.0042468,-7.9565092],[-35.0037902,-7.9558753],[-35.002567,-7.9589458],[-35.001556,-7.9575171],[-35.0017422,-7.9557939],[-35.0014006,-7.9563775],[-35.0010402,-7.9555084],[-35.0010715,-7.9575694],[-35.0002191,-7.956573],[-34.9998994,-7.9567313],[-35.000498,-7.9577773],[-35.0021998,-7.9587085],[-35.0025822,-7.960591],[-35.0015266,-7.9598991],[-35.0019543,-7.9611318],[-35.0014515,-7.9618636],[-35.0015127,-7.9610365],[-35.0006645,-7.9601705],[-35.0009355,-7.9610192],[-35.0001529,-7.9610279],[-35.0006776,-7.9616904],[-34.9996895,-7.962985],[-34.998382,-7.9628692],[-34.9977805,-7.9618902],[-34.9967381,-7.9619128],[-34.9965707,-7.9613024],[-34.9960609,-7.9618525],[-34.9955815,-7.9613928],[-34.9950565,-7.9616641],[-34.994887,-7.9602436],[-34.9937372,-7.9608391],[-34.9922284,-7.9603011],[-34.9916232,-7.9608417],[-34.9901121,-7.9606288],[-34.9903371,-7.9596513],[-34.9888965,-7.9611391],[-34.9888058,-7.9632809],[-34.988628,-7.9618973],[-34.9878987,-7.9630293],[-34.9877608,-7.9621848],[-34.9869988,-7.9627203],[-34.9864476,-7.9623115],[-34.9861927,-7.9639825],[-34.9847019,-7.9626392],[-34.9833974,-7.9639918],[-34.9840556,-7.9646506],[-34.9844071,-7.9642838],[-34.9851261,-7.965716],[-34.9841354,-7.9654299],[-34.9843038,-7.9649334],[-34.9831326,-7.9639641],[-34.9825469,-7.9650724],[-34.9828036,-7.9657716],[-34.9820816,-7.9655451],[-34.9822421,-7.9662761],[-34.9816965,-7.9667647],[-34.9805413,-7.9653147],[-34.9801362,-7.9657994],[-34.9806937,-7.9659702],[-34.980433,-7.967444],[-34.9794382,-7.9664707],[-34.978287,-7.9677181],[-34.9775891,-7.9660933],[-34.9789248,-7.9656127],[-34.9783392,-7.9648102],[-34.9795225,-7.9656008],[-34.9800038,-7.9644249],[-34.9786039,-7.9632133],[-34.9802966,-7.9628597],[-34.9783231,-7.962387],[-34.9773123,-7.9628081],[-34.9765054,-7.9620698],[-34.9757111,-7.9633413],[-34.9756911,-7.9618125],[-34.9750416,-7.9615651],[-34.974552,-7.9620648],[-34.9739126,-7.9618867],[-34.9740425,-7.9612435],[-34.9728235,-7.961293],[-34.9727136,-7.9597789],[-34.9745221,-7.9585618],[-34.9750966,-7.9594425],[-34.9755462,-7.9591258],[-34.9771849,-7.9601203],[-34.97709,-7.9593386],[-34.9778192,-7.9600425],[-34.9784982,-7.9597209],[-34.9785277,-7.9605395],[-34.978786,-7.9602398],[-34.980166,-7.9617308],[-34.979155,-7.9585954],[-34.9815165,-7.9609196],[-34.9807859,-7.9587561],[-34.9813837,-7.9586173],[-34.9839224,-7.9612046],[-34.9842693,-7.9601594],[-34.9863356,-7.9598671],[-34.9856936,-7.9594578],[-34.9868375,-7.9588146],[-34.9863283,-7.9583176],[-34.9853024,-7.9587269],[-34.9842102,-7.9578279],[-34.9844242,-7.957214],[-34.9838781,-7.9568193],[-34.9844464,-7.9563881],[-34.9838929,-7.9558107],[-34.9834058,-7.957521],[-34.9825866,-7.958018],[-34.9820553,-7.9569143],[-34.9806457,-7.9562492],[-34.9786531,-7.9569216],[-34.9782989,-7.9559203],[-34.9772657,-7.9560665],[-34.9765271,-7.9534938],[-34.9754465,-7.9535242],[-34.9755134,-7.9542634],[-34.9762748,-7.9542854],[-34.9766176,-7.9549116],[-34.9751038,-7.9557803],[-34.974703,-7.9546823],[-34.9737546,-7.9552115],[-34.9737012,-7.9567108],[-34.9748811,-7.9566799],[-34.9745027,-7.9573326],[-34.9729131,-7.9570988],[-34.9688115,-7.9583535],[-34.9681719,-7.9582953],[-34.9683408,-7.9572625],[-34.9674914,-7.9569088],[-34.9663362,-7.9567303],[-34.9660885,-7.9580942],[-34.9661046,-7.95681],[-34.9645375,-7.9566984],[-34.9650202,-7.9569852],[-34.9642319,-7.9573613],[-34.9649623,-7.958432],[-34.9622723,-7.9583619],[-34.961825,-7.9587921],[-34.9636071,-7.9614456],[-34.9648464,-7.9602588],[-34.964478,-7.9611686],[-34.9636458,-7.9614771],[-34.9651943,-7.9630602],[-34.9647264,-7.9620965],[-34.9654635,-7.9603323],[-34.9676836,-7.9616359],[-34.9678361,-7.9644484],[-34.9694186,-7.9645942],[-34.9695683,-7.9651292],[-34.9679237,-7.9662848],[-34.9696713,-7.9661195],[-34.9684679,-7.9666677],[-34.9692504,-7.9673692],[-34.9705973,-7.9661583],[-34.970462,-7.9673684],[-34.9713457,-7.9672344],[-34.9717364,-7.9683135],[-34.971252,-7.9685425],[-34.9716373,-7.9686133],[-34.9713016,-7.9693001],[-34.972507,-7.9696054],[-34.9726666,-7.9691966],[-34.9726776,-7.9655063],[-34.9741912,-7.9659097],[-34.9750443,-7.9652501],[-34.9748902,-7.965866],[-34.9764258,-7.9684825],[-34.9751159,-7.9676158],[-34.9746645,-7.9689022],[-34.9739986,-7.9684062],[-34.9733986,-7.968706],[-34.9738985,-7.9695435],[-34.9744073,-7.9691858],[-34.9756438,-7.9696793],[-34.974531,-7.9701206],[-34.9754389,-7.9705213],[-34.9748626,-7.9721523],[-34.9757354,-7.9721017],[-34.9758062,-7.97385],[-34.9742257,-7.9737799],[-34.976221,-7.9742511],[-34.9767518,-7.9722818],[-34.9776184,-7.9712838],[-34.9776889,-7.9736029],[-34.9783275,-7.9738028],[-34.9781928,-7.9722652],[-34.9795554,-7.9735537],[-34.9804802,-7.9735883],[-34.9815754,-7.9724951],[-34.9813111,-7.9716904],[-34.9831939,-7.972168],[-34.9824012,-7.9712194],[-34.9832864,-7.9712128],[-34.9826016,-7.970491],[-34.9830064,-7.9696769],[-34.9816863,-7.9688174],[-34.9836481,-7.9688779],[-34.9839824,-7.9670475],[-34.9849784,-7.9666191],[-34.9846718,-7.9694708],[-34.9854244,-7.9668255],[-34.9856042,-7.9673367],[-34.9866118,-7.9650412],[-34.986789,-7.9657843],[-34.9856087,-7.9680089],[-34.9868584,-7.9685875],[-34.9879609,-7.9667108],[-34.9876024,-7.9700568],[-34.9871614,-7.9708928],[-34.9847698,-7.970328],[-34.9840123,-7.9725195],[-34.9844123,-7.9714154],[-34.985357,-7.9716092],[-34.9854592,-7.9727303],[-34.9855102,-7.9721234],[-34.9865346,-7.971875],[-34.9865525,-7.9712339],[-34.9885602,-7.9716446],[-34.9887184,-7.9692043],[-34.9895089,-7.9696799],[-34.9892136,-7.9683741],[-34.9897297,-7.9673105],[-34.9905262,-7.9671982],[-34.9908454,-7.9678984],[-34.9902811,-7.9695769],[-34.9914824,-7.9700029],[-34.9904404,-7.9709686],[-34.9905966,-7.971464],[-34.9900803,-7.971281],[-34.989921,-7.9728462],[-34.9903671,-7.9725559],[-34.9906221,-7.9730324],[-34.9909184,-7.9724581],[-34.9902556,-7.9724013],[-34.9923651,-7.9703879],[-34.993063,-7.9710127],[-34.9914952,-7.97189],[-34.9912849,-7.9737993],[-34.9921006,-7.9727169],[-34.9923524,-7.973247],[-34.9928495,-7.9726474],[-34.9930821,-7.9733228],[-34.9924459,-7.974251],[-34.9920879,-7.9740328],[-34.9914442,-7.9761061],[-34.9932446,-7.9744084],[-34.9938532,-7.9750742],[-34.9942962,-7.9737425],[-34.9945033,-7.9749575],[-34.9940221,-7.9751121],[-34.9944503,-7.9753196],[-34.9947529,-7.9748725],[-34.9962254,-7.97561],[-34.9962793,-7.9744729],[-34.996927,-7.9751701],[-34.9972046,-7.9743533],[-34.9960138,-7.973449],[-34.9956718,-7.973696],[-34.9952695,-7.9726402],[-34.9963034,-7.9728394],[-34.9965086,-7.9735446],[-34.9971836,-7.9729946],[-34.9981533,-7.9731852],[-34.9981458,-7.9737519],[-34.9987503,-7.9729969],[-34.9975293,-7.97217],[-34.998538,-7.972298],[-34.9993015,-7.9710769],[-34.9992516,-7.9696814],[-34.9979282,-7.9693291],[-34.9970003,-7.9680567],[-34.9947106,-7.9684835],[-34.9952435,-7.9694353],[-34.9938615,-7.9697115],[-34.9928458,-7.9685696]],[[-34.9701651,-7.9622114],[-34.9697206,-7.9651256],[-34.9701029,-7.9620676],[-34.9700392,-7.9596944],[-34.9701651,-7.9622114]]],[[[-34.9921496,-7.9576181],[-34.9935321,-7.9590625],[-34.9979108,-7.9538952],[-34.9964319,-7.9517592],[-34.9943984,-7.9536755],[-34.9949161,-7.953053],[-34.9941766,-7.9518568],[-34.9932153,-7.9526502],[-34.991798,-7.9518202],[-34.9896006,-7.9528882],[-34.9911077,-7.9587734],[-34.9921496,-7.9576181]]],[[[-35.0105782,-7.9421421],[-35.0107261,-7.9446966],[-35.009025,-7.9428929],[-35.0092376,-7.9450995],[-35.0076568,-7.9452735],[-35.0074164,-7.9434422],[-35.0068987,-7.9433415],[-35.0067666,-7.9452835],[-35.0022797,-7.9473603],[-35.0033823,-7.9475759],[-35.0076943,-7.9457675],[-35.0082983,-7.9465256],[-35.0095554,-7.9464909],[-35.0086354,-7.9472977],[-35.0092042,-7.9480419],[-35.0114866,-7.9458927],[-35.0118307,-7.9462335],[-35.0112408,-7.9468178],[-35.0113111,-7.9481184],[-35.010384,-7.9485218],[-35.010981,-7.9490365],[-35.0108756,-7.9486609],[-35.0119501,-7.9486679],[-35.0114445,-7.9497947],[-35.0116762,-7.9502746],[-35.012203,-7.9494747],[-35.0126243,-7.9519578],[-35.0131721,-7.9492104],[-35.015,-7.9500875418839],[-35.015,-7.945385225915875],[-35.0136928,-7.9457856],[-35.015,-7.945012189888953],[-35.015,-7.943464284332192],[-35.0147274,-7.9425916],[-35.0132506,-7.9432321],[-35.0142894,-7.9424677],[-35.013989,-7.9418644],[-35.0147692,-7.941819],[-35.0145063,-7.9414843],[-35.0118355,-7.9425266],[-35.0105782,-7.9421421]],[[-35.0142115,-7.9462241],[-35.0146319,-7.9459298],[-35.014459,-7.9462058],[-35.0142115,-7.9462241]],[[-35.0131798,-7.9445946],[-35.0136686,-7.9434058],[-35.0137861,-7.9434426],[-35.0131798,-7.9445946]]],[[[-34.990822,-7.9377298],[-34.988061,-7.930539],[-34.9856886,-7.9329544],[-34.9863323,-7.9349946],[-34.9885639,-7.9377999],[-34.990822,-7.9377298]]],[[[-34.95995080388113,-8.16],[-34.96455846865149,-8.16],[-34.964924,-8.1592212],[-34.9621224,-8.1585306],[-34.9625918,-8.1568155],[-34.9616289,-8.1565181],[-34.9617609,-8.1559955],[-34.9607696,-8.1557593],[-34.9609766,-8.1547515],[-34.9601651,-8.1545268],[-34.9588999,-8.1585762],[-34.9591706,-8.1591999],[-34.95995080388113,-8.16]]],[[[-34.950597496030625,-8.16],[-34.95668600977918,-8.16],[-34.9545008,-8.1539132],[-34.9502426,-8.1549176],[-34.948887759727874,-8.16],[-34.9494667,-8.158796],[-34.950597496030625,-8.16]]],[[[-34.9721653,-8.1517416],[-34.9711972,-8.1540001],[-34.9704925,-8.1540718],[-34.9698993,-8.1552201],[-34.9705847,-8.1553987],[-34.9698269,-8.1571641],[-34.9730781,-8.1578869],[-34.9733884,-8.1572679],[-34.9742451,-8.1574907],[-34.974145,-8.1581103],[-34.9756514,-8.158477],[-34.9758498,-8.1572173],[-34.974495694760265,-8.157329348672015],[-34.9745049,-8.1562419],[-34.9735569,-8.156191],[-34.9715441,-8.1544228],[-34.9715254,-8.1538981],[-34.9728027,-8.1516445],[-34.971468,-8.1500683],[-34.9721653,-8.1517416]]],[[[-34.963988,-8.143147],[-34.9652036,-8.1419992],[-34.9658684,-8.1432177],[-34.9674271,-8.1391458],[-34.9656345,-8.1404573],[-34.9657874,-8.1411435],[-34.9653402,-8.1414837],[-34.9644223,-8.1410926],[-34.9636724,-8.1424558],[-34.9628371,-8.1424082],[-34.96223538891556,-8.143011395240423],[-34.9626173,-8.1434097],[-34.962122778831485,-8.14312428308393],[-34.960961,-8.1443393],[-34.9623641,-8.1457386],[-34.9610573,-8.1502277],[-34.9608442,-8.1503171],[-34.9603305,-8.1498825],[-34.9594245,-8.1508164],[-34.9587127,-8.150386],[-34.9583352,-8.1523979],[-34.9603412,-8.1529297],[-34.9621484,-8.1468402],[-34.961420387697046,-8.14939122835176],[-34.96299583854469,-8.149729666627579],[-34.9632415,-8.1491849],[-34.962995838894834,-8.1497296667188],[-34.964344,-8.1500809],[-34.9660525,-8.1497041],[-34.9659974,-8.1473539],[-34.967558,-8.1448052],[-34.9660475,-8.1473726],[-34.9660965,-8.1497516],[-34.9643841,-8.1501628],[-34.962905084553235,-8.149943271028395],[-34.96242822475075,-8.151094358596435],[-34.9611076,-8.1506869],[-34.96146,-8.1495555],[-34.96257248753679,-8.14985442649545],[-34.961417910236,-8.1493993933517],[-34.9599876,-8.1542758],[-34.9610076,-8.1520356],[-34.9629889,-8.1525752],[-34.961835,-8.1547446],[-34.9627984,-8.1548932],[-34.9643192,-8.1526072],[-34.9669467,-8.153405],[-34.9672615,-8.1523943],[-34.9664262,-8.1510949],[-34.966284,-8.1471098],[-34.9668587,-8.1470723],[-34.9678004,-8.1448138],[-34.9668866,-8.144471],[-34.9666698,-8.1457119],[-34.9658445,-8.1452394],[-34.9656869,-8.1457553],[-34.9645258,-8.1459496],[-34.963988,-8.143147]],[[-34.962300751349446,-8.151402065487922],[-34.9634528,-8.1518133],[-34.9632632,-8.1522549],[-34.9621244,-8.1518263],[-34.962300751349446,-8.151402065487922]],[[-34.9650664,-8.1482013],[-34.9634753,-8.1486902],[-34.9620956,-8.1480483],[-34.962379,-8.1472982],[-34.9650664,-8.1482013]],[[-34.9630245,-8.1431293],[-34.9625181,-8.1428848],[-34.9625858,-8.1427972],[-34.9630245,-8.1431293]]],[[[-34.9618658,-8.1430687],[-34.95921665199479,-8.140027844972986],[-34.9574414,-8.1388491],[-34.95701,-8.1388369],[-34.9577495,-8.1394347],[-34.9575523,-8.1406669],[-34.9553709,-8.1413501],[-34.9560487,-8.1419723],[-34.9584273,-8.1421065],[-34.9578974,-8.1428507],[-34.9562582,-8.1430459],[-34.9569361,-8.1438145],[-34.9563568,-8.1448881],[-34.9553709,-8.1444733],[-34.9550123,-8.1459943],[-34.9559501,-8.1462911],[-34.9568252,-8.1480112],[-34.9618658,-8.1430687]]],[[[-34.9283294,-8.1291722],[-34.9277754,-8.1300167],[-34.9306453,-8.1299559],[-34.9308993,-8.1306746],[-34.9304192,-8.131285],[-34.9276732,-8.1314607],[-34.9266738,-8.133162],[-34.9276756,-8.1328969],[-34.9279978,-8.1337724],[-34.9296195,-8.1354377],[-34.9303039,-8.1366619],[-34.9304798,-8.1358451],[-34.9318779,-8.1359275],[-34.9325404,-8.1344352],[-34.9336908,-8.1342554],[-34.9341422,-8.1307006],[-34.9334751,-8.1309732],[-34.9335227,-8.1303985],[-34.9330362,-8.1303193],[-34.932333,-8.131132],[-34.9313046,-8.1299237],[-34.9321817,-8.1284025],[-34.9328186,-8.1285635],[-34.9333386,-8.1262936],[-34.9321954,-8.1255441],[-34.9323296,-8.1242428],[-34.9295233,-8.1240525],[-34.9287637,-8.129292],[-34.9283294,-8.1291722]]],[[[-34.9707876,-8.130669],[-34.9705784,-8.1314363],[-34.9714045,-8.1323578],[-34.9705516,-8.1333774],[-34.9706052,-8.1344873],[-34.971131,-8.1346678],[-34.9723379,-8.133388],[-34.9713616,-8.1287572],[-34.9723899,-8.1223963],[-34.9700886,-8.1217377],[-34.9690908,-8.119964],[-34.9703209,-8.1255337],[-34.9700473,-8.1268879],[-34.9691575,-8.1273583],[-34.9707876,-8.130669]]],[[[-34.966451,-8.1215412],[-34.9664191,-8.1222348],[-34.9682424,-8.1234141],[-34.9684112,-8.1257829],[-34.967143,-8.1255603],[-34.966178,-8.1228143],[-34.96528414303537,-8.123418967313224],[-34.9647022,-8.1227882],[-34.9641121,-8.125316],[-34.964659,-8.125843],[-34.9640952,-8.1261541],[-34.9663104,-8.1262944],[-34.9660424,-8.1258064],[-34.9665105,-8.1256457],[-34.9663824,-8.1264248],[-34.9673329,-8.126909],[-34.9689445,-8.1268801],[-34.9689316,-8.1258204],[-34.9693501,-8.1271314],[-34.9702695,-8.1257447],[-34.9693717,-8.1224917],[-34.967797,-8.1225598],[-34.9674883,-8.1220848],[-34.9674469,-8.120656],[-34.9672719,-8.1218733],[-34.966451,-8.1215412]]],[[[-34.9335061,-8.123515],[-34.9343763,-8.1226883],[-34.9343575,-8.1219263],[-34.9333172,-8.1215541],[-34.9337464,-8.1212055],[-34.9331762,-8.1202939],[-34.9334266,-8.119294],[-34.9341936,-8.1203401],[-34.93470789456483,-8.119994787256637],[-34.9341016,-8.117926],[-34.9346891,-8.1172253],[-34.9343316,-8.1167768],[-34.9341009,-8.1176856],[-34.933912,-8.1173477],[-34.9341587,-8.1163705],[-34.9358596,-8.1153039],[-34.9350599,-8.1141294],[-34.936879,-8.1126716],[-34.9362908,-8.1114331],[-34.9355486,-8.1130752],[-34.9348137,-8.1132133],[-34.9346201,-8.1142675],[-34.930586,-8.1171671],[-34.9321762,-8.117446],[-34.9331,-8.1182238],[-34.9324167,-8.1195922],[-34.9327946,-8.1201526],[-34.9316757,-8.1211012],[-34.9301888,-8.1240243],[-34.9325757,-8.1242582],[-34.9332025,-8.1231835],[-34.9335061,-8.123515]],[[-34.9310688,-8.1171034],[-34.9318479,-8.1170867],[-34.9310428,-8.1171068],[-34.9310688,-8.1171034]]],[[[-34.9735402,-8.1158198],[-34.9727401,-8.1162551],[-34.9725264,-8.1166987],[-34.9728517,-8.1163042],[-34.9744331,-8.1160587],[-34.9730671,-8.1149318],[-34.9734574,-8.1140745],[-34.9739453,-8.1138089],[-34.9745551,-8.1138652],[-34.9780592,-8.1159863],[-34.9787176,-8.1152212],[-34.9783604,-8.1129003],[-34.981507579623134,-8.113525783785747],[-34.982069051992134,-8.113088669393996],[-34.9808868,-8.1130944],[-34.9808853,-8.1111784],[-34.9794026,-8.1098657],[-34.9794924,-8.1087478],[-34.9784781,-8.1108358],[-34.9772318,-8.1097698],[-34.9772407,-8.1113413],[-34.9777643,-8.1117145],[-34.9761631,-8.1128395],[-34.9720191,-8.1134337],[-34.970646,-8.1146519],[-34.9720872,-8.1153706],[-34.973032221311925,-8.114828053842638],[-34.9731698,-8.1153889],[-34.9735402,-8.1158198]],[[-34.9744208,-8.1136484],[-34.9744828,-8.1135866],[-34.9745371,-8.1135548],[-34.9744208,-8.1136484]]],[[[-34.9456845,-8.1080166],[-34.9446536,-8.1068438],[-34.9450554,-8.1064148],[-34.9461313,-8.1072411],[-34.9456516,-8.1047163],[-34.9462348,-8.1046685],[-34.9465212,-8.1057242],[-34.9475254,-8.1056456],[-34.9472839,-8.1039271],[-34.946397,-8.1028339],[-34.9470112,-8.1008318],[-34.9459136,-8.1011119],[-34.9469497,-8.0997869],[-34.9469658,-8.0986134],[-34.946427,-8.0981109],[-34.947923,-8.0983244],[-34.9471447,-8.0959767],[-34.9479498,-8.0952251],[-34.9450479,-8.0965263],[-34.9427728,-8.099473],[-34.9417018,-8.1001218],[-34.9402188,-8.100643],[-34.9374751,-8.1047835],[-34.9321622,-8.1046988],[-34.9287087270631,-8.10273302852081],[-34.9293329,-8.106167],[-34.9298238,-8.1059744],[-34.9302654,-8.1060232],[-34.9305488729409,-8.106563556065314],[-34.9313911,-8.1067144],[-34.9321067,-8.1071318],[-34.9330427,-8.1072364],[-34.9337996,-8.1069735],[-34.9349144,-8.1071998],[-34.9357603,-8.106845],[-34.9373646,-8.1078515],[-34.9373708,-8.1095309],[-34.9389698,-8.1080415],[-34.9390995,-8.1084553],[-34.9416579,-8.108352],[-34.9435761,-8.1076045],[-34.9429341,-8.108371],[-34.9430783,-8.1090227],[-34.9445451,-8.1084156],[-34.9444738,-8.1078401],[-34.9456871,-8.1084368],[-34.9465673,-8.1080364],[-34.9449238,-8.1095426],[-34.9465685,-8.109258],[-34.9470872,-8.1083309],[-34.9466972,-8.1078185],[-34.9456845,-8.1080166]]],[[[-34.9777308,-8.0982735],[-34.9771479,-8.0975552],[-34.9774161,-8.0965355],[-34.9751899,-8.0961744],[-34.9745486,-8.0984078],[-34.9751827,-8.0994632],[-34.9743262,-8.1011879],[-34.9717701,-8.1019261],[-34.9737175,-8.1027458],[-34.9748396,-8.1021258],[-34.9762306,-8.1035831],[-34.9771318,-8.1031794],[-34.9766276,-8.1023191],[-34.9779936,-8.1018902],[-34.9796585,-8.0983837],[-34.9789002,-8.0979177],[-34.978548,-8.0982456],[-34.9785569,-8.0976681],[-34.9777308,-8.0982735]]],[[[-34.9536583,-8.0905091],[-34.9520209,-8.090512],[-34.9534119,-8.0942186],[-34.9533899,-8.094731],[-34.9526051,-8.0942549],[-34.9523067,-8.0956819],[-34.9536815,-8.0963677],[-34.9535966,-8.0968169],[-34.9528932,-8.0971811],[-34.9533062,-8.0972661],[-34.9527429,-8.0985673],[-34.9511443,-8.0974732],[-34.9526625,-8.0999747],[-34.9501718,-8.0997219],[-34.9485318,-8.1029444],[-34.9489765,-8.1052513],[-34.949721,-8.1050379],[-34.9493415,-8.1048925],[-34.9496386,-8.1037867],[-34.9516458,-8.1039214],[-34.9521147,-8.1044876],[-34.9534251,-8.1042422],[-34.9543492,-8.1068391],[-34.9549419,-8.1075517],[-34.955856,-8.1071335],[-34.9558224,-8.1078539],[-34.9560668,-8.10711],[-34.958932,-8.1055985],[-34.9589736,-8.1060197],[-34.9602042,-8.1058888],[-34.9602979,-8.1062897],[-34.9613911,-8.104918],[-34.9622637,-8.1052186],[-34.9616933,-8.1029473],[-34.9623458,-8.1017599],[-34.9617315,-8.1015754],[-34.9622951,-8.1013528],[-34.962651,-8.1019724],[-34.9629535,-8.0999456],[-34.9619968,-8.098676],[-34.9607846,-8.0986646],[-34.9601487,-8.0939358],[-34.9597739,-8.0940914],[-34.9591372,-8.0930652],[-34.9594102,-8.0923021],[-34.9576679,-8.0910915],[-34.9573188,-8.0914081],[-34.9568308,-8.0908543],[-34.9564569,-8.0914339],[-34.9562365,-8.0909384],[-34.9557248,-8.0912435],[-34.9555722,-8.0905425],[-34.953621,-8.0900451],[-34.9536583,-8.0905091]],[[-34.9623708,-8.1002935],[-34.9623328,-8.1008287],[-34.9622951,-8.1013528],[-34.9623708,-8.1002935]]],[[[-34.9519256,-8.0789625],[-34.9547618,-8.0805558],[-34.9706257,-8.0787335],[-34.9705536,-8.0773885],[-34.9696202,-8.0764847],[-34.966289,-8.0761278],[-34.9590678,-8.0737733],[-34.9587307,-8.0728371],[-34.9571714,-8.0734233],[-34.9536026,-8.072084],[-34.9518968,-8.0755795],[-34.9519256,-8.0789625]],[[-34.9521265,-8.0778615],[-34.9536603,-8.0788408],[-34.9539827,-8.0795568],[-34.9521265,-8.0778615]]],[[[-34.9558317,-8.0672312],[-34.9543013,-8.0665731],[-34.9546849,-8.0658886],[-34.9590061,-8.0673141],[-34.9600965,-8.0668836],[-34.9600759,-8.0663548],[-34.9628476,-8.0655844],[-34.9602607,-8.0582465],[-34.9578808,-8.0594],[-34.9582317,-8.0612711],[-34.9578076,-8.0615358],[-34.9568339,-8.0612848],[-34.9565856,-8.0592312],[-34.9526598,-8.0603449],[-34.9524553,-8.0598113],[-34.9517215,-8.0600427],[-34.9511738,-8.06056],[-34.9514363,-8.0616694],[-34.9509556,-8.0617711],[-34.949531,-8.0593332],[-34.9490376,-8.0594826],[-34.9498432,-8.061871],[-34.9489871,-8.0624452],[-34.9479836,-8.0644146],[-34.949134,-8.0647512],[-34.9474347,-8.0654948],[-34.9492857,-8.0663961],[-34.9479429,-8.0677106],[-34.9468335,-8.0675629],[-34.9476374,-8.0686695],[-34.9499589,-8.0690394],[-34.9500401,-8.0683932],[-34.9513302,-8.067759],[-34.9499938,-8.0676986],[-34.9498467,-8.0669281],[-34.9509163,-8.0671269],[-34.951187,-8.0660014],[-34.9505103,-8.0656709],[-34.951205,-8.0639826],[-34.9523147,-8.0645811],[-34.9534785,-8.0662158],[-34.9540372,-8.0661315],[-34.9533148,-8.0704628],[-34.9540784,-8.0670955],[-34.9551215,-8.0670617],[-34.9551076,-8.0674194],[-34.9579324,-8.0677101],[-34.9579892,-8.0681546],[-34.9595064,-8.0681171],[-34.9595558,-8.0687555],[-34.9586454,-8.0688119],[-34.9586454,-8.069548],[-34.9564112,-8.0695029],[-34.9563277,-8.0689508],[-34.9556374,-8.0689245],[-34.9546976,-8.0708886],[-34.9560429,-8.071288],[-34.9553791,-8.070914],[-34.9559572,-8.0704205],[-34.9552728,-8.0701344],[-34.9559299,-8.0693785],[-34.958273,-8.0701637],[-34.9601246,-8.0693285],[-34.9607615,-8.0682996],[-34.9615982,-8.0681333],[-34.9627153,-8.0686555],[-34.9622815,-8.0689357],[-34.9612622,-8.0682452],[-34.960613,-8.0686993],[-34.9602641,-8.0699594],[-34.9592375,-8.0700669],[-34.9603445,-8.0719054],[-34.9600337,-8.0721916],[-34.95924592885329,-8.071160967180289],[-34.9590156,-8.0720506],[-34.9674909,-8.0748015],[-34.9685796,-8.0723827],[-34.9693628,-8.0721809],[-34.9700747,-8.071089],[-34.9721256,-8.0724022],[-34.9718939,-8.0732322],[-34.9732964,-8.0737078],[-34.9748,-8.0720728],[-34.9755394,-8.0723656],[-34.9759461,-8.0711454],[-34.9738141,-8.0705475],[-34.9741886,-8.0696594],[-34.9755394,-8.0689124],[-34.9794339,-8.0701326],[-34.9814116,-8.0588667],[-34.9790859,-8.0588852],[-34.9786282,-8.0623254],[-34.9750506,-8.0621719],[-34.9739859,-8.0637268],[-34.9716326,-8.0619647],[-34.9695217,-8.0637865],[-34.9666055,-8.064267],[-34.9649211,-8.0635341],[-34.9622581,-8.066664],[-34.9602394,-8.0675358],[-34.9599716,-8.0672288],[-34.958594,-8.0674497],[-34.9563076,-8.0667803],[-34.9558317,-8.0672312]],[[-34.9526485,-8.0638129],[-34.9530906,-8.0623926],[-34.9523598,-8.0619728],[-34.9526485,-8.0613564],[-34.9549054,-8.0608334],[-34.956621,-8.0617759],[-34.9556106,-8.0634147],[-34.95614,-8.064063],[-34.955337,-8.0630804],[-34.9526485,-8.0638129]],[[-34.9748181,-8.0711092],[-34.9741342,-8.0718156],[-34.973984,-8.071481],[-34.9748181,-8.0711092]]],[[[-34.98790691172013,-8.057956344795244],[-34.97492016547252,-8.053562086589778],[-34.9738071,-8.0540663],[-34.97314726263783,-8.0529621986209],[-34.968630732154516,-8.051433963545067],[-34.9720064,-8.0537694],[-34.9767163,-8.0555143],[-34.9787039,-8.0581806],[-34.9820888,-8.0583346],[-34.9846798,-8.0598059],[-34.98790691172013,-8.057956344795244]]],[[[-34.9797657,-8.0393159],[-34.9787869,-8.0402714],[-34.97609,-8.037237],[-34.975705,-8.037583],[-34.9750086,-8.0368176],[-34.9632298,-8.04041],[-34.962176,-8.0412748],[-34.9609575,-8.039366],[-34.9601306,-8.0391323],[-34.9600785,-8.0380641],[-34.9613831,-8.0397707],[-34.9617323,-8.0394586],[-34.9575681,-8.0324963],[-34.9594912,-8.0367244],[-34.9596977,-8.0385145],[-34.9613714,-8.0419565],[-34.9612212,-8.0430321],[-34.96463190911631,-8.049434306825589],[-34.972112,-8.051616],[-34.972,-8.052],[-34.97280144718712,-8.051855258302934],[-34.9730777,-8.0506528],[-34.9748644,-8.0525162],[-34.9756405,-8.0521531],[-34.975484118046865,-8.05278836121067],[-34.989571594295555,-8.057688352949347],[-34.99078932144007,-8.055740674820347],[-34.9914068,-8.0523672],[-34.9931368,-8.0512279],[-34.9928284,-8.0493874],[-34.9945423,-8.0466068],[-34.9927291,-8.0431569],[-34.99301757887714,-8.04170215646102],[-34.9881336,-8.0397159],[-34.9859889,-8.0397039],[-34.9834827,-8.0381839],[-34.9824459,-8.0386813],[-34.9812521,-8.0384904],[-34.9802085,-8.0398454],[-34.9797657,-8.0393159]],[[-34.9618778,-8.0414049],[-34.9612902,-8.0416615],[-34.960969,-8.0406903],[-34.9611125,-8.0405851],[-34.9618778,-8.0414049]],[[-34.969703,-8.0388135],[-34.9716396,-8.039281],[-34.9697405,-8.0405026],[-34.9688286,-8.0394669],[-34.969703,-8.0388135]]],[[[-34.9665978,-8.0374432],[-34.9684083,-8.0385443],[-34.9708427,-8.0378472],[-34.9714079,-8.0341026],[-34.9729183,-8.0339115],[-34.974117,-8.0292679],[-34.9713815,-8.0282585],[-34.9707653,-8.0274977],[-34.96907,-8.028206],[-34.9674928,-8.0272325],[-34.9651502,-8.027127],[-34.9643294,-8.0279922],[-34.9621983,-8.0274212],[-34.9598915,-8.0278372],[-34.9586885,-8.0298528],[-34.9611519,-8.0323714],[-34.9607421,-8.0330355],[-34.9634543,-8.0365398],[-34.9653825,-8.0378491],[-34.9665978,-8.0374432]],[[-34.9615017,-8.0336199],[-34.9619629,-8.034559],[-34.9613394,-8.0335809],[-34.9614282,-8.0325983],[-34.9615017,-8.0336199]]],[[[-34.9332565,-8.0248552],[-34.93161627009816,-8.026844093360769],[-34.9329025,-8.0264541],[-34.9388087,-8.0272933],[-34.941444996983236,-8.027049679219912],[-34.9376982,-8.0244196],[-34.93806029542507,-8.022109974639896],[-34.93337695204166,-8.023015812596846],[-34.9332565,-8.0248552]]],[[[-34.9760447,-8.0170998],[-34.9756068,-8.0175311],[-34.9748872,-8.0163269],[-34.9740222,-8.0162467],[-34.9735751,-8.0151622],[-34.974022466802275,-8.014647493334774],[-34.9731133,-8.0142027],[-34.970436,-8.0182504],[-34.9720842,-8.0187014],[-34.9726356,-8.0173593],[-34.9722028,-8.0187065],[-34.9741913,-8.018921],[-34.9744082,-8.0181761],[-34.9746245,-8.0192456],[-34.9757917,-8.0190054],[-34.9762984,-8.0179826],[-34.9782629,-8.0170874],[-34.9760447,-8.0170998]],[[-34.9716718,-8.0171319],[-34.9717289,-8.0170562],[-34.9717977,-8.0169696],[-34.9716718,-8.0171319]],[[-34.9717778,-8.0169558],[-34.9719281,-8.0167539],[-34.9720467,-8.0165947],[-34.9717778,-8.0169558]],[[-34.9761241,-8.0173951],[-34.9755572,-8.0187354],[-34.974931572981816,-8.018194574258098],[-34.9755083,-8.0175864],[-34.9761241,-8.0173951]]],[[[-34.9306273,-8.0162234],[-34.9321729,-8.0174753],[-34.9334407,-8.0169766],[-34.9339993,-8.0175193],[-34.9336471,-8.0140539],[-34.9343475,-8.0150676],[-34.9345228,-8.0143867],[-34.9352808,-8.0171194],[-34.9342783,-8.0183179],[-34.9332131,-8.0184758],[-34.9334972,-8.0191763],[-34.9334273,-8.0186624],[-34.9344125,-8.0184121],[-34.9351368,-8.0177321],[-34.9354962,-8.0166468],[-34.936595299614474,-8.016563060861143],[-34.9372977,-8.0153686],[-34.9370958,-8.0138327],[-34.9376063,-8.0132547],[-34.9372183,-8.0125709],[-34.9365838,-8.0137159],[-34.9354709,-8.0133021],[-34.9371167,-8.0117634],[-34.9369926,-8.0097478],[-34.936601,-8.0094716],[-34.9347047,-8.0112932],[-34.9347757,-8.0118967],[-34.9339187,-8.0122495],[-34.9341009,-8.0127913],[-34.9318436,-8.0126804],[-34.9314617,-8.0151591],[-34.9306273,-8.0162234]],[[-34.9329585,-8.0140123],[-34.9332459,-8.0140239],[-34.9328378,-8.014017],[-34.9329585,-8.0140123]],[[-34.9367573,-8.0139726],[-34.9364778,-8.0150035],[-34.9360527,-8.0155177],[-34.9351224,-8.0141326],[-34.9367573,-8.0139726]],[[-34.93321,-8.0153337],[-34.9330692,-8.0156474],[-34.9330929,-8.0153284],[-34.93321,-8.0153337]]],[[[-34.9440093,-8.0131792],[-34.9448005,-8.0129207],[-34.9461119,-8.0111391],[-34.944877,-8.010345],[-34.9455492,-8.0085906],[-34.9462407,-8.0098754],[-34.9477202,-8.0098457],[-34.9473983,-8.0104619],[-34.9485259,-8.0094504],[-34.9489229,-8.0107354],[-34.9496846,-8.0105654],[-34.9490516,-8.0117766],[-34.9493198,-8.0126371],[-34.9498456,-8.0127115],[-34.9503713,-8.0111923],[-34.951207,-8.0110462],[-34.9517338,-8.0095036],[-34.9522595,-8.0093654],[-34.9519044,-8.0089851],[-34.9529462,-8.0073787],[-34.9552381,-8.0073681],[-34.9554199,-8.0083854],[-34.9577098,-8.0065819],[-34.9577742,-8.0072831],[-34.9585027,-8.0075083],[-34.9577302,-8.0061591],[-34.9580746,-8.0047545],[-34.9572592,-8.0042764],[-34.9580638,-8.0033946],[-34.9563998,-8.0023343],[-34.9587709,-8.0013144],[-34.9580909,-7.9989058],[-34.9528928,-7.9943266],[-34.9446096,-7.9923985],[-34.9410375,-7.9935139],[-34.9393621,-7.995099],[-34.9403079,-7.9980293],[-34.9396856,-7.9981621],[-34.9398626,-7.9991183],[-34.9391486,-7.9994262],[-34.9381782,-8.0057904],[-34.9390043,-8.0065022],[-34.9387737,-8.0072937],[-34.9392994,-8.0073415],[-34.9395515,-8.0082287],[-34.9393432,-8.0103346],[-34.9404313,-8.010656],[-34.9398305,-8.0115113],[-34.9400772,-8.0124462],[-34.9418904,-8.0143798],[-34.943548,-8.0142948],[-34.9438269,-8.0147569],[-34.9440523,-8.0141567],[-34.9442561,-8.0147357],[-34.9446638,-8.0139123],[-34.9440093,-8.0131792]],[[-34.9512514,-8.0043789],[-34.9498724,-8.0051219],[-34.9490882,-8.0080172],[-34.9484365,-8.0078481],[-34.9492133,-8.0052859],[-34.9510655,-8.0027187],[-34.9512514,-8.0043789]]],[[[-34.9683529,-7.9992544],[-34.9694369,-7.9991014],[-34.9695839,-7.9979764],[-34.9704859,-7.9981115],[-34.9701708,-7.999123],[-34.9713535,-7.9997686],[-34.9719014,-7.9978015],[-34.9726775,-7.9982423],[-34.9729351,-7.9978934],[-34.972,-7.9969589],[-34.9727702,-7.9958126],[-34.972376,-7.9949603],[-34.9731913,-7.9935347],[-34.9736136,-7.9936261],[-34.9714654,-7.9927497],[-34.9727365,-7.9912933],[-34.9719331,-7.9905081],[-34.9717829,-7.9891268],[-34.9748221,-7.9861697],[-34.9739575,-7.9846035],[-34.9727218,-7.9837306],[-34.971835,-7.9847313],[-34.9708662,-7.9840898],[-34.96984746341787,-7.985344137533703],[-34.9669978,-7.9855994],[-34.9644015,-7.9888293],[-34.9462483,-7.9865344],[-34.9481151,-7.9926967],[-34.9514008,-7.991706],[-34.9529406,-7.9922572],[-34.9535224,-7.9931855],[-34.9572924,-7.9928588],[-34.95833,-7.9930571],[-34.958136,-7.9949155],[-34.9586065,-7.9949762],[-34.95879,-7.9962205],[-34.9570844,-7.996835],[-34.9592087,-7.9979453],[-34.9635646,-7.9969253],[-34.96351714151483,-7.9983944664622015],[-34.9629228,-7.997487],[-34.9614262,-7.9981396],[-34.9617448,-7.9982112],[-34.9621368,-7.9987241],[-34.9621935,-7.9978898],[-34.9629248,-7.998105],[-34.9631674,-7.9988077],[-34.96234,-7.999164],[-34.9627321,-8.0002474],[-34.963483622882634,-7.999432098618032],[-34.9632937,-8.0011442],[-34.9628785,-8.0006461],[-34.962713,-8.0011275],[-34.9620244,-8.0008266],[-34.9606099,-8.001659],[-34.9597795,-8.0014651],[-34.9589558,-8.0001179],[-34.9589018,-7.9985802],[-34.9596071,-7.998243],[-34.9585247,-7.99876],[-34.9588174,-8.0010874],[-34.9600664,-8.0019398],[-34.9625443,-8.0018529],[-34.9640929,-8.0029787],[-34.9645846,-8.0041332],[-34.9671155,-8.005138],[-34.9673038,-8.005734],[-34.96821865283052,-8.00536036187575],[-34.9686166,-8.0065204],[-34.969993,-8.0065479],[-34.9707713,-8.0078626],[-34.971812,-8.0074036],[-34.97109249848817,-8.005708307031313],[-34.9714343,-8.0042724],[-34.9706129,-8.0026409],[-34.9710449,-8.0015313],[-34.9701096,-8.0020908],[-34.9690509,-8.0017758],[-34.9700098,-7.9999446],[-34.9678045,-8.0003606],[-34.9684994,-7.9998504],[-34.9683529,-7.9992544]],[[-34.9629595,-8.0013113],[-34.9633909,-8.0015962],[-34.962986,-8.0021337],[-34.9629595,-8.0013113]],[[-34.96856793323518,-8.005304962089074],[-34.96861661208971,-8.005441515896994],[-34.9684889,-8.0054593],[-34.96856793323518,-8.005304962089074]],[[-34.9688718,-8.0029564],[-34.9688813,-8.0029117],[-34.9690144,-8.0029612],[-34.9688718,-8.0029564]],[[-34.9594209,-7.9977659],[-34.9591786,-7.9977363],[-34.9591546,-7.9976],[-34.9594209,-7.9977659]]],[[[-34.980021,-7.977168],[-34.9804072,-7.9763499],[-34.9789588,-7.9760312],[-34.9788837,-7.9750749],[-34.9785726,-7.9763393],[-34.9770705,-7.976318],[-34.9763946,-7.9771574],[-34.9759011,-7.976913],[-34.9766521,-7.9759568],[-34.9751286,-7.9762437],[-34.9759547,-7.9755318],[-34.9754934,-7.975298],[-34.9756758,-7.9745011],[-34.9748175,-7.9744161],[-34.9737875,-7.9767112],[-34.9707512,-7.978528],[-34.9721674,-7.9807805],[-34.9746673,-7.9798137],[-34.9751179,-7.9801855],[-34.9766306,-7.9780499],[-34.980021,-7.977168]],[[-34.9749303,-7.9751267],[-34.9751499,-7.9750084],[-34.975111,-7.9751901],[-34.9749303,-7.9751267]]],[[[-34.9255785,-7.9556684],[-34.924039,-7.957726],[-34.9231108,-7.9575396],[-34.9225558,-7.9590433],[-34.9229958,-7.96062],[-34.9240008,-7.9608307],[-34.9241742,-7.9594115],[-34.9264133,-7.9581985],[-34.9270768,-7.9568338],[-34.9264707,-7.9557471],[-34.926694,-7.9550521],[-34.9301252,-7.9550054],[-34.9303398,-7.9553986],[-34.9323394,-7.9534633],[-34.9321851,-7.9528378],[-34.9313912,-7.952944],[-34.9314737,-7.9514459],[-34.9303189,-7.951285],[-34.9290649,-7.9525896],[-34.9258892,-7.9522053],[-34.9242472,-7.9530721],[-34.9241736,-7.953857],[-34.9253484,-7.9542661],[-34.9255785,-7.9556684]]],[[[-34.9770642,-7.9414572],[-34.975884,-7.9419035],[-34.9747897,-7.9453888],[-34.9750686,-7.9470039],[-34.9772787,-7.9461538],[-34.9775068,-7.9469899],[-34.9782229,-7.9458776],[-34.9777079,-7.9451763],[-34.9784589,-7.9450275],[-34.9787379,-7.9441774],[-34.9776221,-7.9415422],[-34.9770642,-7.9414572]]],[[[-34.9239769,-7.9416134],[-34.9245503,-7.9417208],[-34.9242603,-7.9434466],[-34.9259933,-7.9434104],[-34.9281227,-7.9469956],[-34.9284874,-7.9507146],[-34.9412118,-7.9501834],[-34.9466621,-7.9553049],[-34.9525361,-7.9499443],[-34.9505298,-7.9488286],[-34.9520855,-7.9463634],[-34.9520104,-7.9455771],[-34.9543922,-7.9443445],[-34.9519782,-7.9400941],[-34.9535768,-7.9391165],[-34.9540186,-7.9379506],[-34.9535036,-7.9366755],[-34.9538684,-7.9353579],[-34.9563361,-7.9351453],[-34.9600482,-7.9366117],[-34.9601126,-7.9381844],[-34.960928,-7.9385669],[-34.9612713,-7.9378019],[-34.9651952,-7.9412998],[-34.9641466,-7.9434974],[-34.9636083,-7.9467778],[-34.9648743,-7.9496786],[-34.9666286,-7.9490449],[-34.9677658,-7.949624],[-34.9682753,-7.9487223],[-34.9670094,-7.9458359],[-34.9678677,-7.9453365],[-34.9689943,-7.945533],[-34.9687314,-7.9463353],[-34.9695574,-7.9481963],[-34.97331,-7.948315],[-34.9714423,-7.9440074],[-34.9720431,-7.9436249],[-34.9732642,-7.9440982],[-34.974795,-7.941823],[-34.973352,-7.9420948],[-34.9731589,-7.9429023],[-34.9722576,-7.9427323],[-34.971338,-7.941139],[-34.9732018,-7.9413297],[-34.9732617,-7.9418788],[-34.9740816,-7.9410959],[-34.9738026,-7.9403946],[-34.9754978,-7.9398208],[-34.975884,-7.9419035],[-34.9765043,-7.9394991],[-34.9779259,-7.9396425],[-34.9788057,-7.9391325],[-34.979385,-7.9400676],[-34.981166,-7.940025],[-34.9825772,-7.93882],[-34.984959,-7.9381824],[-34.9863323,-7.9349946],[-34.9855399,-7.9343803],[-34.9847889,-7.9347628],[-34.9845744,-7.9336577],[-34.9819978,-7.9351433],[-34.9821067,-7.9361654],[-34.9781585,-7.9366542],[-34.9782443,-7.9347841],[-34.9819565,-7.9344015],[-34.9818476,-7.9314879],[-34.9813327,-7.9306591],[-34.9818707,-7.930236],[-34.981330986782005,-7.93],[-34.9788452,-7.9302573],[-34.9763131,-7.9323825],[-34.9739957,-7.9327013],[-34.973588,-7.9332326],[-34.9722362,-7.9329989],[-34.9716354,-7.9319575],[-34.9720216,-7.9308311],[-34.9732232,-7.9315324],[-34.9733734,-7.9305548],[-34.9742103,-7.9306611],[-34.9749613,-7.9317025],[-34.9767423,-7.9308524],[-34.9772204181567,-7.93],[-34.92281848208955,-7.93],[-34.9217034,-7.9307249],[-34.92153635093158,-7.93],[-34.9204184280767,-7.93],[-34.9196649,-7.9327013],[-34.9179268,-7.9319362],[-34.9183345,-7.9336152],[-34.9178625,-7.9337852],[-34.9171114,-7.9320638],[-34.9145564,-7.9346545],[-34.9175605,-7.9410302],[-34.9199852,-7.9403288],[-34.9202241,-7.9406632],[-34.924428,-7.9390618],[-34.9252917,-7.9410821],[-34.9239769,-7.9416134]],[[-34.9256801,-7.9360482],[-34.9258644,-7.9361754],[-34.9255739,-7.9362916],[-34.9256801,-7.9360482]],[[-34.9270765,-7.935755],[-34.9272664,-7.9356609],[-34.9272664,-7.9359541],[-34.9270765,-7.935755]]],[[[-34.9340126,-8.149752],[-34.9344327,-8.1499207],[-34.93474721262365,-8.151281735487713],[-34.9341748,-8.1485628],[-34.9336616,-8.1477919],[-34.9305001,-8.1472299],[-34.930087,-8.1467094],[-34.929122,-8.1474061],[-34.9290624,-8.1467944],[-34.9279674,-8.1462475],[-34.9279895,-8.1454137],[-34.9267778,-8.145507],[-34.9261226,-8.1450048],[-34.9260582,-8.1440755],[-34.9235583,-8.1442029],[-34.9237515,-8.1451322],[-34.9223245,-8.1449676],[-34.9222494,-8.1445322],[-34.921155,-8.1447127],[-34.9213993,-8.1462088],[-34.919801,-8.1465723],[-34.9190203,-8.1479031],[-34.9196217,-8.1478308],[-34.9197031,-8.1493072],[-34.9218671,-8.1491375],[-34.92191,-8.1496473],[-34.9201839,-8.1505564],[-34.919961,-8.1512639],[-34.9232101,-8.1503368],[-34.9235635,-8.1513095],[-34.9225005,-8.1526818],[-34.921461,-8.1529075],[-34.92211092090536,-8.153485120371819],[-34.9209907,-8.1545943],[-34.9218416,-8.1541639],[-34.9245306,-8.1551659],[-34.9252089,-8.1529594],[-34.9258115,-8.1529757],[-34.9261119,-8.1537722],[-34.9273404,-8.1531403],[-34.9271472,-8.1523438],[-34.9278124,-8.1524075],[-34.9287888,-8.1509896],[-34.928542,-8.1504055],[-34.9291268,-8.1504586],[-34.9293574,-8.1487008],[-34.930028,-8.1496886],[-34.9304142,-8.1486902],[-34.9312136,-8.1492425],[-34.9314335,-8.1482335],[-34.9320022,-8.1490248],[-34.9330428,-8.1482428],[-34.9336383,-8.1485628],[-34.9338528,-8.1498915],[-34.9327633,-8.1494788],[-34.929502,-8.1510788],[-34.9283636,-8.1526363],[-34.92915416914863,-8.153042219564723],[-34.928823,-8.1538638],[-34.9267177,-8.1554093],[-34.9295126,-8.1563595],[-34.9314982,-8.1561296],[-34.9319019,-8.1539997],[-34.9306949,-8.1530903],[-34.9308758,-8.1520251],[-34.9332244,-8.1549741],[-34.933649,-8.1546945],[-34.9344162,-8.1524393],[-34.93511311814546,-8.15189852337263],[-34.934728,-8.1514803],[-34.9343891,-8.149958],[-34.9340126,-8.149752]]],[[[-34.9181586,-8.1003743],[-34.9179373,-8.0998866],[-34.9173328,-8.1003673],[-34.9168476,-8.1000762],[-34.9165767,-8.1007611],[-34.9170736,-8.1012549],[-34.9155041,-8.1021706],[-34.9174154,-8.1036686],[-34.9185355,-8.1029428],[-34.9172491,-8.1017241],[-34.9197875,-8.100712],[-34.9202461,-8.1016531],[-34.9191226,-8.1019817],[-34.9194356,-8.1027328],[-34.922242,-8.1024782],[-34.9218424,-8.1037888],[-34.91779491627913,-8.104148073909112],[-34.9212292,-8.104386],[-34.9222997,-8.104142],[-34.9223654,-8.1019552],[-34.9236087,-8.1005658],[-34.9217069,-8.0975936],[-34.9200748,-8.0966709],[-34.9200485,-8.0973258],[-34.9207864,-8.0977068],[-34.9184104,-8.0986809],[-34.9181586,-8.1003743]]],[[[-34.9000525,-8.1111119],[-34.9012364,-8.1100675],[-34.9015368,-8.1074174],[-34.9040838,-8.105732],[-34.9043842,-8.1048637],[-34.9038247,-8.1042123],[-34.9038757,-8.1028129],[-34.9069592,-8.0974814],[-34.9060978,-8.0985974],[-34.904904,-8.0974591],[-34.9055799,-8.0963597],[-34.9047071,-8.0965621],[-34.9029889,-8.0958339],[-34.9023843,-8.0962009],[-34.9015942,-8.0951279],[-34.9011363,-8.095463],[-34.9018114,-8.093991],[-34.9031795,-8.0944394],[-34.9029798,-8.0938109],[-34.9036825,-8.0938521],[-34.9023146,-8.0926638],[-34.9007405,-8.0927804],[-34.901061,-8.0923119],[-34.9006974,-8.0919355],[-34.901063,-8.0916192],[-34.9005319,-8.0915816],[-34.9004921,-8.0904005],[-34.9009286,-8.0894455],[-34.9019503,-8.0890336],[-34.9015274,-8.0887712],[-34.9008624,-8.0894174],[-34.9003854,-8.0903135],[-34.9000402,-8.0916467],[-34.9001445,-8.0934437],[-34.9003607,-8.0936108],[-34.8999221,-8.0968913],[-34.9008448,-8.098766],[-34.900629,-8.099583],[-34.8993588,-8.1003168],[-34.8998014,-8.1030864],[-34.8966927,-8.1052055],[-34.8947712,-8.1041175],[-34.8930208,-8.1041486],[-34.8918248,-8.1049925],[-34.8943855,-8.1075653],[-34.8959621,-8.1070889],[-34.8980955,-8.107521],[-34.8985621,-8.1068837],[-34.8990048,-8.1071599],[-34.9000525,-8.1111119]],[[-34.9007185,-8.0926402],[-34.9009634,-8.0922387],[-34.9010328,-8.0923242],[-34.9007185,-8.0926402]],[[-34.9017421,-8.0936549],[-34.9006547,-8.0938079],[-34.9015852,-8.0932275],[-34.9017421,-8.0936549]],[[-34.9009215,-8.0971076],[-34.9004323,-8.0973052],[-34.9003422,-8.0966636],[-34.900825,-8.0967677],[-34.9009215,-8.0971076]],[[-34.9021488,-8.096691],[-34.9025149,-8.0969129],[-34.9021488,-8.0968908],[-34.9021488,-8.096691]],[[-34.9025822,-8.0965967],[-34.9019321,-8.0963063],[-34.9021114,-8.0961066],[-34.9025822,-8.0965967]],[[-34.9018499,-8.0958237],[-34.9017733,-8.0962879],[-34.9016071,-8.0959365],[-34.9018499,-8.0958237]],[[-34.9012713,-8.0959902],[-34.9011189,-8.0957289],[-34.9018034,-8.0957757],[-34.9012713,-8.0959902]],[[-34.9006512,-8.0960157],[-34.9002542,-8.0958819],[-34.9003572,-8.0957799],[-34.9006512,-8.0960157]],[[-34.9007928,-8.0953699],[-34.9006061,-8.0958861],[-34.900722,-8.0953848],[-34.9007928,-8.0953699]],[[-34.9007563,-8.0951999],[-34.9009988,-8.095115],[-34.9010052,-8.0957693],[-34.9007563,-8.0951999]],[[-34.9006338,-8.093401],[-34.9002827,-8.0931162],[-34.9006021,-8.0930662],[-34.9006338,-8.093401]],[[-34.9002659,-8.0930866],[-34.9002117,-8.0929608],[-34.9006563,-8.093007],[-34.9002659,-8.0930866]],[[-34.9002566,-8.0928502],[-34.9005396,-8.0925789],[-34.9005735,-8.0927475],[-34.9002566,-8.0928502]],[[-34.9003991,-8.092279],[-34.9001599,-8.0920959],[-34.900287,-8.0920977],[-34.9003991,-8.092279]],[[-34.900788,-8.092192],[-34.9003109,-8.092049],[-34.9006648,-8.0919537],[-34.900788,-8.092192]]],[[[-34.8915535,-8.0974994],[-34.891524,-8.0987793],[-34.8896009,-8.1003965],[-34.8902312,-8.1019579],[-34.89106,-8.102558],[-34.8907784,-8.1041725],[-34.8916462,-8.1048227],[-34.8932299,-8.1038565],[-34.8945281,-8.1038087],[-34.8967946,-8.1048682],[-34.8993829,-8.1031634],[-34.8989081,-8.1001389],[-34.9005523,-8.09892],[-34.9001648,-8.0979484],[-34.9001304,-8.0985735],[-34.899714,-8.0981055],[-34.8993078,-8.0910333],[-34.8961052,-8.0907412],[-34.8954883,-8.0920875],[-34.8965853,-8.0925203],[-34.8970065,-8.0940951],[-34.8940185,-8.0953113],[-34.8915535,-8.0974994]]],[[[-34.9314407,-8.0782694],[-34.9310331,-8.0772216],[-34.9298181,-8.0774848],[-34.9284662,-8.0763694],[-34.925867,-8.0765771],[-34.9249947,-8.0788181],[-34.923227,-8.0799734],[-34.9265044,-8.083047],[-34.9283279,-8.081395],[-34.9292178,-8.0794199],[-34.9314407,-8.0782694]]],[[[-34.9236831,-8.045852],[-34.9244558,-8.0454371],[-34.9258245,-8.0476882],[-34.9277383,-8.0465318],[-34.9250926,-8.0418432],[-34.9231434,-8.0429516],[-34.9227097,-8.0441042],[-34.9236831,-8.045852]]],[[[-34.8669353,-8.0396547],[-34.8649384,-8.0374553],[-34.8633618,-8.0329916],[-34.8595843,-8.0273889],[-34.855,-8.022957730777545],[-34.8598001,-8.028399],[-34.8626495,-8.0336208],[-34.864603,-8.0401901],[-34.8633269,-8.0413015],[-34.8646983,-8.0409368],[-34.8659308,-8.0410954],[-34.8666764,-8.0418276],[-34.8664666,-8.04287],[-34.8679455,-8.0423211],[-34.8669353,-8.0396547]]],[[[-34.8604173,-8.0275818],[-34.864136,-8.0330115],[-34.8653562,-8.0362888],[-34.866784,-8.0334024],[-34.8614034,-8.0259311],[-34.8604173,-8.0275818]]],[[[-34.8625428,-8.0216656],[-34.8627199,-8.0223084],[-34.8636425,-8.0227118],[-34.8648281,-8.0220959],[-34.8652411,-8.0227012],[-34.8697204,-8.0210098],[-34.8693771,-8.0206404],[-34.8697848,-8.0203642],[-34.8674615,-8.0193716],[-34.8678642,-8.0189102],[-34.8666364,-8.0180809],[-34.8661649,-8.0184915],[-34.86730524369088,-8.019323902837593],[-34.8662282,-8.0194983],[-34.8655952,-8.0204226],[-34.8627842,-8.0192009],[-34.86309,-8.0215541],[-34.8625428,-8.0216656]]],[[[-34.8594528,-8.0022978],[-34.8602816,-8.0016869],[-34.8612311,-8.0018595],[-34.8613357,-8.0012699],[-34.862371,-8.0020826],[-34.8621672,-8.0027174],[-34.8619633,-8.0022234],[-34.8607885,-8.0021942],[-34.8601636,-8.0032593],[-34.8616983,-8.0029922],[-34.8617836,-8.0039419],[-34.8624488,-8.0038303],[-34.8650344,-8.0012327],[-34.8659566,-8.001677],[-34.8650314,-7.9979594],[-34.8626017,-7.9992618],[-34.8610353,-7.9989723],[-34.8586052,-7.9995646],[-34.859316,-8.0010122],[-34.8604827,-8.0005129],[-34.8607751,-8.0010839],[-34.8593428,-8.0013389],[-34.8589727,-8.0017161],[-34.8594528,-8.0022978]]],[[[-34.9093445,-8.0008403],[-34.913653,-7.9994256],[-34.915794,-7.9974105],[-34.9158055,-7.9959894],[-34.9126515,-7.9936454],[-34.9091875,-7.9967725],[-34.9093151,-7.9979855],[-34.9083313,-7.997578],[-34.9077574,-7.9988377],[-34.9093445,-8.0008403]]],[[[-34.8833835,-7.9884592],[-34.8852718,-7.9882493],[-34.8835015,-7.9873675],[-34.8832065,-7.9865334],[-34.8824689,-7.987147],[-34.8816025,-7.986212],[-34.87976754381968,-7.985975996677658],[-34.8793602,-7.9850699],[-34.881734,-7.985981],[-34.8829275,-7.9854046],[-34.8838931,-7.986552],[-34.8838744,-7.9856117],[-34.8844028,-7.985633],[-34.8873478,-7.9900423],[-34.8880264,-7.9894021],[-34.8860496,-7.9870328],[-34.8873666,-7.9876145],[-34.8881847,-7.9866848],[-34.8881525,-7.9882281],[-34.8889545,-7.9878642],[-34.8896036,-7.9894313],[-34.8896492,-7.9866158],[-34.8908079,-7.9865892],[-34.8913899,-7.9859916],[-34.8898557,-7.9860845],[-34.8901856,-7.9848521],[-34.888528,-7.9842518],[-34.8883027,-7.9854099],[-34.8888338,-7.98588],[-34.8869321,-7.9866052],[-34.8861542,-7.984953],[-34.886798,-7.9844005],[-34.8865351,-7.9831813],[-34.8873505,-7.9831494],[-34.8877931,-7.9823791],[-34.8885521,-7.9836621],[-34.8890832,-7.982929],[-34.8899737,-7.9837869],[-34.8900032,-7.9828679],[-34.8908883,-7.9824774],[-34.8904565,-7.9838002],[-34.8922536,-7.983678],[-34.8924306,-7.9849344],[-34.8936403,-7.9827138],[-34.8926559,-7.9830166],[-34.8927444,-7.9820551],[-34.8920175,-7.982419],[-34.8924118,-7.9814601],[-34.8917654,-7.9812688],[-34.892672,-7.9797867],[-34.8912424,-7.9797362],[-34.8898101,-7.978424],[-34.8896357,-7.9796565],[-34.8903492,-7.9800151],[-34.8905933,-7.9810723],[-34.8873639,-7.9821374],[-34.8866934,-7.9805995],[-34.886401,-7.9817416],[-34.8855373,-7.9819834],[-34.8850894,-7.980294],[-34.8840326,-7.9814601],[-34.8833674,-7.9833805],[-34.8826271,-7.9826873],[-34.8832789,-7.9811546],[-34.8830429,-7.9798504],[-34.8825225,-7.9809395],[-34.8820639,-7.9803657],[-34.8816589,-7.9811918],[-34.8774118,-7.9816848],[-34.8760946,-7.9825786],[-34.8752815,-7.9846883],[-34.8761515,-7.9881184],[-34.8754766,-7.9893504],[-34.8757368,-7.9924424],[-34.8780948,-7.9939561],[-34.8793469,-7.9939239],[-34.8809975,-7.9885694],[-34.8804814,-7.9878722],[-34.8808059,-7.9876729],[-34.8818788,-7.9891498],[-34.8811948,-7.9897049],[-34.8811117,-7.9924355],[-34.881624,-7.9938087],[-34.8817635,-7.9914553],[-34.8828042,-7.9885707],[-34.8829651,-7.9900821],[-34.8839361,-7.9908922],[-34.8841721,-7.990438],[-34.8835042,-7.9900343],[-34.8842552,-7.9895004],[-34.8833835,-7.9884592]],[[-34.8811197,-7.9846529],[-34.8811922,-7.9852877],[-34.8793602,-7.9850699],[-34.8811197,-7.9846529]],[[-34.881274,-7.9834482],[-34.8808166,-7.9831972],[-34.8813558,-7.9833247],[-34.8811197,-7.9846529],[-34.881274,-7.9834482]],[[-34.8810312,-7.9821162],[-34.8808268,-7.9819747],[-34.8808193,-7.9814388],[-34.8810312,-7.9821162]],[[-34.8815757,-7.9822835],[-34.880913529238896,-7.982597047582385],[-34.8810312,-7.9821162],[-34.8815757,-7.9822835]],[[-34.880139562228855,-7.987279806117822],[-34.87985923569546,-7.986052833081603],[-34.8802963,-7.9861138],[-34.8803258,-7.9869717],[-34.880139562228855,-7.987279806117822]],[[-34.8807174,-7.9831787],[-34.880656,-7.9828202],[-34.8808957638316,-7.982612441537671],[-34.8807174,-7.9831787]]],[[[-34.8711019,-7.9866932],[-34.8733835,-7.9870568],[-34.8749374,-7.9857063],[-34.8737235,-7.9852943],[-34.8750494,-7.9842072],[-34.8751211,-7.9834222],[-34.8733508,-7.9832259],[-34.873142,-7.9817121],[-34.8720132,-7.9809469],[-34.8709576,-7.9806872],[-34.8689841,-7.9812131],[-34.8687612,-7.9799989],[-34.8678236,-7.9798496],[-34.8671155,-7.9812261],[-34.8661123,-7.9816481],[-34.862861,-7.9808068],[-34.8627685,-7.9826546],[-34.8652675,-7.9836092],[-34.8656579,-7.9846674],[-34.8651129,-7.985116],[-34.864129,-7.9847094],[-34.8641998,-7.9854875],[-34.8653606,-7.9855085],[-34.865476,-7.9864256],[-34.8663669,-7.9860913],[-34.8661357,-7.9869806],[-34.8669767,-7.9868881],[-34.8675031,-7.9878329],[-34.8711019,-7.9866932]]],[[[-34.8578153,-7.9739298],[-34.8551599,-7.9756405],[-34.8561952,-7.976703],[-34.8550848,-7.9783658],[-34.8558036,-7.9799117],[-34.8570803,-7.9796408],[-34.8585058,-7.9782341],[-34.8597786,-7.9788174],[-34.8610339,-7.9778505],[-34.8602775,-7.9772183],[-34.8613504,-7.9761824],[-34.861227,-7.9754758],[-34.8606745,-7.9754492],[-34.8598966,-7.9736695],[-34.8578153,-7.9739298]]],[[[-34.9170119,-7.9693001],[-34.9142411,-7.9681611],[-34.9130988,-7.9691144],[-34.913719,-7.9759998],[-34.9140714,-7.9758186],[-34.9141339,-7.9769666],[-34.914775,-7.9772021],[-34.9144454,-7.9787857],[-34.917917,-7.9720177],[-34.9170119,-7.9693001]]],[[[-34.8732034,-7.9690335],[-34.8727597,-7.9691983],[-34.871823,-7.970547],[-34.8724701,-7.970431],[-34.8721558,-7.9717736],[-34.8725748,-7.9728171],[-34.8720141,-7.973165],[-34.8737271,-7.9743855],[-34.8749287,-7.9770889],[-34.8758839,-7.9772781],[-34.8775415,-7.9765335],[-34.8786506,-7.9745136],[-34.8788786,-7.9712305],[-34.8774244,-7.9723777],[-34.8740476,-7.9726524],[-34.8748425,-7.9704066],[-34.8732034,-7.9690335]]],[[[-34.913731,-7.9614283],[-34.9148131,-7.9624456],[-34.9152685,-7.9614906],[-34.9163147,-7.9624193],[-34.9162955,-7.9635629],[-34.9174949,-7.9641504],[-34.9174949,-7.9650476],[-34.9214437,-7.9639483],[-34.9215777,-7.9634428],[-34.9222667,-7.9635123],[-34.9225989,-7.9645856],[-34.9231041,-7.9646303],[-34.9232405,-7.9616465],[-34.9214008,-7.959693],[-34.9223336,-7.9565665],[-34.9217757,-7.9559077],[-34.9203002,-7.9557047],[-34.9192717,-7.957179],[-34.9155818,-7.9581886],[-34.9151848,-7.9593948],[-34.9127361,-7.9594118],[-34.9141525,-7.9600942],[-34.9144588,-7.9596539],[-34.9145073,-7.9610381],[-34.913731,-7.9614283]]],[[[-34.9032729,-7.9483541],[-34.9043234,-7.9488342],[-34.9043687,-7.949372],[-34.9029689,-7.9551884],[-34.904471,-7.9576535],[-34.9021217,-7.9597281],[-34.9008024,-7.9593189],[-34.9011541,-7.958775],[-34.902149,-7.9587219],[-34.9017839,-7.9576668],[-34.9003785,-7.9579779],[-34.8998497,-7.9585351],[-34.9000435,-7.9591355],[-34.8980845,-7.9604592],[-34.8995081,-7.9608127],[-34.8987508,-7.9618481],[-34.9005264,-7.9633423],[-34.8996859,-7.96456],[-34.9059515,-7.9658351],[-34.912067,-7.9657926],[-34.9108653,-7.9583973],[-34.9115305,-7.9577173],[-34.9112301,-7.9554646],[-34.907338,-7.9492476],[-34.9054138,-7.9476139],[-34.90631,-7.9489959],[-34.9054983,-7.9492175],[-34.9046825,-7.94829],[-34.9032729,-7.9483541]],[[-34.904807,-7.95298],[-34.9043519,-7.9503464],[-34.9045843,-7.9502764],[-34.904807,-7.95298]]],[[[-34.8645914,-7.9507065],[-34.8652293,-7.9508893],[-34.8651702,-7.9517074],[-34.8639209,-7.9520666],[-34.8634971,-7.9540589],[-34.8624993,-7.9532885],[-34.8618824,-7.9537773],[-34.8611054,-7.9531649],[-34.8603428,-7.9536126],[-34.8596576,-7.953188],[-34.8596454,-7.9523907],[-34.8583453,-7.9517946],[-34.8575294,-7.9521532],[-34.8575748,-7.950834],[-34.8564643,-7.9511315],[-34.8554344,-7.9501912],[-34.8565716,-7.9485123],[-34.8559386,-7.9481616],[-34.855,-7.948760452512154],[-34.855,-7.954672241858161],[-34.856341,-7.9547017],[-34.856636,-7.9532832],[-34.8571349,-7.9532992],[-34.8575796,-7.9542151],[-34.8569788,-7.9550492],[-34.8591304,-7.9566569],[-34.8594523,-7.9583357],[-34.8602564,-7.95812],[-34.8626924,-7.9596904],[-34.8629392,-7.957831],[-34.8644407,-7.9584308],[-34.8659808,-7.9562877],[-34.867,-7.9561787],[-34.8659003,-7.9555784],[-34.8659433,-7.9550949],[-34.8644895,-7.9547125],[-34.8661847,-7.9517956],[-34.8652191,-7.9501221],[-34.8652781,-7.9492242],[-34.8661632,-7.9487248],[-34.8658467,-7.9481563],[-34.8652024,-7.9488597],[-34.8645914,-7.9507065]]],[[[-34.9091854,-7.9507518],[-34.9101944,-7.9506608],[-34.9097398,-7.9519715],[-34.9119119,-7.9552133],[-34.9122857,-7.9575046],[-34.9134576,-7.9575846],[-34.9134576,-7.9584651],[-34.9143769,-7.9583451],[-34.9146901,-7.9566641],[-34.9122048,-7.9532823],[-34.9126191,-7.9527119],[-34.9115583,-7.94932],[-34.9118816,-7.9482594],[-34.910447,-7.9481093],[-34.9107298,-7.9487297],[-34.9091854,-7.9507518]]],[[[-34.8839781,-7.94839],[-34.8802809,-7.9471247],[-34.879468,-7.9496176],[-34.881125,-7.9515419],[-34.8814254,-7.9534385],[-34.8833022,-7.9542288],[-34.8836938,-7.9549833],[-34.8872297,-7.9542745],[-34.8848104,-7.9521972],[-34.8853254,-7.9501836],[-34.8862419,-7.9504939],[-34.8874703,-7.9499308],[-34.8871377,-7.9496014],[-34.8875945,-7.9490201],[-34.8839781,-7.94839]]],[[[-34.8603348,-7.9416858],[-34.8627084,-7.9407122],[-34.8632562,-7.9399279],[-34.8643153,-7.9399895],[-34.8638678,-7.9383765],[-34.8612285,-7.9390353],[-34.8608583,-7.9398375],[-34.8592812,-7.9404804],[-34.8550862,-7.9408151],[-34.855,-7.945382160000001],[-34.8556119,-7.9451664],[-34.8554295,-7.9445448],[-34.8569423,-7.9437479],[-34.8573554,-7.9444545],[-34.8589969,-7.9433388],[-34.8599035,-7.9442898],[-34.8608154,-7.9436416],[-34.8597351,-7.9408919],[-34.8603348,-7.9416858]]],[[[-34.8870569,-7.9383946],[-34.8894695,-7.9376299],[-34.8871471,-7.9374099],[-34.8867875,-7.9367764],[-34.8876382,-7.9356828],[-34.8860021,-7.9343747],[-34.8848126,-7.9361922],[-34.8835863,-7.9353975],[-34.884124,-7.9345739],[-34.8814881,-7.9381467],[-34.8831243,-7.9384628],[-34.8858671,-7.9376602],[-34.886663,-7.9397487],[-34.8877117,-7.9394139],[-34.8870569,-7.9383946]]],[[[-34.868618,-7.9390778],[-34.8675799,-7.9384695],[-34.8713002,-7.9358926],[-34.8719332,-7.9345537],[-34.8727298,-7.9352949],[-34.8739931,-7.9353746],[-34.8717749,-7.9335469],[-34.8688459,-7.9342057],[-34.8677918,-7.9324391],[-34.8663381,-7.9346441],[-34.8665661,-7.9354251],[-34.8651552,-7.9371518],[-34.8665312,-7.9401776],[-34.8684543,-7.9395958],[-34.868618,-7.9390778]]],[[[-34.8796913,-7.9341872],[-34.882393,-7.9345216],[-34.8837425,-7.9334207],[-34.8828846,-7.9332655],[-34.8828466,-7.9323617],[-34.8842274,-7.932482],[-34.88598815778052,-7.93],[-34.884144069119806,-7.93],[-34.8826325,-7.9307575],[-34.88194305909661,-7.93],[-34.8770961,-7.9303781],[-34.8776963,-7.932525],[-34.8796913,-7.9341872]]],[[[-34.8723633,-7.9325301],[-34.872484,-7.9329625],[-34.8747775,-7.9319079],[-34.874373,-7.9314846],[-34.8749747,-7.9307753],[-34.8739897,-7.9306894],[-34.873769243516485,-7.93],[-34.8681016,-7.9301416],[-34.8670851,-7.9312659],[-34.8693031,-7.9323592],[-34.8710752,-7.932821],[-34.8711644,-7.9323861],[-34.8723633,-7.9325301]]]]}},{"type":"Feature","properties":{"classe_uso":"Área Urbana","fonte":"osm"},"geometry":{"type":"MultiPolygon","coordinates":[[[[-34.9621244,-8.1518263],[-34.9632632,-8.1522549],[-34.9634528,-8.1518133],[-34.962300751349446,-8.151402065487922],[-34.9621244,-8.1518263]]],[[[-34.96242822475075,-8.151094358596435],[-34.962905084553235,-8.149943271028395],[-34.9643841,-8.1501628],[-34.96146,-8.1495555],[-34.9611076,-8.1506869],[-34.96242822475075,-8.151094358596435]]],[[[-34.9634753,-8.1486902],[-34.9650664,-8.1482013],[-34.962379,-8.1472982],[-34.9620956,-8.1480483],[-34.9634753,-8.1486902]]],[[[-34.9827362,-8.1123224],[-34.9817461,-8.11361],[-34.98291004569797,-8.11258483060747],[-34.9827362,-8.1123224]]],[[[-34.99693107149305,-8.103278894185491],[-34.9965963,-8.1041379],[-34.9968174,-8.1041713],[-34.99720698771949,-8.105102499427954],[-34.99693107149305,-8.103278894185491]]],[[[-34.9549054,-8.0608334],[-34.9526485,-8.0613564],[-34.9523598,-8.0619728],[-34.9530906,-8.0623926],[-34.9526485,-8.0638129],[-34.955337,-8.0630804],[-34.95614,-8.064063],[-34.9556106,-8.0634147],[-34.956621,-8.0617759],[-34.9549054,-8.0608334]]],[[[-34.9923381,-8.0555566],[-34.991417,-8.0573065],[-34.9919937,-8.0577959],[-34.9939183,-8.0562536],[-34.9924233,-8.0538961],[-34.9923381,-8.0555566]]],[[[-34.97314726263783,-8.0529621986209],[-34.9738071,-8.0540663],[-34.97492016547252,-8.053562086589778],[-34.97314726263783,-8.0529621986209]]],[[[-34.9748644,-8.0525162],[-34.9730777,-8.0506528],[-34.97280144718712,-8.051855258302934],[-34.9738576,-8.0519726],[-34.97394433205008,-8.052252783472657],[-34.975484118046865,-8.05278836121067],[-34.9753611,-8.0521796],[-34.9748644,-8.0525162]]],[[[-34.9611125,-8.0405851],[-34.9612902,-8.0416615],[-34.9618778,-8.0414049],[-34.9611125,-8.0405851]]],[[[-35.0053923,-8.0367886],[-35.0058485,-8.0370916],[-35.0065605,-8.0371935],[-35.0066849,-8.0367348],[-35.0060200103144,-8.036416050106874],[-35.0053923,-8.0367886]],[[-35.0057054,-8.0368463],[-35.0056883,-8.0369027],[-35.0056115,-8.0368745],[-35.0057054,-8.0368463]],[[-35.0057168,-8.0366801],[-35.0056997,-8.0367364],[-35.0056228,-8.0367082],[-35.0057168,-8.0366801]]],[[[-35.0039403,-8.0360763],[-35.0025433,-8.035115],[-34.9996787,-8.0355771],[-35.0008543,-8.0355026],[-35.004507,-8.0365434],[-35.0053757,-8.0361986],[-35.0039403,-8.0360763]]],[[[-35.0018283,-7.9873335],[-35.002082,-7.9885933],[-35.0025253,-7.9883038],[-35.0018283,-7.9873335]]],[[[-35.0141046,-7.9862116],[-35.0128538,-7.9870869],[-35.0138896,-7.9871419],[-35.0144496,-7.9869461],[-35.0141046,-7.9862116]]],[[[-34.9763131,-7.9323825],[-34.979836342591234,-7.93],[-34.9772204181567,-7.93],[-34.9767423,-7.9308524],[-34.9749613,-7.9317025],[-34.9742103,-7.9306611],[-34.9733734,-7.9305548],[-34.9732232,-7.9315324],[-34.9720216,-7.9308311],[-34.9716354,-7.9319575],[-34.9722362,-7.9329989],[-34.973588,-7.9332326],[-34.9739957,-7.9327013],[-34.9763131,-7.9323825]]],[[[-34.9445611,-8.1526865],[-34.944824,-8.1517944],[-34.9438888,-8.1513686],[-34.9434591,-8.1523302],[-34.9445611,-8.1526865]]],[[[-34.93356255764995,-8.119959352234655],[-34.9337939,-8.1210915],[-34.93470789456483,-8.119994787256637],[-34.9341936,-8.1203401],[-34.93356255764995,-8.119959352234655]]],[[[-34.904211,-8.1027834],[-34.9045452,-8.103753410994612],[-34.9045452,-8.1029],[-34.904696,-8.102404],[-34.905398836330306,-8.101328440386522],[-34.904211,-8.1027834]]],[[[-34.904603676767195,-8.050361804818502],[-34.9046078,-8.050293],[-34.90377660500973,-8.046890363420527],[-34.9040258,-8.0485615],[-34.904603676767195,-8.050361804818502]]],[[[-34.9545008,-8.1539132],[-34.95668600977918,-8.16],[-34.95932059538384,-8.16],[-34.9583808,-8.1587563],[-34.9580616,-8.155934],[-34.9584425,-8.1550976],[-34.9592714,-8.1570474],[-34.9588999,-8.1585762],[-34.9601651,-8.1545268],[-34.9609766,-8.1547515],[-34.9607696,-8.1557593],[-34.9625918,-8.1568155],[-34.9621224,-8.1585306],[-34.964924,-8.1592212],[-34.96455846865149,-8.16],[-34.97499098706503,-8.16],[-34.9755079,-8.1585458],[-34.9781528,-8.1590804],[-34.9777182791061,-8.16],[-34.98438160233801,-8.16],[-34.9781882,-8.1589216],[-34.978162,-8.1535324],[-34.9812493,-8.150613],[-34.9821717,-8.1485734],[-34.9790387,-8.1465583],[-34.9814289,-8.1451275],[-34.9836781,-8.145351],[-34.9832965,-8.143697],[-34.9818742,-8.1440908],[-34.9811017,-8.1421047],[-34.979546,-8.1417436],[-34.9792778,-8.1443563],[-34.9785053,-8.1442501],[-34.9777853,-8.1454352],[-34.978367,-8.1458032],[-34.9781527,-8.1465705],[-34.9753361,-8.1459249],[-34.9731114,-8.1503897],[-34.975136,-8.1513465],[-34.9754512,-8.1510071],[-34.9780035,-8.1534961],[-34.977809,-8.1566528],[-34.9745187,-8.1560334],[-34.974782976592984,-8.157247915735613],[-34.9760143,-8.1570755],[-34.9758055,-8.1585024],[-34.974145,-8.1581103],[-34.9742451,-8.1574907],[-34.9733884,-8.1572679],[-34.9730781,-8.1578869],[-34.9698269,-8.1571641],[-34.9705847,-8.1553987],[-34.9698993,-8.1552201],[-34.9704925,-8.1540718],[-34.9711972,-8.1540001],[-34.9721653,-8.1517416],[-34.971468,-8.1500683],[-34.97186147532545,-8.150641126869129],[-34.9717802,-8.1494511],[-34.9736925,-8.1474848],[-34.9729254,-8.1471899],[-34.9728937,-8.1452156],[-34.9749116,-8.1439192],[-34.9759571,-8.1440904],[-34.9767437,-8.1431494],[-34.977661,-8.1407745],[-34.9798353,-8.1384725],[-34.9798728,-8.1356227],[-34.9793527,-8.1349184],[-34.9786168,-8.1351358],[-34.978144,-8.1346429],[-34.9792063,-8.1344596],[-34.9784919,-8.1325125],[-34.9726931,-8.1296702],[-34.9717581,-8.1282857],[-34.972095286050454,-8.127109024353928],[-34.9713616,-8.1287572],[-34.9723379,-8.133388],[-34.971131,-8.1346678],[-34.9706052,-8.1344873],[-34.9705516,-8.1333774],[-34.9714045,-8.1323578],[-34.9705784,-8.1314363],[-34.9707876,-8.130669],[-34.9691575,-8.1273583],[-34.9700473,-8.1268879],[-34.9703209,-8.1255337],[-34.9690908,-8.119964],[-34.9700886,-8.1217377],[-34.9723899,-8.1223963],[-34.9719554,-8.1261827],[-34.97209204621581,-8.127086678668803],[-34.9719613,-8.1261849],[-34.9724533,-8.1232227],[-34.9724126,-8.1214639],[-34.9728151,-8.1197977],[-34.9719654,-8.1192463],[-34.973181,-8.1178658],[-34.9725264,-8.1166987],[-34.9735402,-8.1158198],[-34.9727791,-8.1146152],[-34.9720872,-8.1153706],[-34.970646,-8.1146519],[-34.9720191,-8.1134337],[-34.9761631,-8.1128395],[-34.9777643,-8.1117145],[-34.9772407,-8.1113413],[-34.9772318,-8.1097698],[-34.9784781,-8.1108358],[-34.9794924,-8.1087478],[-34.9794026,-8.1098657],[-34.9808853,-8.1111784],[-34.9808868,-8.1130944],[-34.9818069,-8.1132503],[-34.9826638,-8.1122276],[-34.9838243,-8.1137024],[-34.9866176819045,-8.112737433586616],[-34.9872376,-8.1087943],[-34.9911992,-8.1090505],[-34.9919905,-8.1103981],[-34.9910249,-8.1105787],[-34.9908653,-8.1117015],[-34.9923552,-8.1113647],[-34.9917983,-8.1135013],[-34.9934118,-8.1126345],[-34.9938852,-8.1115822],[-34.993727,-8.1125004],[-34.9923073,-8.1137279],[-34.99167317687546,-8.113516930726828],[-34.9903811,-8.1145193],[-34.9861432,-8.1144555],[-34.98637104016167,-8.112936427937463],[-34.9869625,-8.1127616],[-34.9858511,-8.1130297],[-34.9847373,-8.1136261],[-34.98376741867367,-8.113727906322346],[-34.9884342,-8.1191639],[-34.993224,-8.1235877],[-34.9870407,-8.1245592],[-34.9824438,-8.1304951],[-34.9830303,-8.1301266],[-34.98285110916636,-8.130700496848617],[-34.9860791,-8.1323283],[-34.9892257,-8.1318833],[-34.9904854,-8.1335508],[-34.9924932,-8.1346504],[-34.9968708,-8.1355836],[-35.003308,-8.1343586],[-35.0031861,-8.1320661],[-35.0039436,-8.1326903],[-35.0044094,-8.1364173],[-35.0000288,-8.1446863],[-34.997333,-8.1522996],[-34.9975021,-8.155993],[-34.993501054063984,-8.16],[-34.99809,-8.1561276],[-34.9979398,-8.1534088],[-35.0010512,-8.1571472],[-35.0015232,-8.1594411],[-35.002793533581794,-8.16],[-35.02,-8.16],[-35.02,-7.93],[-34.98582845119444,-7.93],[-34.9847444,-7.9310416],[-34.981330986782005,-7.93],[-34.9818707,-7.930236],[-34.9813327,-7.9306591],[-34.9818476,-7.9314879],[-34.9819565,-7.9344015],[-34.9782443,-7.9347841],[-34.9781585,-7.9366542],[-34.9821067,-7.9361654],[-34.9819978,-7.9351433],[-34.9845744,-7.9336577],[-34.9847889,-7.9347628],[-34.9855399,-7.9343803],[-34.9863323,-7.9349946],[-34.984959,-7.9381824],[-34.9825772,-7.93882],[-34.981166,-7.940025],[-34.979385,-7.9400676],[-34.9788057,-7.9391325],[-34.9779259,-7.9396425],[-34.9765043,-7.9394991],[-34.975884,-7.9419035],[-34.9754978,-7.9398208],[-34.9738026,-7.9403946],[-34.9740816,-7.9410959],[-34.9732617,-7.9418788],[-34.9732018,-7.9413297],[-34.971338,-7.941139],[-34.9722576,-7.9427323],[-34.9731589,-7.9429023],[-34.973352,-7.9420948],[-34.974795,-7.941823],[-34.9732642,-7.9440982],[-34.9720431,-7.9436249],[-34.9714423,-7.9440074],[-34.97331,-7.948315],[-34.9695574,-7.9481963],[-34.9687314,-7.9463353],[-34.9689943,-7.945533],[-34.9678677,-7.9453365],[-34.9670094,-7.9458359],[-34.9682753,-7.9487223],[-34.9677658,-7.949624],[-34.9666286,-7.9490449],[-34.9648743,-7.9496786],[-34.9636083,-7.9467778],[-34.9641466,-7.9434974],[-34.9651952,-7.9412998],[-34.9612713,-7.9378019],[-34.960928,-7.9385669],[-34.9601126,-7.9381844],[-34.9600482,-7.9366117],[-34.9563361,-7.9351453],[-34.9538684,-7.9353579],[-34.9535036,-7.9366755],[-34.9540186,-7.9379506],[-34.9535768,-7.9391165],[-34.9519782,-7.9400941],[-34.9543922,-7.9443445],[-34.9520104,-7.9455771],[-34.9520855,-7.9463634],[-34.9505298,-7.9488286],[-34.9525361,-7.9499443],[-34.9466621,-7.9553049],[-34.9412118,-7.9501834],[-34.9284874,-7.9507146],[-34.9281227,-7.9469956],[-34.9259933,-7.9434104],[-34.9242603,-7.9434466],[-34.9245503,-7.9417208],[-34.9239769,-7.9416134],[-34.9252917,-7.9410821],[-34.924428,-7.9390618],[-34.9202241,-7.9406632],[-34.9199852,-7.9403288],[-34.9175605,-7.9410302],[-34.9145564,-7.9346545],[-34.9171114,-7.9320638],[-34.9178625,-7.9337852],[-34.9183345,-7.9336152],[-34.9179268,-7.9319362],[-34.9196649,-7.9327013],[-34.9204184280767,-7.93],[-34.91631540704311,-7.93],[-34.9164056,-7.9303956],[-34.9144422,-7.9315113],[-34.911590845447705,-7.93],[-34.91057144609375,-7.93],[-34.910097,-7.9308738],[-34.9118888,-7.9318408],[-34.910891,-7.9323083],[-34.9087667,-7.9311713],[-34.9089567416166,-7.93],[-34.89296331387462,-7.93],[-34.89021309217492,-7.93],[-34.88598815778052,-7.93],[-34.8842274,-7.932482],[-34.8828466,-7.9323617],[-34.8828846,-7.9332655],[-34.8837425,-7.9334207],[-34.882393,-7.9345216],[-34.8796913,-7.9341872],[-34.8776963,-7.932525],[-34.8770961,-7.9303781],[-34.879677243804984,-7.93],[-34.873769243516485,-7.93],[-34.86198963022577,-7.93],[-34.859225300240084,-7.93],[-34.8599417,-7.9313539],[-34.859197573998266,-7.93],[-34.855,-7.93],[-34.855,-7.93462480819458],[-34.8594278,-7.9332271],[-34.8603971,-7.9315175],[-34.8594597,-7.9332586],[-34.855,-7.93467467992111],[-34.855,-7.945382160000001],[-34.855,-7.948760452512154],[-34.8559386,-7.9481616],[-34.8566306,-7.948661],[-34.8557294,-7.9492295],[-34.8554344,-7.9501912],[-34.8564643,-7.9511315],[-34.8575748,-7.950834],[-34.8575294,-7.9521532],[-34.8583453,-7.9517946],[-34.8596454,-7.9523907],[-34.8596576,-7.953188],[-34.8603428,-7.9536126],[-34.8611054,-7.9531649],[-34.8618824,-7.9537773],[-34.8624993,-7.9532885],[-34.8634971,-7.9540589],[-34.8639209,-7.9520666],[-34.8651702,-7.9517074],[-34.8652293,-7.9508893],[-34.8645914,-7.9507065],[-34.8652024,-7.9488597],[-34.8658467,-7.9481563],[-34.8661632,-7.9487248],[-34.8652781,-7.9492242],[-34.8652191,-7.9501221],[-34.8661847,-7.9517956],[-34.8644895,-7.9547125],[-34.8659433,-7.9550949],[-34.8659003,-7.9555784],[-34.867,-7.9561787],[-34.8659808,-7.9562877],[-34.8644407,-7.9584308],[-34.8629392,-7.957831],[-34.8626924,-7.9596904],[-34.8602564,-7.95812],[-34.8594523,-7.9583357],[-34.8591304,-7.9566569],[-34.8569788,-7.9550492],[-34.8575796,-7.9542151],[-34.8571349,-7.9532992],[-34.856636,-7.9532832],[-34.856341,-7.9547017],[-34.855,-7.954672241858161],[-34.855,-7.956460554189338],[-34.855,-7.969914368015441],[-34.855,-7.9708650705201105],[-34.855303,-7.9714157],[-34.855,-7.971642776875133],[-34.855,-8.011394938649076],[-34.8562426,-8.0116533],[-34.855,-8.013080116688673],[-34.855,-8.019718051467269],[-34.8582269,-8.0188281],[-34.85806,-8.01412],[-34.8603494,-8.0099791],[-34.8607075,-8.0091125],[-34.8598322,-8.0108077],[-34.8592956,-8.0104344],[-34.8599023,-8.0095268],[-34.8590977,-8.0087778],[-34.861715254607375,-8.00837379674631],[-34.8638159,-8.0048896],[-34.86437719155542,-8.00479446985895],[-34.8651324,-8.0027775],[-34.8684396,-8.0002668],[-34.8698987,-8.0012124],[-34.8696358,-8.0035922],[-34.8686595,-8.0039694],[-34.8680767,-8.0033067],[-34.8688902,-8.0024129],[-34.8691638,-8.0030132],[-34.8688419,-8.001308],[-34.8679085,-8.001547],[-34.8664225,-8.0033585],[-34.8663235,-8.0024613],[-34.8654988,-8.0025424],[-34.864734,-8.0039904],[-34.864681,-8.0049448],[-34.8650621,-8.0047395],[-34.8654196,-8.0053505],[-34.8650179,-8.0058688],[-34.8639788,-8.0048906],[-34.86196525514724,-8.008070718220798],[-34.8632121,-8.0073962],[-34.8634004,-8.0081164],[-34.8609206,-8.0093806],[-34.8609634,-8.0100484],[-34.8600135,-8.0107384],[-34.8581709,-8.0143388],[-34.8584515,-8.0191699],[-34.8554504,-8.0200078],[-34.855,-8.019722129638039],[-34.855,-8.022454222643285],[-34.8576827,-8.0224037],[-34.8578569,-8.0233773],[-34.856711344841365,-8.02429636531244],[-34.8595843,-8.0273889],[-34.8633618,-8.0329916],[-34.8649384,-8.0374553],[-34.8669353,-8.0396547],[-34.8665661,-8.0387323],[-34.8693116,-8.036536],[-34.8708406,-8.0361025],[-34.8713789,-8.0361914],[-34.8734267,-8.0371057],[-34.88738005515831,-8.04360380268813],[-34.8849259,-8.0423493],[-34.890137,-8.0442698],[-34.8900162,-8.0447468],[-34.8882232,-8.0438591],[-34.89002017761297,-8.044976957287462],[-34.89447625790837,-8.041877075342835],[-34.89991274901716,-8.026426802121527],[-34.8951724,-8.0281291],[-34.8899488,-8.0276679],[-34.8951074,-8.0280502],[-34.89993780482904,-8.026359986623195],[-34.90763234198799,-8.007842432280567],[-34.90836765801201,-8.008157567719431],[-34.902371292255765,-8.02214908781734],[-34.900784878258165,-8.026379525144286],[-34.9050414,-8.0260561],[-34.9067101,-8.0263565],[-34.900756736740135,-8.026454569192348],[-34.896380185774184,-8.03812537176823],[-34.895409498032876,-8.041522778862808],[-34.90467695944022,-8.039911046444137],[-34.9062721,-8.036931],[-34.9074376,-8.0366966],[-34.9080826,-8.0368089],[-34.9068797,-8.0370485],[-34.90630940818732,-8.037390134526648],[-34.90840920551906,-8.037079856566926],[-34.9081872,-8.0367681],[-34.9101411,-8.0376929],[-34.9099776,-8.0378797],[-34.910871756039704,-8.038833690513792],[-34.9102833,-8.0377991],[-34.91122054342835,-8.038773031837506],[-34.91778602372314,-8.037631209177544],[-34.9176953,-8.0372161],[-34.9251039,-8.0390983],[-34.9250023,-8.0386432],[-34.9259341,-8.0383604],[-34.9260986,-8.0346509],[-34.9256406,-8.0335046],[-34.9266851,-8.0330574],[-34.9262184,-8.0344643],[-34.9267012,-8.0330195],[-34.9263266,-8.0329487],[-34.9268575,-8.0321282],[-34.9265886,-8.031672],[-34.9280953,-8.0308605],[-34.9308184,-8.0278352],[-34.9318799,-8.0251254],[-34.9327274,-8.0243886],[-34.9329611,-8.022469],[-34.9324726,-8.0216613],[-34.933576,-8.0213919],[-34.93385838474055,-8.02198088821804],[-34.9336816,-8.0213601],[-34.9341153,-8.0222691],[-34.9355149,-8.0223639],[-34.9379871,-8.0218804],[-34.938904120773664,-8.022720808814663],[-34.9388898,-8.0217747],[-34.9379818,-8.0216579],[-34.9401588,-8.0219352],[-34.9406488,-8.0208685],[-34.9412318,-8.0209179],[-34.9416307,-8.022169],[-34.9406634,-8.0228075],[-34.9437361,-8.023166],[-34.9448556,-8.0225298],[-34.945931613316354,-8.021327427003158],[-34.94520961167303,-8.022066226493589],[-34.9434645,-8.0214875],[-34.9432875,-8.0207945],[-34.9439957,-8.0200932],[-34.94543162601311,-8.020463829569675],[-34.9455901,-8.0199907],[-34.9460828,-8.0205773],[-34.94545084606613,-8.020468790493787],[-34.9461068,-8.0206381],[-34.9461578,-8.0197046],[-34.9453941,-8.0191627],[-34.9500349,-8.0205769],[-34.9495972,-8.0208473],[-34.9509157,-8.0205153],[-34.9514459,-8.0207721],[-34.9523383,-8.0219728],[-34.9531449,-8.022469],[-34.9542135,-8.0228676],[-34.9547561,-8.0227761],[-34.9597962,-8.0214446],[-34.9621072,-8.0174657],[-34.9627526,-8.0171639],[-34.9652181,-8.0164332],[-34.965677,-8.0161755],[-34.9669212,-8.0159657],[-34.9675038,-8.0156369],[-34.9685228,-8.0158076],[-34.9690533,-8.0152031],[-34.9699571,-8.0147777],[-34.9705743,-8.012541],[-34.97170958112188,-8.013245589624463],[-34.9724662,-8.0126442],[-34.9719044,-8.0133497],[-34.9722802,-8.0134677],[-34.9728695,-8.0140294],[-34.9705926,-8.012895],[-34.9700078,-8.0148493],[-34.9686363,-8.0158208],[-34.9674274,-8.015718],[-34.9669569,-8.0160084],[-34.9620835,-8.0175534],[-34.9600811,-8.021347],[-34.9625752,-8.0207034],[-34.9619877,-8.0210264],[-34.9625168,-8.0214292],[-34.9621149,-8.0220166],[-34.9608926,-8.021397],[-34.9601285,-8.0218871],[-34.9618198,-8.0236763],[-34.9613594,-8.024313],[-34.95874002582046,-8.021768352266816],[-34.9542786,-8.0229639],[-34.9531168,-8.0225409],[-34.9522847,-8.0220262],[-34.9511291,-8.0206958],[-34.9499491,-8.0210337],[-34.9481051,-8.0207766],[-34.9462241,-8.0214109],[-34.9461248,-8.022005],[-34.9436161,-8.0233259],[-34.94260980024014,-8.023151077543138],[-34.941816,-8.0236592],[-34.9407498,-8.0257479],[-34.940215,-8.0259242],[-34.9425189,-8.026644],[-34.942819,-8.0271561],[-34.9420326,-8.0269286],[-34.9428165,-8.0272858],[-34.9452353,-8.027381],[-34.9431413,-8.0272128],[-34.9430127,-8.0248009],[-34.9436178,-8.0254528],[-34.9432042,-8.0263647],[-34.9435206,-8.0269055],[-34.9470542,-8.0268317],[-34.9526153,-8.0276622],[-34.9526608,-8.0282203],[-34.9533826,-8.028366],[-34.9552457,-8.0283465],[-34.9573238,-8.0302589],[-34.9565971,-8.0306079],[-34.9559185,-8.0292694],[-34.95806339306828,-8.033745056457017],[-34.9575681,-8.0324963],[-34.9617323,-8.0394586],[-34.9613831,-8.0397707],[-34.9600785,-8.0380641],[-34.9601306,-8.0391323],[-34.9609575,-8.039366],[-34.962176,-8.0412748],[-34.9632298,-8.04041],[-34.9750086,-8.0368176],[-34.975705,-8.037583],[-34.97609,-8.037237],[-34.9787869,-8.0402714],[-34.9797657,-8.0393159],[-34.9802085,-8.0398454],[-34.9812521,-8.0384904],[-34.9824459,-8.0386813],[-34.9834827,-8.0381839],[-34.9859889,-8.0397039],[-34.9881336,-8.0397159],[-34.99301757887714,-8.04170215646102],[-34.99414,-8.0384587],[-34.9960175,-8.0368798],[-34.9970502,-8.0346874],[-35.0014678,-8.034212],[-34.9998333,-8.0342983],[-35.0015206,-8.0336892],[-35.003868,-8.0343735],[-35.0020766,-8.0344988],[-35.0038764,-8.034706],[-35.00726281115271,-8.036189608716189],[-35.0088064,-8.0361172],[-35.009667,-8.0370772],[-35.0108394,-8.0372636],[-35.0119928,-8.0360525],[-35.0122744,-8.0354071],[-35.01291583550985,-8.031961612124569],[-35.0126521,-8.032585],[-35.0126002,-8.0319963],[-35.0123964,-8.0326218],[-35.0122549,-8.0322761],[-35.0110578,-8.0324105],[-35.0104568,-8.0327944],[-35.0095398,-8.0321646],[-35.0111143,-8.0300262],[-35.0110674,-8.0304388],[-35.0130383,-8.030906],[-35.013449313314936,-8.029185619333742],[-35.0127122,-8.0295467],[-35.0126676,-8.0287119],[-35.0115429,-8.0283026],[-35.011304,-8.0295123],[-35.0109228,-8.0277866],[-35.0118607,-8.0271045],[-35.0125563,-8.0279399],[-35.0121524,-8.0281443],[-35.01345319858765,-8.029173979924662],[-35.015,-8.023309512717532],[-35.015,-8.026142266666662],[-35.0136021,-8.0307142],[-35.0138435,-8.0316437],[-35.0129074,-8.0355824],[-35.0107697,-8.0381533],[-35.01019806432516,-8.03818867864596],[-35.0106274,-8.0388861],[-35.0078829,-8.038394],[-35.0017674,-8.0359379],[-35.0012634,-8.0367166],[-34.9997637,-8.0360133],[-34.9993873,-8.0367506],[-34.9977221,-8.0374879],[-34.997186607832894,-8.036835921181636],[-34.997285,-8.0372921],[-34.9952474,-8.0388124],[-34.995349,-8.0392099],[-34.9945087,-8.0405961],[-34.9942781,-8.0416531],[-34.99353617476841,-8.041877137126697],[-34.9973788,-8.042934],[-34.9981406,-8.0441451],[-34.9992788,-8.0444566],[-34.998229,-8.0449676],[-34.9979338,-8.0459046],[-34.9990972,-8.0463602],[-34.9988975,-8.0469276],[-35.001323,-8.047694],[-35.000963,-8.0457955],[-35.001834,-8.0462471],[-35.001874,-8.0469587],[-35.0036068,-8.0451085],[-35.0045842,-8.0464978],[-35.0043151,-8.0473145],[-35.0047578,-8.0479248],[-35.0037247,-8.0491197],[-35.0048794,-8.0498246],[-35.0065637,-8.0486297],[-35.0069451,-8.0489092],[-35.0020184,-8.053276],[-34.9947859,-8.0569732],[-34.99251268331959,-8.058711340435968],[-34.995131408249975,-8.059622201281318],[-34.99486859175002,-8.060377798718683],[-34.991842432016355,-8.059325221420016],[-34.990988,-8.06034],[-34.9909528,-8.0596823],[-34.9903081,-8.0599531],[-34.9902534,-8.0608236],[-34.9888663,-8.0603787],[-34.9893899,-8.0622047],[-34.9902235,-8.0620193],[-34.9884837,-8.0637857],[-34.9867788,-8.0634112],[-34.9836297,-8.0634372],[-34.9830739,-8.0616026],[-34.9837594,-8.062596],[-34.9845663,-8.061858],[-34.9859202,-8.0618512],[-34.9859271,-8.0605648],[-34.9843748,-8.060856],[-34.9818137,-8.0592962],[-34.9817321,-8.0587596],[-34.9785107,-8.0586002],[-34.9765259,-8.0558834],[-34.9729103,-8.0546299],[-34.9678195,-8.0513288],[-34.959696468444356,-8.048905983873427],[-34.959817,-8.0496618],[-34.9593009,-8.0497752],[-34.95913493285831,-8.048738497453584],[-34.95391948833682,-8.047182912816574],[-34.9541603,-8.0480728],[-34.9507826,-8.0485639],[-34.9512656,-8.0473278],[-34.9521038,-8.0476593],[-34.951618786885334,-8.046496694064261],[-34.92630267384971,-8.040348035146287],[-34.9266494,-8.0407019],[-34.9261082,-8.0411657],[-34.92569760419439,-8.040206852226712],[-34.92488710665928,-8.040017736135185],[-34.9219644,-8.0411464],[-34.9236628,-8.040597],[-34.9218579,-8.0422069],[-34.9204081,-8.0423658],[-34.9194703,-8.0432026],[-34.9182779,-8.0434816],[-34.9195907,-8.0428462],[-34.9182388,-8.0434968],[-34.9152052,-8.0435818],[-34.9125418,-8.0420016],[-34.911082792184246,-8.039608996751609],[-34.91245098137772,-8.042091463355035],[-34.9130048,-8.0426935],[-34.9160746,-8.0441337],[-34.9147702,-8.0439394],[-34.9130599,-8.0428778],[-34.91240989556875,-8.042132117006727],[-34.9112733,-8.0423388],[-34.9115139,-8.0408188],[-34.910673057762196,-8.039680254911964],[-34.905178175780286,-8.040635886560992],[-34.9048385,-8.0436987],[-34.903851083292714,-8.04568016875284],[-34.9042188,-8.0457],[-34.9041329,-8.0468524],[-34.903748183994985,-8.046699768106704],[-34.9049399,-8.0503573],[-34.904887,-8.0523176],[-34.9035138,-8.0563753],[-34.9015233,-8.0581647],[-34.9010479,-8.0596293],[-34.901182,-8.0616477],[-34.9008581,-8.0610621],[-34.9013178,-8.0645578],[-34.9007035,-8.0671683],[-34.90120040353894,-8.064371509299859],[-34.9007025,-8.066793],[-34.8999408,-8.0664929],[-34.8984428,-8.067526],[-34.897783,-8.0674516],[-34.8977529096053,-8.066743502885025],[-34.8972239,-8.0669787],[-34.89777267036008,-8.066598677152536],[-34.8968402,-8.0665487],[-34.8966933,-8.0659996],[-34.897116,-8.0661181],[-34.8973547,-8.0654339],[-34.8976299326174,-8.065754947521347],[-34.897493,-8.0654375],[-34.8973406,-8.0654239],[-34.8969979,-8.0658485],[-34.8977336,-8.0590758],[-34.8975153,-8.0552547],[-34.89323005960488,-8.049150813360784],[-34.894934,-8.0515867],[-34.89318025445858,-8.04932513137285],[-34.89238460957906,-8.052109888451158],[-34.891615390420945,-8.051890111548841],[-34.89257161313267,-8.048543332057818],[-34.8918443,-8.0476308],[-34.890388908671056,-8.045694982688874],[-34.8897916,-8.0476993],[-34.88991055438907,-8.046027750885038],[-34.87700434059332,-8.055005986569034],[-34.8823955,-8.0638626],[-34.8848479,-8.0648727],[-34.884415,-8.0654591],[-34.8819015,-8.0645719],[-34.8802548,-8.0618525],[-34.8782034,-8.0594593],[-34.87803877496832,-8.059402932389153],[-34.8787193,-8.0601357],[-34.8766158,-8.0599223],[-34.8761398,-8.0639457],[-34.876340734127496,-8.061547299884966],[-34.8741636,-8.062181],[-34.87352663169034,-8.057425262327625],[-34.87222842579528,-8.058328362080713],[-34.87177157420472,-8.057671637919286],[-34.87363947630886,-8.056372227759889],[-34.8732582,-8.0556099],[-34.872769045616955,-8.051166593066748],[-34.8704754,-8.0478683],[-34.8687427,-8.0439749],[-34.866077,-8.0449898],[-34.8654139,-8.0434456],[-34.8679455,-8.0423211],[-34.8664666,-8.04287],[-34.8666764,-8.0418276],[-34.8659308,-8.0410954],[-34.8633269,-8.0413015],[-34.864603,-8.0401901],[-34.8626495,-8.0336208],[-34.8598001,-8.028399],[-34.855,-8.022957730777545],[-34.855,-8.16],[-34.913537389399565,-8.16],[-34.92012772026651,-8.16],[-34.9202675,-8.1599375],[-34.927576356507856,-8.16],[-34.9269402,-8.159042],[-34.9276052,-8.1590155],[-34.928388410405255,-8.16],[-34.948887759727874,-8.16],[-34.9502426,-8.1549176],[-34.9545008,-8.1539132]],[[-34.977595,-8.1568687],[-34.9779247,-8.1589121],[-34.9758055,-8.1585024],[-34.977595,-8.1568687]],[[-34.9776221,-7.9415422],[-34.9787379,-7.9441774],[-34.9784589,-7.9450275],[-34.9777079,-7.9451763],[-34.97806,-7.9464957],[-34.9775068,-7.9469899],[-34.9772787,-7.9461538],[-34.9750686,-7.9470039],[-34.9747897,-7.9453888],[-34.975884,-7.9419035],[-34.9776221,-7.9415422]],[[-34.8931616,-7.9300431],[-34.8928387,-7.9307201],[-34.89296331387462,-7.93],[-34.8931616,-7.9300431]],[[-34.8918512,-7.9300426],[-34.8914228,-7.9305274],[-34.8916554,-7.9302285],[-34.8906927,-7.9302002],[-34.8904153,-7.93058],[-34.8907987,-7.9306689],[-34.8897382,-7.9309476],[-34.89021309217492,-7.93],[-34.8918512,-7.9300426]],[[-34.8739897,-7.9306894],[-34.8749747,-7.9307753],[-34.874373,-7.9314846],[-34.8747775,-7.9319079],[-34.872484,-7.9329625],[-34.8723633,-7.9325301],[-34.8711644,-7.9323861],[-34.8710752,-7.932821],[-34.8693031,-7.9323592],[-34.8670851,-7.9312659],[-34.8681016,-7.9301416],[-34.873769243516485,-7.93],[-34.8739897,-7.9306894]],[[-34.861268,-7.9308674],[-34.8606424,-7.9313935],[-34.86198963022577,-7.93],[-34.861268,-7.9308674]],[[-34.8550862,-7.9408151],[-34.8592812,-7.9404804],[-34.8608583,-7.9398375],[-34.8612285,-7.9390353],[-34.8638678,-7.9383765],[-34.8643153,-7.9399895],[-34.8632562,-7.9399279],[-34.8627084,-7.9407122],[-34.8603348,-7.9416858],[-34.8597351,-7.9408919],[-34.8608154,-7.9436416],[-34.8599035,-7.9442898],[-34.8589969,-7.9433388],[-34.8573554,-7.9444545],[-34.8569423,-7.9437479],[-34.8554295,-7.9445448],[-34.8556119,-7.9451664],[-34.855,-7.945382160000001],[-34.8550862,-7.9408151]],[[-34.8559112,-7.9563999],[-34.8555274,-7.9576561],[-34.855,-7.956460554189338],[-34.8559112,-7.9563999]],[[-34.8560413,-7.9699952],[-34.8559535,-7.9704848],[-34.855,-7.969914368015441],[-34.8560413,-7.9699952]],[[-34.9069904,-8.1455482],[-34.9084517,-8.1484559],[-34.913537389399565,-8.16],[-34.9069904,-8.1455482]],[[-34.9856886,-7.9329544],[-34.988061,-7.930539],[-34.990822,-7.9377298],[-34.9885639,-7.9377999],[-34.9875339,-7.9369285],[-34.9856886,-7.9329544]],[[-34.90485933610546,-8.014312779339809],[-34.9044937,-8.013829],[-34.904886,-8.014149],[-34.90485933610546,-8.014312779339809]],[[-34.9033894,-8.0203765],[-34.90317158931441,-8.02028172801384],[-34.9034202,-8.0203024],[-34.9033894,-8.0203765]],[[-34.9025568,-8.0346263],[-34.9012328,-8.0337957],[-34.9001074,-8.034009],[-34.8998598,-8.0336182],[-34.9004333,-8.0332663],[-34.8993621,-8.0325052],[-34.898845732112825,-8.031550581531853],[-34.8991197,-8.0318957],[-34.900572,-8.0311235],[-34.9012801,-8.0316237],[-34.9017951,-8.0310261],[-34.9034237,-8.0332386],[-34.9025568,-8.0346263]],[[-34.9172554,-8.0363028],[-34.916701186365074,-8.037819876544162],[-34.9163563,-8.0372241],[-34.9172554,-8.0363028]],[[-34.92514661019071,-8.040078286959186],[-34.92405,-8.040683],[-34.9239188,-8.0404216],[-34.92514661019071,-8.040078286959186]],[[-35.0047528,-8.1313845],[-35.0065581,-8.1304282],[-35.0074142,-8.1289561],[-35.010126,-8.1296261],[-35.0096403,-8.1312904],[-35.0102941,-8.1326034],[-35.0085568,-8.1392975],[-35.0055307,-8.1389646],[-35.0064599,-8.1371339],[-35.0045243,-8.1365376],[-35.0042485,-8.1323147],[-35.0047528,-8.1313845]],[[-35.0107247,-8.1319482],[-35.0108347,-8.1314118],[-35.0122643,-8.1315472],[-35.0122831,-8.1319853],[-35.0107247,-8.1319482]],[[-35.0135531,-8.1319318],[-35.013415,-8.1312766],[-35.0119286,-8.1304147],[-35.0137442,-8.131168],[-35.0135531,-8.1319318]],[[-35.0012222,-8.1304651],[-35.0017429,-8.1307472],[-35.0011945,-8.131011],[-35.0012222,-8.1304651]],[[-35.0011252,-8.1304224],[-35.0009126,-8.1305261],[-35.0007046,-8.1300503],[-35.0011252,-8.1304224]],[[-35.0107514,-8.1298136],[-35.0105221,-8.1301084],[-35.0104309,-8.1297101],[-35.0107514,-8.1298136]],[[-35.0095728,-8.1293294],[-35.0066611,-8.1286867],[-35.0067262,-8.1255578],[-35.0080711,-8.1223586],[-35.0067262,-8.1217668],[-35.0075481,-8.1198436],[-35.010238,-8.1193073],[-35.0114896,-8.1196217],[-35.0118535,-8.1206764],[-35.0138806,-8.121397],[-35.015,-8.121073796417296],[-35.0149641,-8.1256318],[-35.0129063,-8.1299087],[-35.0111416,-8.1289943],[-35.0095728,-8.1293294]],[[-35.0050967,-8.1184114],[-35.0042701,-8.1179814],[-35.0047184,-8.1173203],[-35.0053315,-8.1176301],[-35.0050967,-8.1184114]],[[-34.9978279,-8.1157699],[-34.9955802,-8.1159106],[-34.9944868,-8.1148063],[-34.9950104,-8.11275],[-34.9960999,-8.1113873],[-34.9976225,-8.1118066],[-34.9975977,-8.1123994],[-34.9971593,-8.1121183],[-34.9960636,-8.1124202],[-34.9961056,-8.1141586],[-34.9970723,-8.1141308],[-34.9973519,-8.1124946],[-34.9976572,-8.1141129],[-34.9987113,-8.1140783],[-34.9987538,-8.1126873],[-34.9995147,-8.1126593],[-34.9999151,-8.1128405],[-34.9998366,-8.1143133],[-35.0009943,-8.1143068],[-35.000973,-8.1125379],[-35.0003117,-8.1124241],[-35.0003278,-8.1118015],[-35.0009005,-8.1118015],[-35.0009213,-8.1111589],[-35.0024092,-8.1111642],[-35.0024387,-8.1101365],[-34.9996251,-8.1097754],[-34.9977516,-8.1106557],[-34.9961129755104,-8.109859406558334],[-34.995929,-8.1108802],[-34.994853,-8.1108795],[-34.9954085,-8.1108644],[-34.9963282,-8.109042],[-34.9982462,-8.109154],[-34.9982234,-8.1086717],[-34.9989728,-8.1089003],[-35.0007291,-8.1079257],[-35.0024941,-8.109514],[-35.0042423,-8.1099505],[-35.0046086373545,-8.111562173856486],[-35.0055592,-8.110764],[-35.0070598,-8.1111464],[-35.0070995,-8.1118017],[-35.0065134,-8.1119836],[-35.00713959833567,-8.113399414526787],[-35.0071773,-8.1110831],[-35.0079223,-8.1112504],[-35.0097361,-8.1104043],[-35.0107925,-8.1109016],[-35.0099482,-8.1107425],[-35.0087919,-8.1122441],[-35.0079927,-8.1124531],[-35.0080674,-8.1129444],[-35.0110827,-8.1112604],[-35.0117129,-8.1115211],[-35.0114155,-8.1122813],[-35.0130939,-8.1130251],[-35.01355,-8.1117854],[-35.0131494,-8.1113704],[-35.0132985,-8.1101604],[-35.0140145,-8.1091965],[-35.015,-8.109048103439951],[-35.0140234,-8.1093753],[-35.0132857,-8.1106461],[-35.0137418,-8.1117954],[-35.0135614,-8.1132395],[-35.015,-8.113464512022631],[-35.0144876,-8.1139692],[-35.01064953112588,-8.112666179018158],[-35.0104064,-8.1135559],[-35.0101699,-8.1129884],[-35.0101805,-8.1143879],[-35.009752,-8.1145086],[-35.0074303,-8.1138499],[-35.0073968,-8.1148099],[-35.0066893,-8.1159355],[-35.0081704,-8.1166318],[-35.0094128,-8.1186004],[-35.0067582,-8.1203086],[-35.005626,-8.1202899],[-35.0054093,-8.1175984],[-35.0070681,-8.1152497],[-35.0073312,-8.1137176],[-35.0097427,-8.1144628],[-35.0071197,-8.1136471],[-35.0063101,-8.1139616],[-35.005847,-8.1132992],[-35.0044299,-8.1124936],[-35.00428433442131,-8.1116289541307],[-35.004288,-8.1125538],[-35.0046742,-8.112968],[-35.0033331,-8.1130211],[-35.0029548,-8.114572],[-35.00259309154757,-8.114071236018681],[-35.0025486,-8.1168904],[-35.0015669,-8.1165346],[-35.0009929,-8.1169329],[-34.9978279,-8.1157699]],[[-35.0071445,-8.1137217],[-35.00698729657688,-8.113708763059941],[-35.0071197,-8.1136471],[-35.0071445,-8.1137217]],[[-35.0054337,-8.1133243],[-35.0046752,-8.1127064],[-35.005847,-8.1132992],[-35.0054337,-8.1133243]],[[-35.0120374,-8.1160599],[-35.0124676,-8.1163322],[-35.0132225,-8.1139838],[-35.0137746,-8.1138236],[-35.0136889,-8.1139517],[-35.0135795,-8.1145091],[-35.0133867,-8.1146599],[-35.0132388,-8.1181732],[-35.0122478,-8.1199391],[-35.0118474,-8.1197971],[-35.0120921,-8.1181172],[-35.0115611,-8.1172481],[-35.0105101,-8.1181005],[-35.0114915,-8.1171105],[-35.0118468,-8.1165788],[-35.0120374,-8.1160599]],[[-35.0139197,-8.1145268],[-35.013634,-8.1144926],[-35.0136889,-8.1139517],[-35.0139197,-8.1145268]],[[-35.008392,-8.1165129],[-35.0087299,-8.1158062],[-35.009896,-8.1157873],[-35.0101292,-8.1164658],[-35.011914,-8.1160276],[-35.0103672,-8.118016],[-35.0093343,-8.1178699],[-35.008392,-8.1165129]],[[-35.0148262,-8.1161199],[-35.015,-8.11607708077879],[-35.015,-8.116266961318052],[-35.0148262,-8.1161199]],[[-35.015,-8.1159606],[-35.0149067,-8.1156366],[-35.015,-8.115582466614907],[-35.015,-8.1159606]],[[-35.0142646,-8.1154744],[-35.0146063,-8.1153605],[-35.0144668,-8.1157694],[-35.0142646,-8.1154744]],[[-35.0144024,-8.1159818],[-35.0139625,-8.1157322],[-35.0144936,-8.1146329],[-35.0142646,-8.1154744],[-35.0144024,-8.1159818]],[[-35.0087334,-8.1146781],[-35.0087537,-8.1155574],[-35.0081701,-8.115477],[-35.0082462,-8.114653],[-35.0087334,-8.1146781]],[[-35.0070348,-8.1144183],[-35.0068831,-8.1153179],[-35.0067359,-8.1144034],[-35.0070348,-8.1144183]],[[-35.0069626,-8.115346],[-35.0071109,-8.1142966],[-35.0072171,-8.1139128],[-35.0069626,-8.115346]],[[-35.015,-8.114225395681625],[-35.0148745,-8.1141815],[-35.015,-8.114117372049689],[-35.015,-8.114225395681625]],[[-35.0008476,-8.1126746],[-35.0006407,-8.1125652],[-35.0008103,-8.1125335],[-35.0008476,-8.1126746]],[[-35.015,-8.111504641908713],[-35.015,-8.11192597385892],[-35.0147132,-8.1118861],[-35.015,-8.111504641908713]],[[-35.0043238,-8.1098902],[-35.0046905,-8.1102755],[-35.0047156,-8.1108961],[-35.0043238,-8.1098902]],[[-35.0056416,-8.1106283],[-35.0051849,-8.1103748],[-35.0054965,-8.1100485],[-35.0056416,-8.1106283]],[[-35.0060374,-8.1102134],[-35.0058717,-8.1102479],[-35.006084,-8.1099918],[-35.0060374,-8.1102134]],[[-35.0064619,-8.1102701],[-35.0064386,-8.1098499],[-35.0065066,-8.1099492],[-35.0064619,-8.1102701]],[[-35.013972,-8.1089566],[-35.0128936,-8.11037],[-35.0120296,-8.1100303],[-35.0138985,-8.1086229],[-35.015,-8.108538011409397],[-35.015,-8.108922740544001],[-35.013972,-8.1089566]],[[-35.0130223,-8.1087503],[-35.0126485,-8.1095389],[-35.0120847,-8.1097755],[-35.0130223,-8.1087503]],[[-35.0052834,-8.1090662],[-35.0052798,-8.1092878],[-35.0050362,-8.1090733],[-35.0052834,-8.1090662]],[[-35.0059353,-8.1092169],[-35.0060571,-8.1088126],[-35.0061825,-8.1091531],[-35.0059353,-8.1092169]],[[-35.0032164,-8.1089594],[-35.0031634,-8.109203],[-35.0020326,-8.1088315],[-35.0018432,-8.108348],[-35.0032164,-8.1089594]],[[-35.005013,-8.1077622],[-35.0050666,-8.1074041],[-35.0055574,-8.1078683],[-35.005013,-8.1077622]],[[-35.0032038,-8.1074487],[-35.0029373,-8.1072855],[-35.0030067,-8.1069226],[-35.0032038,-8.1074487]],[[-35.0019819,-8.1071369],[-35.001744,-8.1063822],[-35.0026506,-8.1067827],[-35.0019819,-8.1071369]],[[-35.002799,-8.106611],[-35.002752,-8.1064503],[-35.0030806,-8.1067252],[-35.002799,-8.106611]],[[-35.0037605,-8.1066002],[-35.0031712,-8.1065897],[-35.003442,-8.106192],[-35.0037605,-8.1066002]],[[-35.0011582,-8.1052625],[-35.001087,-8.1064141],[-35.0004964,-8.1059668],[-35.0003902,-8.1064293],[-34.9995054,-8.1064889],[-34.9994488,-8.1058231],[-35.0005849,-8.1051959],[-35.0011582,-8.1052625]],[[-35.0091235,-8.089193],[-35.0093227,-8.0892574],[-35.0092048,-8.089527],[-35.0091235,-8.089193]],[[-35.0091722,-8.0889635],[-35.0093796,-8.0890118],[-35.0091235,-8.089193],[-35.0091722,-8.0889635]],[[-35.0040267,-8.0863658],[-35.0016227,-8.0867153],[-34.9963212,-8.0848827],[-34.9964915,-8.084417],[-34.9983968,-8.0844944],[-35.0040267,-8.0863658]],[[-35.0023585,-8.0852934],[-34.9998703,-8.0845708],[-34.9960866,-8.0817433],[-34.997063,-8.080653],[-34.9998061,-8.0829312],[-35.000669,-8.0820145],[-35.0015893,-8.0823766],[-35.0020879,-8.0815793],[-35.0032705,-8.0821475],[-35.0036538,-8.0830244],[-35.0023585,-8.0852934]],[[-35.015,-8.074354672870127],[-35.015,-8.088334243820421],[-35.0113242,-8.0880951],[-35.0023774,-8.0853374],[-35.003681,-8.0830279],[-35.0019134,-8.078788],[-35.0042839,-8.0777608],[-35.0047588,-8.0790195],[-35.0066149,-8.0797419],[-35.0085734,-8.0787551],[-35.0111103,-8.0787327],[-35.012489,-8.0779892],[-35.0138138,-8.0753772],[-35.015,-8.074354672870127]],[[-35.0082392,-8.0781193],[-35.0074429,-8.0786659],[-35.0071562,-8.0781333],[-35.0082392,-8.0781193]],[[-34.9998877,-8.0786342],[-34.9997675,-8.0780297],[-35.0000092,-8.0779089],[-35.0005099,-8.0783137],[-34.9998877,-8.0786342]],[[-35.0001288,-8.0772878],[-35.0009133,-8.0764475],[-35.0008538,-8.077421],[-35.0001288,-8.0772878]],[[-35.0051048,-8.0709916],[-35.0054589,-8.0706437],[-35.0052658,-8.0713316],[-35.0033587,-8.0724735],[-35.0025702,-8.0721628],[-35.0040212,-8.0702534],[-35.0051048,-8.0709916]],[[-35.0108361,-8.0711522],[-35.0116674,-8.0713002],[-35.01071,-8.0715221],[-35.0108361,-8.0711522]],[[-35.0006256,-8.0712147],[-35.0000019,-8.0708681],[-35.0000328,-8.0704273],[-35.0006256,-8.0712147]],[[-35.0057584,-8.0698557],[-35.0056056,-8.0699115],[-35.0055921,-8.0696539],[-35.0057584,-8.0698557]],[[-35.0011939,-8.0675185],[-35.0039665,-8.0686491],[-35.0046534,-8.06838],[-35.0053101,-8.0695157],[-35.004654,-8.0696876],[-35.0032952,-8.0684776],[-35.0030963,-8.0694437],[-35.0025506,-8.0694615],[-35.0020861,-8.0681438],[-35.0011939,-8.0675185]],[[-35.0037414,-8.0666801],[-35.0041572,-8.066311],[-35.0038809,-8.0669789],[-35.0031056,-8.0664856],[-35.0037414,-8.0666801]],[[-35.0031473,-8.0663389],[-35.0032358,-8.0661689],[-35.0034544,-8.0664942],[-35.0031473,-8.0663389]],[[-35.0027493,-8.0661905],[-35.0024604,-8.0660222],[-35.0025414,-8.065886],[-35.0027493,-8.0661905]],[[-35.0005214,-8.0656385],[-35.0002595,-8.0654852],[-35.0006209,-8.0655066],[-35.0005214,-8.0656385]],[[-35.0149958,-8.0601051],[-35.015,-8.060101458041958],[-35.015,-8.06011842089552],[-35.0149958,-8.0601051]],[[-34.9999046,-8.064825],[-34.9976248,-8.0648629],[-34.9980477,-8.0627942],[-34.9974889,-8.0614933],[-34.9999953,-8.0575312],[-34.9987983,-8.0569177],[-34.9953341,-8.057535],[-35.0029077,-8.0532014],[-35.0078488,-8.0490753],[-35.0106972,-8.0457473],[-35.0110205,-8.0461845],[-35.0121169,-8.0449967],[-35.015,-8.04426320390857],[-35.015,-8.056884792017529],[-35.006240292702806,-8.060208040676638],[-35.0088969,-8.0593331],[-35.0111105,-8.0626747],[-35.008446,-8.0667149],[-35.0074792,-8.0673759],[-35.0080642,-8.0684536],[-35.0075766,-8.0692584],[-35.006761,-8.0699064],[-35.0055314,-8.0694337],[-35.0045392,-8.0672482],[-35.0049717,-8.0649831],[-35.001959,-8.0647151],[-35.0008582,-8.0653232],[-34.9999046,-8.064825]],[[-35.0045211,-8.0486406],[-35.0046238,-8.0486706],[-35.0044674,-8.0493735],[-35.0045211,-8.0486406]],[[-35.0064595,-8.0446324],[-35.0057823,-8.0457843],[-35.0050791,-8.0459304],[-35.0050044,-8.0434133],[-35.0059284,-8.0437661],[-35.0072087,-8.0430495],[-35.0086638,-8.0432279],[-35.0089165,-8.0441166],[-35.0064595,-8.0446324]],[[-35.0134229,-8.0440304],[-35.015,-8.04386514629489],[-35.0130475,-8.0441917],[-35.0116497,-8.0447905],[-35.0134229,-8.0440304]],[[-35.0139866,-8.0438487],[-35.0129944,-8.044065],[-35.0114035,-8.044781],[-35.0128423,-8.0440387],[-35.0139866,-8.0438487]],[[-35.0031031,-8.041887],[-35.0028262,-8.0423538],[-35.0033291,-8.0424114],[-35.0038076,-8.0414518],[-35.0044814,-8.0431564],[-35.0035964,-8.0441562],[-35.0010248,-8.0441319],[-35.0031031,-8.041887]],[[-35.010592,-8.0423593],[-35.0100168,-8.0434981],[-35.0092443,-8.0429707],[-35.0099111,-8.0413042],[-35.010592,-8.0423593]],[[-35.0110819,-8.0420548],[-35.0105736,-8.0408617],[-35.0108677,-8.0402878],[-35.0118968,-8.0417046],[-35.0143977,-8.0424454],[-35.0148854,-8.0435594],[-35.0122788,-8.0440048],[-35.0132093,-8.0426869],[-35.0110819,-8.0420548]],[[-35.0029996,-8.0402711],[-35.0034701,-8.040607],[-35.0028139,-8.0412527],[-35.001764,-8.0404311],[-35.0029996,-8.0402711]],[[-35.0050573,-8.0398403],[-35.0053286,-8.0405358],[-35.0043806,-8.0401485],[-35.0043178,-8.0389299],[-35.0051145,-8.0382344],[-35.0057312,-8.038831],[-35.0050573,-8.0398403]],[[-34.9985735,-8.0391615],[-34.9982475,-8.0399683],[-34.9980105,-8.0374355],[-34.9988154,-8.0380418],[-34.9986525,-8.038917],[-34.9999463,-8.0375137],[-35.0004994,-8.038032],[-35.0000944,-8.0381249],[-35.0006179,-8.0387606],[-35.0014031,-8.0383058],[-35.0014969,-8.039631],[-34.9985735,-8.0391615]],[[-35.0111708,-8.0380214],[-35.0111486,-8.0384728],[-35.0107914,-8.0385407],[-35.0111708,-8.0380214]],[[-35.0006284,-8.0382298],[-35.000487,-8.0383546],[-35.0004713,-8.0381014],[-35.0006284,-8.0382298]],[[-35.015,-8.042904035311933],[-35.0118239,-8.0384368],[-35.0132342,-8.036002],[-35.0141727,-8.0327243],[-35.015,-8.033057701644159],[-35.015,-8.042904035311933]],[[-35.0112841,-8.0367086],[-35.010765,-8.0365132],[-35.0115087,-8.0364311],[-35.0112841,-8.0367086]],[[-35.0064061,-8.0349222],[-35.0064641,-8.0347406],[-35.0067533,-8.0349101],[-35.0064061,-8.0349222]],[[-35.0111063,-8.0325305],[-35.0114019,-8.0333127],[-35.0120078,-8.0333895],[-35.0113002,-8.034786],[-35.0106313,-8.0330776],[-35.0111063,-8.0325305]],[[-35.0007046,-8.0336337],[-34.9993522,-8.0322356],[-35.0012223,-8.032369],[-35.0013619,-8.0319569],[-35.0034318,-8.0325498],[-35.0020277,-8.0336739],[-35.0007046,-8.0336337]],[[-35.0100146,-8.0295172],[-35.008915,-8.0295345],[-35.0088999,-8.028593],[-35.0101099,-8.0285741],[-35.0100146,-8.0295172]],[[-35.0038259,-8.028876],[-35.0044989,-8.0289536],[-35.0054806,-8.0268291],[-35.004262,-8.0267985],[-35.004262,-8.0281935],[-35.0031696,-8.0291436],[-35.0023163,-8.0282619],[-35.0039858,-8.0248651],[-35.0045695,-8.0266535],[-35.0063597,-8.0259396],[-35.0072524,-8.0269303],[-35.0088212,-8.0267641],[-35.008229,-8.0271998],[-35.0088161,-8.0270967],[-35.0088186,-8.0275244],[-35.0072892,-8.0276052],[-35.0040789,-8.0297854],[-35.0038259,-8.028876]],[[-35.010824,-8.0268061],[-35.010681,-8.0272644],[-35.0091873,-8.0269318],[-35.010824,-8.0268061]],[[-35.0110001,-8.0265137],[-35.0101423,-8.0261852],[-35.0109467,-8.0248996],[-35.0119407,-8.0248391],[-35.0129754,-8.0253257],[-35.0134593,-8.0248737],[-35.0141038,-8.0258612],[-35.0132284,-8.025929],[-35.013382,-8.0255851],[-35.0118705,-8.0250165],[-35.0110001,-8.0265137]],[[-35.0145293,-8.0238581],[-35.0143459,-8.0243447],[-35.0136053,-8.023432],[-35.0137366,-8.0231023],[-35.0145293,-8.0238581]],[[-35.0134883,-8.0234955],[-35.0127115,-8.0229314],[-35.0137038,-8.0231448],[-35.0134883,-8.0234955]],[[-35.0136561,-8.0204061],[-35.0129544,-8.0214934],[-35.0114975,-8.0211286],[-35.0100554,-8.0222262],[-35.0093134,-8.0203382],[-35.007843,-8.0199493],[-35.0078126,-8.0191817],[-35.0075046,-8.0196077],[-35.00707,-8.0190496],[-35.0088877,-8.0172617],[-35.0086172,-8.0169671],[-35.0101725,-8.0162476],[-35.0136498,-8.0195626],[-35.0135925,-8.0200397],[-35.0148618,-8.0207033],[-35.015,-8.02314134554455],[-35.0134177,-8.0218839],[-35.0136561,-8.0204061]],[[-35.005071,-8.0176703],[-35.0057372,-8.0189734],[-35.0053726,-8.0192842],[-35.005071,-8.0176703]],[[-35.0083207,-8.016987],[-35.00744,-8.0177077],[-35.0082512,-8.0169176],[-35.0083207,-8.016987]],[[-35.0015354,-8.0166891],[-35.0003855,-8.0169731],[-35.0005054,-8.0163783],[-35.0010982,-8.0159188],[-35.0015354,-8.0166891]],[[-35.0108906,-8.0156154],[-35.0104526,-8.0157654],[-35.0106742,-8.015457],[-35.0108906,-8.0156154]],[[-35.014756,-8.01575],[-35.0148253,-8.0152061],[-35.0149877,-8.0157186],[-35.014756,-8.01575]],[[-35.0069246,-8.0151644],[-35.0068301,-8.0149964],[-35.0070076,-8.0148821],[-35.0069246,-8.0151644]],[[-35.0042577,-8.0130232],[-35.0044224,-8.0133893],[-35.0039895,-8.0134687],[-35.0036955,-8.0129838],[-35.0042577,-8.0130232]],[[-35.0017657,-8.012223],[-35.002092,-8.0111822],[-35.0023105,-8.0128826],[-35.0020343,-8.0131059],[-35.0017657,-8.012223]],[[-35.0094497,-8.0090397],[-35.0101384,-8.0097047],[-35.0115322,-8.0090581],[-35.0118264,-8.0079443],[-35.0117637,-8.00959],[-35.0101529,-8.0097533],[-35.0094506,-8.009074],[-35.0089019,-8.0101483],[-35.0079422,-8.0104862],[-35.008861,-8.0101362],[-35.0094497,-8.0090397]],[[-35.0011214,-8.0060774],[-35.0002714,-8.0068044],[-35.0000266,-8.0063004],[-35.0010665,-8.0055175],[-35.0011214,-8.0060774]],[[-35.0129882,-8.0056219],[-35.0124343,-8.0062119],[-35.0119762,-8.0054631],[-35.0124112,-8.0051363],[-35.0129882,-8.0056219]],[[-35.0018846,-8.0060896],[-35.0012581,-8.0050483],[-35.0011878,-8.0046144],[-35.0018846,-8.0060896]],[[-35.0011324,-8.0048786],[-35.0008927,-8.0049453],[-35.0010995,-8.0046412],[-35.0011324,-8.0048786]],[[-35.0014268,-8.0022799],[-35.0015861,-8.0023991],[-35.0013879,-8.0026479],[-35.0014268,-8.0022799]],[[-35.013085,-8.0030592],[-35.012338,-8.0022151],[-35.012156,-8.0013757],[-35.013164,-8.0030307],[-35.013085,-8.0030592]],[[-35.015,-8.000513063508773],[-35.015,-8.001043325439168],[-35.0144633,-8.0007401],[-35.015,-8.000513063508773]],[[-35.015,-7.999086898665926],[-35.015,-7.9997265372026245],[-35.0146696,-7.9992697],[-35.015,-7.999086898665926]],[[-35.0087125,-7.9972305],[-35.0096486,-7.9981212],[-35.0098763,-7.9993461],[-35.0085093,-7.9993117],[-35.0083449,-7.9976461],[-35.0071225,-7.9976954],[-35.0070961,-7.9970545],[-35.0087125,-7.9972305]],[[-35.0108029,-7.9967447],[-35.0116331,-7.996801],[-35.0106235,-7.9952994],[-35.0134318,-7.9963551],[-35.0131421,-7.9960531],[-35.0135803,-7.9959372],[-35.0140394,-7.9953185],[-35.015,-7.995085962180835],[-35.015,-7.9975518183098595],[-35.01397859171574,-7.997492247100981],[-35.0135113,-7.9982764],[-35.0129116,-7.9982827],[-35.0130536,-7.9975074],[-35.0112764,-7.998414],[-35.0108029,-7.9967447]],[[-35.0104106,-7.9966185],[-35.0101193,-7.9946105],[-35.0112084,-7.9923509],[-35.0135799,-7.9917823],[-35.0142867,-7.9931793],[-35.015,-7.993209442469136],[-35.0145928,-7.9948206],[-35.0133552,-7.9940925],[-35.0132851,-7.9950262],[-35.0140391,-7.9952468],[-35.0133433,-7.9959927],[-35.0106818,-7.9951948],[-35.0105618,-7.9953469],[-35.0106554,-7.9963024],[-35.0104106,-7.9966185]],[[-35.0010456,-7.9927837],[-35.0005042,-7.9925214],[-35.0011493,-7.9925841],[-35.0010456,-7.9927837]],[[-35.015,-7.991581958224543],[-35.015,-7.993147096752767],[-35.014333,-7.9931121],[-35.0136773,-7.9917957],[-35.015,-7.991581958224543]],[[-35.015,-7.986388067492565],[-35.0148534,-7.9862348],[-35.015,-7.986065697142857],[-35.015,-7.986388067492565]],[[-35.0136935,-7.9903804],[-35.0135855,-7.9916165],[-35.0140483,-7.9915722],[-35.0111215,-7.9922565],[-35.0099125,-7.9945003],[-35.0097353,-7.9925705],[-35.0083304,-7.9902774],[-35.0085293,-7.9888984],[-35.0090826,-7.988526],[-35.0075689,-7.9889354],[-35.0072301,-7.9882736],[-35.0070467,-7.9870455],[-35.0081675,-7.9861996],[-35.007039,-7.9857009],[-35.0068154,-7.9843615],[-35.0065718,-7.9857129],[-35.0057047,-7.9862649],[-35.005434,-7.9856752],[-35.0041998,-7.9858468],[-35.0040627,-7.9834952],[-35.0049577,-7.9830521],[-35.0037379,-7.9833344],[-35.0033879,-7.9826768],[-35.0039364,-7.9829163],[-35.0035863,-7.9825696],[-35.0043478,-7.9821443],[-35.0033167,-7.9825341],[-35.0034589,-7.9813941],[-35.0017776,-7.9788868],[-35.0032596,-7.9794031],[-35.0032224,-7.9803176],[-35.0062931,-7.9811756],[-35.0066838,-7.9824111],[-35.0072919,-7.9819057],[-35.0072887,-7.9826732],[-35.0076605,-7.9821178],[-35.0080953,-7.98233],[-35.0080417,-7.981472],[-35.007065,-7.981447],[-35.0068981,-7.980876],[-35.0064255,-7.9815812],[-35.0064916,-7.9806233],[-35.0071501,-7.9802427],[-35.0070808,-7.9809322],[-35.0073234,-7.9802551],[-35.0084986,-7.9803612],[-35.0085647,-7.9822145],[-35.0075958,-7.9837527],[-35.0080549,-7.9840479],[-35.0098437,-7.9822824],[-35.0095575,-7.9818838],[-35.0086363,-7.9822411],[-35.0085602,-7.9804225],[-35.0094662,-7.9790542],[-35.0093829,-7.9802099],[-35.0100043,-7.9821092],[-35.0108134,-7.9824647],[-35.010397,-7.9833669],[-35.0113456,-7.9837731],[-35.010685,-7.9830848],[-35.0109793,-7.9825608],[-35.011618,-7.9837111],[-35.0119843,-7.9839901],[-35.0122693,-7.9837519],[-35.0117151,-7.9834915],[-35.0129299,-7.9818638],[-35.0119906,-7.9819041],[-35.0123499,-7.9814954],[-35.0120049,-7.9799083],[-35.0125164,-7.9798018],[-35.0128788,-7.9812561],[-35.0141713,-7.9820125],[-35.0130325,-7.9806665],[-35.0125346,-7.9779774],[-35.0137993,-7.9770649],[-35.0145291,-7.9792228],[-35.015,-7.979236667266592],[-35.015,-7.985726089701901],[-35.0144354,-7.9843114],[-35.0134621,-7.9849576],[-35.015,-7.986456476479917],[-35.015,-7.991140333333333],[-35.0138608,-7.9907969],[-35.014197,-7.990198],[-35.0136935,-7.9903804]],[[-35.0107959,-7.9819541],[-35.0119332,-7.9817097],[-35.0112412,-7.9826925],[-35.0107959,-7.9819541]],[[-35.0102374,-7.9817841],[-35.0095307,-7.980429],[-35.0095601,-7.9790237],[-35.0099876,-7.9789552],[-35.0103051,-7.9801518],[-35.0113425,-7.9810272],[-35.0102374,-7.9817841]],[[-35.0042469,-7.9801723],[-35.0040759,-7.9803289],[-35.0037148,-7.9797292],[-35.0042469,-7.9801723]],[[-35.0149071,-7.9777016],[-35.015,-7.9773895784351145],[-35.0149779,-7.9777279],[-35.0149071,-7.9777016]],[[-34.999621,-7.9744036],[-34.9995245,-7.9753723],[-34.9990469,-7.9753905],[-34.9992765,-7.9739942],[-35.000613,-7.974067],[-35.0034873,-7.9763435],[-35.0041758,-7.9777346],[-35.0036236,-7.9790788],[-35.0040262,-7.979579],[-35.001233,-7.978124],[-35.0004844,-7.9768596],[-35.0023536,-7.9768232],[-35.0006543,-7.9752586],[-34.9998368,-7.975627],[-35.0000894,-7.9747674],[-34.999621,-7.9744036]],[[-35.0093665,-7.9771202],[-35.0069474,-7.9768887],[-35.0071832,-7.9781848],[-35.0063962,-7.9786203],[-35.0061541,-7.9799057],[-35.0059315,-7.9787208],[-35.0043166,-7.9778719],[-35.0038534,-7.9769031],[-35.0042264,-7.9760414],[-35.0035987,-7.9753105],[-35.0049103,-7.9765322],[-35.0055625,-7.9758113],[-35.0049779,-7.9762051],[-35.0047866,-7.9758517],[-35.0055403,-7.9753728],[-35.0041402,-7.9745979],[-35.0046798,-7.9744575],[-35.0053064,-7.9752003],[-35.0056631,-7.9746794],[-35.0050548,-7.9744122],[-35.00575,-7.9746341],[-35.0059466,-7.9740952],[-35.0033079,-7.9734883],[-35.0026265,-7.9744303],[-35.0010529,-7.9730557],[-35.0021092,-7.971881],[-35.0032999,-7.9724948],[-35.0056464,-7.9727656],[-35.0054999,-7.9723001],[-35.0049577,-7.9726596],[-35.0041614,-7.9720942],[-35.0049733,-7.9711373],[-35.0045181,-7.9707551],[-35.0035048,-7.9715042],[-35.0031317,-7.9711688],[-35.0038601,-7.9699172],[-35.004909,-7.9701426],[-35.0048001,-7.9692361],[-35.0052519,-7.9689357],[-35.0072578,-7.972256],[-35.0077633,-7.9717552],[-35.0072062,-7.9719708],[-35.0074384,-7.9711786],[-35.0069231,-7.971493],[-35.0070334,-7.9706814],[-35.0065735,-7.9709028],[-35.006198,-7.970276],[-35.0067802,-7.9702092],[-35.0069068,-7.9691813],[-35.007489,-7.9692314],[-35.0078341,-7.9713465],[-35.0097735,-7.9699611],[-35.0102041,-7.9703591],[-35.0107926,-7.9694043],[-35.0118692,-7.9691129],[-35.0115989,-7.9685964],[-35.0133381,-7.9708093],[-35.0112916,-7.9703872],[-35.0104573,-7.9709119],[-35.0109018,-7.9707287],[-35.0107643,-7.9717008],[-35.0104002,-7.9711319],[-35.009385,-7.9712151],[-35.0088085,-7.9730266],[-35.0097884,-7.9746828],[-35.0084708,-7.973962],[-35.0086143,-7.9753832],[-35.0095988,-7.9757579],[-35.0107548,-7.9781697],[-35.0096294,-7.9784398],[-35.0093665,-7.9771202]],[[-35.0143586,-7.9666533],[-35.0148154,-7.967169],[-35.0147355,-7.9687097],[-35.0131702,-7.9703833],[-35.0128572,-7.9692887],[-35.0120457,-7.9688078],[-35.0121256,-7.9681308],[-35.0113238,-7.9681782],[-35.0109564,-7.9675993],[-35.0126942,-7.9672418],[-35.0130712,-7.9678049],[-35.0124674,-7.9681782],[-35.0131542,-7.9690482],[-35.0141759,-7.9673802],[-35.0139156,-7.9661519],[-35.015,-7.963292967139961],[-35.015,-7.968398101008405],[-35.0149049,-7.9668684],[-35.0143586,-7.9666533]],[[-35.0054976,-7.9657417],[-35.0050908,-7.9650843],[-35.00528,-7.9649975],[-35.0058293,-7.9653838],[-35.0054976,-7.9657417]],[[-35.0075606,-7.9634705],[-35.007312,-7.9637167],[-35.0070066,-7.962922],[-35.0075606,-7.9634705]],[[-35.0018174,-7.9590809],[-35.0017798,-7.9598476],[-35.0015134,-7.9592827],[-35.0018174,-7.9590809]],[[-35.0120993,-7.9550525],[-35.0116979,-7.9542112],[-35.0132531,-7.9533988],[-35.0149181,-7.9565774],[-35.0135775,-7.9579233],[-35.0119943,-7.9551661],[-35.0108638,-7.9562888],[-35.0103131,-7.9562918],[-35.0116033,-7.9545604],[-35.0120993,-7.9550525]],[[-35.0102001,-7.9547002],[-35.009253,-7.955592],[-35.0087074,-7.9550474],[-35.0096401,-7.9541311],[-35.0102001,-7.9547002]],[[-35.0033848,-7.9500553],[-35.0027398,-7.9500081],[-35.0029754,-7.9492054],[-35.0023528,-7.9495998],[-35.0033428,-7.9477166],[-35.0043692,-7.9511635],[-35.005864,-7.9523023],[-35.0053087,-7.9526967],[-35.0049582,-7.9518274],[-35.003741,-7.9514635],[-35.0033848,-7.9500553]],[[-35.0046216,-7.948259],[-35.0035241,-7.9475483],[-35.0060395,-7.9483],[-35.0058233,-7.9499581],[-35.0074258,-7.9508004],[-35.0068137,-7.9512842],[-35.0068107,-7.9507108],[-35.0062619,-7.9517859],[-35.0050679,-7.9488892],[-35.0046096,-7.9492535],[-35.0040879,-7.9488772],[-35.0046216,-7.948259]],[[-35.0126243,-7.9519578],[-35.012203,-7.9494747],[-35.0116762,-7.9502746],[-35.0114445,-7.9497947],[-35.0119501,-7.9486679],[-35.0108756,-7.9486609],[-35.010981,-7.9490365],[-35.010384,-7.9485218],[-35.0113111,-7.9481184],[-35.0112408,-7.9468178],[-35.0118307,-7.9462335],[-35.0114866,-7.9458927],[-35.0092042,-7.9480419],[-35.0086354,-7.9472977],[-35.0095554,-7.9464909],[-35.0082983,-7.9465256],[-35.0076943,-7.9457675],[-35.0033823,-7.9475759],[-35.0022797,-7.9473603],[-35.0067666,-7.9452835],[-35.0068987,-7.9433415],[-35.0074164,-7.9434422],[-35.0076568,-7.9452735],[-35.0092376,-7.9450995],[-35.009025,-7.9428929],[-35.0107261,-7.9446966],[-35.0105782,-7.9421421],[-35.0118355,-7.9425266],[-35.0145063,-7.9414843],[-35.0147692,-7.941819],[-35.013989,-7.9418644],[-35.0142894,-7.9424677],[-35.0136719,-7.9426206],[-35.0132506,-7.9432321],[-35.0147274,-7.9425916],[-35.015,-7.945012189888953],[-35.0136928,-7.9457856],[-35.015,-7.945385225915875],[-35.015,-7.9500875418839],[-35.0131721,-7.9492104],[-35.0126243,-7.9519578]],[[-34.9865131,-8.1312417],[-34.9865775,-8.1301956],[-34.9871515,-8.1310665],[-34.9882673,-8.1312577],[-34.9880903,-8.1316984],[-34.9865131,-8.1312417]],[[-34.9899141,-8.1303509],[-34.9907522,-8.1304149],[-34.9902592,-8.1315679],[-34.9896337,-8.130665],[-34.9899141,-8.1303509]],[[-34.9856075,-8.1292617],[-34.9855468,-8.1307457],[-34.9842065,-8.1310277],[-34.9844727,-8.1305331],[-34.9838422,-8.1302372],[-34.9843559,-8.1294189],[-34.9856075,-8.1292617]],[[-34.9874251,-8.1294096],[-34.9882565,-8.1309709],[-34.9863415,-8.1294415],[-34.9856226,-8.1294946],[-34.9857728,-8.1287033],[-34.9874251,-8.1294096]],[[-34.9944645,-8.1294991],[-34.9940407,-8.1295894],[-34.9933058,-8.1287875],[-34.9943841,-8.1278463],[-34.9944645,-8.1294991]],[[-34.995092,-8.1280109],[-34.9954155,-8.1286855],[-34.9949418,-8.1289137],[-34.995092,-8.1280109]],[[-34.99063,-8.1252653],[-34.9908637,-8.1252009],[-34.9909491,-8.1254183],[-34.99063,-8.1252653]],[[-34.9940458,-8.1209923],[-34.993437,-8.1204559],[-34.9940861,-8.1200815],[-34.9940458,-8.1209923]],[[-34.996179,-8.1208993],[-34.9957446,-8.1206126],[-34.9957569,-8.1200361],[-34.996179,-8.1208993]],[[-34.9965503,-8.1205996],[-34.9963654,-8.120179],[-34.9967983,-8.1200482],[-34.9970585,-8.1207807],[-34.9965503,-8.1205996]],[[-34.99506,-8.1194893],[-34.9954196,-8.1199655],[-34.9949526,-8.1199609],[-34.99506,-8.1194893]],[[-34.9924722,-8.1198108],[-34.9933893,-8.1191946],[-34.9938833,-8.1196792],[-34.9933494,-8.1203832],[-34.9924722,-8.1198108]],[[-34.9942801,-8.1196511],[-34.9935189,-8.1191842],[-34.9947942,-8.118667],[-34.9950133,-8.1193183],[-34.9942801,-8.1196511]],[[-34.9963332,-8.1191278],[-34.9970385,-8.1187032],[-34.9968292,-8.1192002],[-34.9963332,-8.1191278]],[[-34.9980885,-8.1182755],[-34.999237,-8.1177624],[-34.9995622,-8.1190825],[-34.9989341,-8.1191811],[-34.9989768,-8.1183097],[-34.9980885,-8.1182755]],[[-34.9975462,-8.1167097],[-34.997412,-8.1178408],[-34.995159,-8.118733],[-34.9949551,-8.1176125],[-34.9975462,-8.1167097]],[[-34.9989998,-8.1124222],[-34.9989696,-8.1126522],[-34.9988604,-8.1125342],[-34.9989998,-8.1124222]],[[-34.9971192,-8.1121794],[-34.9970817,-8.1124736],[-34.9969264,-8.1124259],[-34.9971192,-8.1121794]],[[-34.9933569,-8.1085946],[-34.9932952,-8.1088628],[-34.9916136,-8.1085464],[-34.9933569,-8.1085946]],[[-34.9931256,-8.1084543],[-34.9933246,-8.1076493],[-34.9937922,-8.1084637],[-34.9931256,-8.1084543]],[[-34.9839613,-8.108289],[-34.9834892,-8.1077234],[-34.9838164,-8.107349],[-34.9843395,-8.1077686],[-34.9839613,-8.108289]],[[-34.993908,-8.1106335],[-34.9942243,-8.1111583],[-34.9938666,-8.1105748],[-34.9943262,-8.1093171],[-34.9948585,-8.108429],[-34.9952079,-8.1081671],[-34.9955474,-8.1080641],[-34.9963748,-8.108323],[-34.9966052,-8.1074694],[-34.9970362,-8.1072416],[-34.9969194,-8.106919],[-34.9972575,-8.1065416],[-34.996881,-8.1069586],[-34.9964563,-8.1063086],[-34.99733469403183,-8.105127663819578],[-34.9970568,-8.1051642],[-34.9968538,-8.1050283],[-34.9966005,-8.1045756],[-34.9967923,-8.1041914],[-34.996602,-8.1041827],[-34.9965399,-8.10409],[-34.997843,-8.1011272],[-34.9979785,-8.0988841],[-35.0002377,-8.0980532],[-35.0012281,-8.0967545],[-34.9973945,-8.0935878],[-34.9977324,-8.0929861],[-34.9967795,-8.0931338],[-34.9954859,-8.0948437],[-34.9946275,-8.0940574],[-34.9924774,-8.096092],[-34.9899942,-8.094247],[-34.9885984,-8.0944376],[-34.9875362,-8.0917673],[-34.984347295530405,-8.088731196896534],[-34.9860021,-8.0893178],[-34.9843868,-8.0886944],[-34.98409058117859,-8.088923800909456],[-34.9875394,-8.0928496],[-34.987761,-8.0950075],[-34.9872278,-8.0955689],[-34.9845568,-8.0958875],[-34.9822716,-8.0936994],[-34.9816273,-8.0948487],[-34.9795143,-8.0950165],[-34.9780873,-8.0930302],[-34.9768106,-8.092754],[-34.976081,-8.0918618],[-34.9777226,-8.0893444],[-34.9776582,-8.0877829],[-34.9794928,-8.0849256],[-34.980274,-8.0845845],[-34.98400799148972,-8.088839682898582],[-34.9832801,-8.0894134],[-34.984325,-8.0886243],[-34.9837258,-8.0881895],[-34.9855554,-8.087051],[-34.9875357,-8.0874563],[-34.9888398,-8.084976],[-34.9892839,-8.0851582],[-34.9900629,-8.0883953],[-34.9928046,-8.0884165],[-34.9921437,-8.0830491],[-34.996674,-8.0853645],[-35.0043486,-8.0877378],[-35.0038692,-8.0899203],[-35.0048381,-8.089564],[-35.0049588,-8.0879265],[-35.008957,-8.0888485],[-35.0092163,-8.0896083],[-35.0123937,-8.0912953],[-35.0128996,-8.0912397],[-35.0128578,-8.0903695],[-35.0147026,-8.0909605],[-35.015,-8.090567804939917],[-35.015,-8.097364470661434],[-35.0127423,-8.1020587],[-35.0118845,-8.1054391],[-35.0105997,-8.1057468],[-35.0111503,-8.1080014],[-35.0104088,-8.1077046],[-35.0106682,-8.1083625],[-35.0098054,-8.1089083],[-35.0065983,-8.1065572],[-35.0055805,-8.1049691],[-35.0014161,-8.1041024],[-34.9972734,-8.1049966],[-34.9971943,-8.1050175],[-34.9978859,-8.1048644],[-34.9973151,-8.1065908],[-34.9970955,-8.1073649],[-34.9963931,-8.1084078],[-34.995341,-8.1081504],[-34.9944035,-8.1092693],[-34.993908,-8.1106335]],[[-34.9831834,-8.107357],[-34.982934,-8.107742],[-34.9830225,-8.1072109],[-34.9831834,-8.107357]],[[-34.9856832,-8.1082],[-34.9848252,-8.1075708],[-34.9860587,-8.1047108],[-34.9880006,-8.1049285],[-34.989213,-8.1038929],[-34.990994,-8.1074087],[-34.9939273,-8.1073244],[-34.9910476,-8.10837],[-34.9856832,-8.1082]],[[-34.9843533,-8.1064787],[-34.9846646,-8.1073573],[-34.9836325,-8.1067627],[-34.9844179,-8.1045691],[-34.9850884,-8.1042345],[-34.9843533,-8.1064787]],[[-34.9980489,-8.1066166],[-34.9979135,-8.1049176],[-34.9983455,-8.1050216],[-34.9985323,-8.106078],[-34.9980489,-8.1066166]],[[-34.9925508,-8.1000303],[-34.9954454,-8.1018658],[-34.9965452,-8.1035986],[-34.995588,-8.1057407],[-34.9944784,-8.1049863],[-34.9940621,-8.1068407],[-34.9932716,-8.1067528],[-34.9941051,-8.1060004],[-34.9934921,-8.1064601],[-34.9927607,-8.1048206],[-34.9937284,-8.1024313],[-34.9923409,-8.1021542],[-34.9925508,-8.1000303]],[[-34.9938377,-8.0977713],[-34.9943527,-8.098451],[-34.9935758,-8.0990169],[-34.9930095,-8.0985965],[-34.9938377,-8.0977713]],[[-34.9988288,-8.0846231],[-34.9956891,-8.0825208],[-34.9996304,-8.0848363],[-34.9988288,-8.0846231]],[[-34.9942997,-8.0833648],[-34.9940812,-8.0836915],[-34.9936129,-8.0834398],[-34.9938869,-8.0824901],[-34.9942997,-8.0833648]],[[-34.9928678,-8.0825379],[-34.9922803,-8.0828257],[-34.9923576,-8.0824533],[-34.9928678,-8.0825379]],[[-34.9952068,-8.0822002],[-34.9953807,-8.0825975],[-34.9944055,-8.0822165],[-34.9952068,-8.0822002]],[[-34.9916801,-8.082438],[-34.9910465,-8.0820042],[-34.9922929,-8.0823941],[-34.9916801,-8.082438]],[[-34.9964569,-8.0825887],[-34.9958862,-8.0822235],[-34.9960433,-8.0818073],[-34.9964569,-8.0825887]],[[-34.9918915,-8.0818828],[-34.9928212,-8.0823744],[-34.9917355,-8.0821333],[-34.9918915,-8.0818828]],[[-34.9828511,-8.0818078],[-34.9831558,-8.081887],[-34.9828359,-8.0823018],[-34.9828511,-8.0818078]],[[-34.9961194,-8.0812927],[-34.9958295,-8.0821691],[-34.9955669,-8.082046],[-34.9961194,-8.0812927]],[[-34.9910827,-8.0810181],[-34.9910735,-8.080041],[-34.993243,-8.0808259],[-34.9939699,-8.0819023],[-34.992283,-8.0820873],[-34.9910827,-8.0810181]],[[-34.9904506,-8.0813606],[-34.9904764,-8.0799318],[-34.9909863,-8.0800211],[-34.9908626,-8.0807893],[-34.9917498,-8.081983],[-34.9904506,-8.0813606]],[[-34.9912481,-8.0798186],[-34.992072,-8.0785395],[-34.9923434,-8.0776127],[-34.994936,-8.0816373],[-34.9912481,-8.0798186]],[[-34.9905715,-8.0797166],[-34.9905999,-8.078986],[-34.9913737,-8.078422],[-34.9905715,-8.0797166]],[[-34.9942532,-8.077815],[-34.9941813,-8.0781898],[-34.9936466,-8.077822],[-34.9936286,-8.0774713],[-34.9942532,-8.077815]],[[-34.991294,-8.0791348],[-34.992372,-8.075875],[-34.9922813,-8.0775414],[-34.991294,-8.0791348]],[[-34.9935363,-8.0773022],[-34.9927489,-8.0758963],[-34.9951239,-8.0775366],[-34.9946185,-8.0779092],[-34.9935363,-8.0773022]],[[-34.994655,-8.0769721],[-34.9949393,-8.0762179],[-34.9951217,-8.0771792],[-34.994655,-8.0769721]],[[-34.9931431,-8.0752395],[-34.9949708,-8.0760183],[-34.99416204719939,-8.076138944462787],[-34.9948266,-8.0761728],[-34.9945235,-8.0768765],[-34.9931431,-8.0752395]],[[-34.9961567,-8.0754857],[-34.9960467,-8.074828],[-34.9964745,-8.0748563],[-34.9961567,-8.0754857]],[[-34.9950198,-8.0755664],[-34.9953173,-8.0745174],[-34.9955495,-8.0753929],[-34.9950198,-8.0755664]],[[-34.9925839,-8.0745533],[-34.9924008,-8.074079],[-34.9930112,-8.073828],[-34.9932742,-8.074186],[-34.9925839,-8.0745533]],[[-34.9997919,-8.073029],[-35.0004969,-8.0732306],[-35.0003314,-8.0738908],[-34.9987693,-8.0749627],[-34.9981719,-8.0745882],[-34.9995462,-8.0740653],[-34.998742,-8.0739664],[-34.9997919,-8.073029]],[[-34.9991825,-8.0713714],[-35.0000797,-8.0728692],[-34.9988338,-8.0720101],[-34.9991825,-8.0713714]],[[-34.987383,-8.0700353],[-34.9890039,-8.0697515],[-34.9893578,-8.0709534],[-34.9873299,-8.0714299],[-34.987383,-8.0700353]],[[-34.9915269,-8.0706433],[-34.9920446,-8.0696213],[-34.9932221,-8.068796],[-34.9930408,-8.0695449],[-34.9924073,-8.0695327],[-34.9918936,-8.070445],[-34.9921431,-8.0714852],[-34.991721,-8.0714303],[-34.9915269,-8.0706433]],[[-34.9878576,-8.069764],[-34.9878761,-8.0687561],[-34.9884377,-8.0696989],[-34.9878576,-8.069764]],[[-34.9889594,-8.0684622],[-34.9904291,-8.0683097],[-34.989374,-8.0692684],[-34.9889594,-8.0684622]],[[-34.9877245,-8.0685199],[-34.9873432,-8.068636],[-34.9873862,-8.0676138],[-34.9877245,-8.0685199]],[[-34.9973824,-8.0680645],[-34.9969912,-8.0682349],[-34.9969896,-8.0678878],[-34.9973824,-8.0680645]],[[-34.9961428,-8.0680047],[-34.9959194,-8.0680474],[-34.9962029,-8.0676265],[-34.9961428,-8.0680047]],[[-34.9867742,-8.0680223],[-34.9871315,-8.0677174],[-34.9872962,-8.0679623],[-34.9867742,-8.0680223]],[[-34.9991387,-8.0668529],[-34.9991607,-8.0666783],[-34.9994276,-8.0669135],[-34.9991387,-8.0668529]],[[-34.9897997,-8.0653441],[-34.9899664,-8.0678478],[-34.9877792,-8.068512],[-34.9896135,-8.0678823],[-34.9897315,-8.0659915],[-34.9892469,-8.0654501],[-34.988641,-8.0656903],[-34.9875572,-8.0651087],[-34.9879337,-8.0640922],[-34.9897997,-8.0653441]],[[-34.999289,-8.0663166],[-34.9990022,-8.0653516],[-35.0001428,-8.065341],[-35.0000113,-8.0662205],[-34.999289,-8.0663166]],[[-34.9831806,-8.0656145],[-34.9837443,-8.0638229],[-34.9862244,-8.0634999],[-34.9879251,-8.0639037],[-34.9871961,-8.0659539],[-34.9866329,-8.0648225],[-34.9858762,-8.0656299],[-34.9840791,-8.0660813],[-34.9831806,-8.0656145]],[[-34.9958424,-8.0604943],[-34.9956259,-8.0630712],[-34.9947602,-8.0631064],[-34.9933686,-8.066657],[-34.991692,-8.0672022],[-34.991355,-8.0651462],[-34.9929357,-8.064837],[-34.9926727,-8.0620106],[-34.9947438,-8.0619699],[-34.9958424,-8.0604943]],[[-34.9948685,-8.0607181],[-34.9956684,-8.0603777],[-34.9951643,-8.060847],[-34.9948685,-8.0607181]],[[-34.9976177,-8.0585867],[-34.9979586,-8.058582],[-34.997594,-8.058793],[-34.9976177,-8.0585867]],[[-34.9973999,-8.0582163],[-34.9973004,-8.0580991],[-34.9975703,-8.0581413],[-34.9973999,-8.0582163]],[[-34.9977195,-8.0425814],[-34.9978884,-8.0421247],[-34.9993464,-8.0437068],[-34.9987528,-8.0439143],[-34.9977195,-8.0425814]],[[-34.9956227,-8.0405138],[-34.9961581,-8.0410253],[-34.995574,-8.0419892],[-34.9951734,-8.0411662],[-34.9956227,-8.0405138]],[[-34.9943452,-8.0416823],[-34.9945507,-8.0406394],[-34.9957437,-8.0391513],[-34.9943452,-8.0416823]],[[-34.9960832,-8.0392682],[-34.9977305,-8.0396797],[-34.9979102,-8.0402765],[-34.9974319,-8.0399648],[-34.9969331,-8.0411106],[-34.9956451,-8.0402098],[-34.9960832,-8.0392682]],[[-34.9973136,-8.0374374],[-34.9977867,-8.0377334],[-34.9977605,-8.0388122],[-34.9961805,-8.0391977],[-34.9962816,-8.0384304],[-34.9971427,-8.0386454],[-34.9963065,-8.0383187],[-34.9973136,-8.0374374]],[[-34.9872847,-8.0372254],[-34.9877278,-8.0371751],[-34.9876055,-8.0377481],[-34.9872847,-8.0372254]],[[-34.9860241,-8.0371065],[-34.9854836,-8.0363585],[-34.9863926,-8.0367976],[-34.9860241,-8.0371065]],[[-34.9831593,-8.0349169],[-34.9830556,-8.0351838],[-34.9827569,-8.0349073],[-34.9831593,-8.0349169]],[[-34.9946529,-8.0341346],[-34.994187,-8.0333327],[-34.9953586,-8.0337025],[-34.9946529,-8.0341346]],[[-34.9850833,-8.0341449],[-34.9846551,-8.0342623],[-34.9840782,-8.0326152],[-34.98454,-8.0326398],[-34.9850833,-8.0341449]],[[-34.9919624,-8.0314557],[-34.9915507,-8.0317705],[-34.9922766,-8.0303795],[-34.9919624,-8.0314557]],[[-34.99563,-8.0304679],[-34.9954387,-8.0304303],[-34.9957475,-8.0294679],[-34.99563,-8.0304679]],[[-34.9874482,-8.0310419],[-34.9863734,-8.03102],[-34.986647,-8.0306563],[-34.985089,-8.0299361],[-34.9845984,-8.0289939],[-34.9854662,-8.0285667],[-34.9865147,-8.0291969],[-34.9871622,-8.0289792],[-34.9877958,-8.0305464],[-34.9874482,-8.0310419]],[[-34.9963372,-8.0279918],[-34.996551,-8.0266987],[-34.9963535,-8.0280461],[-34.9953552,-8.0287456],[-34.9945738,-8.0288028],[-34.9938127,-8.0282627],[-34.9942092,-8.0285473],[-34.99358497587698,-8.028478673014016],[-34.9930233,-8.0300672],[-34.99234,-8.0303803],[-34.9937282,-8.0279199],[-34.9942698,-8.0284305],[-34.9938748896732,-8.02828051906269],[-34.9945605,-8.0287389],[-34.9953031,-8.0286958],[-34.9955611,-8.0281379],[-34.9963372,-8.0279918]],[[-34.992313,-8.0284382],[-34.9928001,-8.0277985],[-34.9929946,-8.027873],[-34.9926036,-8.0287322],[-34.992313,-8.0284382]],[[-34.9964163,-8.0252914],[-34.9972372,-8.0254391],[-34.996671,-8.0264922],[-34.9969953,-8.0255015],[-34.9963548,-8.0253191],[-34.9963195,-8.0247404],[-34.9964163,-8.0252914]],[[-34.9973428,-8.025406],[-34.9980828,-8.0254402],[-34.9973225,-8.0254913],[-34.9973428,-8.025406]],[[-34.9986272,-8.0251665],[-34.9981923,-8.0253135],[-34.9985146,-8.025158],[-34.9986272,-8.0251665]],[[-34.9942935,-8.0242437],[-34.9937061,-8.0239432],[-34.9942666,-8.024182],[-34.9951905,-8.0241982],[-34.9942935,-8.0242437]],[[-34.9930499,-8.0225357],[-34.9930241,-8.0226332],[-34.9923653,-8.0224683],[-34.9930499,-8.0225357]],[[-34.9922995,-8.0224065],[-34.9916622,-8.0223651],[-34.9919465,-8.0220858],[-34.9922995,-8.0224065]],[[-34.99691,-8.0185865],[-34.9971272,-8.0186631],[-34.9968483,-8.0188521],[-34.99691,-8.0185865]],[[-34.9902603,-8.0177502],[-34.9908525,-8.0178004],[-34.9908036,-8.0193963],[-34.9901022,-8.0194868],[-34.9902603,-8.0177502]],[[-34.9985106,-8.0177585],[-34.9984235,-8.0181476],[-34.9983069,-8.017806],[-34.9985106,-8.0177585]],[[-34.991903,-8.0171526],[-34.9917354,-8.0175752],[-34.9912659,-8.0174169],[-34.9912273,-8.016903],[-34.991903,-8.0171526]],[[-34.9989468,-8.0178123],[-34.9995232,-8.0170945],[-34.9992397,-8.0165828],[-34.999755,-8.0168627],[-34.9999007,-8.0161777],[-35.0003557,-8.0169829],[-34.9989468,-8.0178123]],[[-34.9993743,-8.0169756],[-34.9991959,-8.0171164],[-34.9991597,-8.0167313],[-34.9993743,-8.0169756]],[[-34.981289,-8.0146657],[-34.9805753,-8.0140081],[-34.9812007,-8.0134707],[-34.9798118,-8.0129188],[-34.9787517,-8.0134374],[-34.9790106,-8.0139094],[-34.9783361,-8.01462],[-34.977232252126356,-8.01420510224455],[-34.9768801,-8.014772],[-34.974022466802275,-8.014647493334774],[-34.9735751,-8.0151622],[-34.9740222,-8.0162467],[-34.9748872,-8.0163269],[-34.9756068,-8.0175311],[-34.9760447,-8.0170998],[-34.9782629,-8.0170874],[-34.9762984,-8.0179826],[-34.9757917,-8.0190054],[-34.9746245,-8.0192456],[-34.9744082,-8.0181761],[-34.9738977,-8.0191359],[-34.9722028,-8.0187065],[-34.9725982,-8.0181478],[-34.9726356,-8.0173593],[-34.9720842,-8.0187014],[-34.970436,-8.0182504],[-34.9731133,-8.0142027],[-34.9735478,-8.0146799],[-34.9740055,-8.0144683],[-34.9768778,-8.0147194],[-34.9774342,-8.0138844],[-34.9769307,-8.0146077],[-34.976467,-8.0144475],[-34.9768473,-8.0136085],[-34.9778159,-8.0139007],[-34.9779555,-8.0131529],[-34.9774465,-8.0127871],[-34.9807146,-8.0090875],[-34.9796795,-8.0090622],[-34.9805231,-8.0081343],[-34.9793835,-8.0074536],[-34.9798345,-8.0068439],[-34.9790782,-8.0064511],[-34.9763372,-8.0087836],[-34.9757479,-8.0085832],[-34.9754875,-8.0120126],[-34.9736511,-8.0113724],[-34.9754055,-8.0119004],[-34.9756624,-8.0084598],[-34.9761885,-8.0086903],[-34.97909040486084,-8.006243957836535],[-34.9781402,-8.0054106],[-34.9783331,-8.0026957],[-34.9779678,-8.0025291],[-34.979314,-8.0024844],[-34.9787353,-8.003663],[-34.9795902,-8.0026086],[-34.9808489,-8.00385],[-34.9824947,-8.0032607],[-34.9822444,-8.0026673],[-34.9814112,-8.0027201],[-34.9800037,-8.0016045],[-34.9791411,-8.0019464],[-34.9785109,-8.0011091],[-34.9786561,-7.9999904],[-34.9803426,-7.9995828],[-34.9811415,-8.0003579],[-34.9820239,-7.9995435],[-34.9826464,-8.0009068],[-34.9840724,-8.0011734],[-34.9853468,-8.000098],[-34.9844949,-7.9996196],[-34.9846722,-7.9982636],[-34.9827425,-7.9968085],[-34.983178,-7.9957636],[-34.9826568,-7.995645],[-34.983273545428155,-7.995492291503398],[-34.9850172,-7.9883072],[-34.9865605,-7.9913603],[-34.989508,-7.992949],[-34.9892273,-7.9936438],[-34.9898354,-7.994348],[-34.9906026,-7.9940515],[-34.9902471,-7.9936346],[-34.9910049,-7.9931157],[-34.9926516,-7.9960064],[-34.9938151,-7.9959564],[-34.9940287,-7.9953325],[-34.9923335,-7.9917538],[-34.9951309,-7.9901509],[-34.9966465,-7.9900675],[-34.9964033,-7.9932454],[-34.9967962,-7.9931713],[-34.9978002,-7.9917779],[-34.9974238,-7.9902449],[-34.9991162,-7.9893787],[-34.99941,-7.9904795],[-34.9982869,-7.9904567],[-34.9985864,-7.9921335],[-35.001253,-7.9931866],[-35.001327,-7.9925373],[-35.0035901,-7.9919614],[-35.0037487,-7.9911445],[-35.0078667,-7.9897985],[-35.0096924,-7.9925642],[-35.0096344,-7.9934078],[-35.0088657,-7.994378],[-35.0087839,-7.9935022],[-35.0079295,-7.9951629],[-35.0073121,-7.9951802],[-35.007449,-7.9957639],[-35.005807,-7.9936005],[-35.0052699,-7.9945848],[-35.0061857,-7.9961937],[-35.0057067,-7.997072],[-35.0032908,-7.997138],[-35.0027746,-7.9965234],[-35.0000078,-7.9982753],[-34.999803,-7.9989683],[-34.9986185,-7.9988564],[-34.9978538,-7.9996951],[-34.9972084,-7.9992106],[-34.9991568,-7.9984024],[-34.9993889,-7.9977783],[-35.000109,-7.9974371],[-35.0005613,-7.9969091],[-35.0001433,-7.9949453],[-35.0012229,-7.9955125],[-35.0003161,-7.9930142],[-35.0001188,-7.9949261],[-35.0005419,-7.99684],[-34.9993669,-7.9976364],[-34.9989708,-7.9984288],[-34.9976211,-7.998757],[-34.9964988,-7.9995742],[-34.9952852,-7.996692],[-34.9933778,-7.9965239],[-34.99261,-7.9973563],[-34.9924176,-7.9986483],[-34.9936041,-7.9995654],[-34.9912742,-7.9997855],[-34.9919189,-8.0013248],[-34.9866047,-8.0037033],[-34.9840859,-8.0032335],[-34.9887244,-8.0114311],[-34.9882206,-8.0117895],[-34.9885577,-8.0125615],[-34.9881606,-8.0126108],[-34.9876853,-8.0207845],[-34.9864178,-8.0208721],[-34.9866308,-8.0193518],[-34.9856622,-8.0176851],[-34.9858228,-8.0167996],[-34.9845644,-8.0165712],[-34.9838264,-8.0154497],[-34.98317748288902,-8.01577798923507],[-34.9828975,-8.0165316],[-34.9832418,-8.0159113],[-34.982941003335895,-8.016544768870288],[-34.9835397,-8.016726],[-34.9834279,-8.0173664],[-34.9835216,-8.0167719],[-34.982849,-8.0165439],[-34.98295610315292,-8.016246064143653],[-34.9828411,-8.0164969],[-34.9828716,-8.0168814],[-34.9827188,-8.0162868],[-34.98310032134682,-8.015845017600121],[-34.9813313,-8.0153069],[-34.9817043168583,-8.014337255909716],[-34.981289,-8.0146657]],[[-34.9979378,-8.0167743],[-34.9976178,-8.016115],[-34.9966309,-8.0165596],[-34.9971385,-8.0139671],[-34.9980495,-8.0140144],[-34.9977697,-8.0144869],[-34.9984305,-8.0139849],[-34.9981891,-8.013191],[-34.9983937,-8.0135394],[-34.9996323,-8.0128445],[-34.9999328,-8.0132576],[-34.9990897,-8.0134165],[-34.9996522,-8.01438],[-34.9986456,-8.014533],[-34.998954,-8.0152891],[-34.9979378,-8.0167743]],[[-34.9942692,-8.0107929],[-34.995633,-8.0124288],[-34.9949751,-8.0129027],[-34.9962011,-8.013086],[-34.9956968,-8.0137777],[-34.9963211,-8.0141025],[-34.9961104,-8.0152863],[-34.9956677,-8.0155044],[-34.995966,-8.0149956],[-34.9951611,-8.0157177],[-34.9955343,-8.014218],[-34.9943289,-8.0128958],[-34.9939246,-8.0114965],[-34.9942692,-8.0107929]],[[-34.9920129,-8.0115643],[-34.9918366,-8.0108466],[-34.993786,-8.0106048],[-34.9932744,-8.0122709],[-34.9925723,-8.0123012],[-34.9930402,-8.0107694],[-34.9920129,-8.0115643]],[[-34.9932555,-8.0098304],[-34.9934717,-8.0099357],[-34.9933942,-8.0103387],[-34.9928323,-8.0101069],[-34.9932555,-8.0098304]],[[-34.9947812,-8.0077766],[-34.9944272,-8.0079321],[-34.9945379,-8.0072644],[-34.9947812,-8.0077766]],[[-34.9919327,-7.9998477],[-34.99194271653591,-7.999851660025825],[-34.991924470508756,-7.999849733010542],[-34.9919327,-7.9998477]],[[-34.9920355,-7.9903796],[-34.9916527,-7.9912657],[-34.9905157,-7.9904817],[-34.9898884,-7.9888664],[-34.9907281,-7.9893953],[-34.9906734,-7.9888568],[-34.9920355,-7.9903796]],[[-34.9983201,-7.9886406],[-34.9955348,-7.9890037],[-34.9948361,-7.989739],[-34.9945768,-7.989123],[-34.9933167,-7.9905501],[-34.9936583,-7.9898771],[-34.9930281,-7.9892879],[-34.9923982,-7.9899082],[-34.9905599,-7.9886891],[-34.9935362,-7.989249],[-34.993767,-7.9886131],[-34.9951143,-7.9889081],[-34.994959,-7.9885424],[-34.9959537,-7.9883263],[-34.9960297,-7.9876517],[-34.9967181,-7.9876129],[-34.9967459,-7.9883513],[-34.9984135,-7.988182],[-34.9983201,-7.9886406]],[[-34.9997724,-7.9880655],[-34.9999267,-7.9874492],[-34.9985221,-7.9862544],[-34.9986129,-7.9855545],[-34.9978033,-7.9867061],[-34.9955145,-7.986904],[-34.9953396,-7.9865007],[-34.9941946,-7.987279],[-34.9938909,-7.9862993],[-34.9944161,-7.9854813],[-34.9932989,-7.9848856],[-34.9908544,-7.981713],[-34.9908496,-7.9803181],[-34.9915323,-7.9794198],[-34.9921721,-7.979486],[-34.9951084,-7.9808193],[-34.9961015,-7.9820634],[-34.9952474,-7.9814251],[-34.99493441960316,-7.981690934053544],[-34.9953379,-7.9816793],[-34.9949663,-7.9829039],[-34.9959079,-7.9834266],[-34.995121,-7.9839256],[-34.9957248,-7.9848637],[-34.9974795,-7.9839604],[-34.996175,-7.9818781],[-34.9968016,-7.9820551],[-34.997058,-7.981218],[-34.9961068,-7.9799585],[-34.9956907,-7.9806729],[-34.9939645,-7.980068],[-34.9931236,-7.9788013],[-34.9929807,-7.9769275],[-34.9922075,-7.977347],[-34.9914275,-7.9762323],[-34.9924045,-7.9768009],[-34.9925343,-7.9754371],[-34.9937448,-7.9752799],[-34.9945828,-7.9774768],[-34.9956193,-7.9772542],[-34.9954808,-7.976796],[-34.9948687,-7.9771099],[-34.9947922,-7.9756594],[-34.9956885,-7.9762007],[-34.9957468,-7.9772723],[-34.9967523,-7.9765687],[-34.9980569,-7.9772071],[-34.9983375,-7.9779475],[-34.9992677,-7.9777514],[-34.9995901,-7.9783808],[-34.999002,-7.981918],[-35.0001212,-7.9818828],[-35.0008428,-7.9808072],[-34.9999834,-7.980486],[-35.0000937,-7.9814335],[-34.9994678,-7.9811669],[-34.9991143,-7.9816679],[-34.999925,-7.9771653],[-34.9997478,-7.9787615],[-35.0001823,-7.9772592],[-35.0017805,-7.9790439],[-35.0012625,-7.9801891],[-35.0022952,-7.9818207],[-35.0011221,-7.9827904],[-34.9997887,-7.9827408],[-35.0008758,-7.9834983],[-35.0015757,-7.9825534],[-35.00207,-7.983122],[-35.0028114,-7.9824291],[-35.0032762,-7.9831598],[-35.0031898,-7.9821226],[-35.0032482,-7.982519],[-35.003934,-7.9839476],[-35.0039047,-7.9854107],[-35.0031812,-7.9860213],[-35.0044717,-7.986468],[-35.0031924,-7.9861578],[-35.0022615,-7.9874496],[-35.002839,-7.9880015],[-35.003853,-7.9876637],[-35.0044089,-7.9903922],[-35.0038586,-7.9904921],[-35.0036826,-7.9888272],[-35.0020605,-7.9893151],[-35.0027085,-7.9902737],[-34.9995806,-7.9903885],[-35.0001308,-7.9893464],[-34.9989651,-7.9881704],[-34.9997724,-7.9880655]],[[-34.9842684,-7.9776318],[-34.9845372,-7.9784986],[-34.9841618,-7.9779112],[-34.9842684,-7.9776318]],[[-34.9863404,-7.9765932],[-34.9868156,-7.9769299],[-34.9857335,-7.9767452],[-34.9861941,-7.9761479],[-34.9863404,-7.9765932]],[[-34.9987503,-7.9729969],[-34.9981458,-7.9737519],[-34.9981533,-7.9731852],[-34.9971836,-7.9729946],[-34.9965086,-7.9735446],[-34.9963034,-7.9728394],[-34.9952695,-7.9726402],[-34.9956718,-7.973696],[-34.9960138,-7.973449],[-34.9972046,-7.9743533],[-34.996927,-7.9751701],[-34.9962793,-7.9744729],[-34.9962254,-7.97561],[-34.9947529,-7.9748725],[-34.9944503,-7.9753196],[-34.9940221,-7.9751121],[-34.9945033,-7.9749575],[-34.9942962,-7.9737425],[-34.9938532,-7.9750742],[-34.9932446,-7.9744084],[-34.9914442,-7.9761061],[-34.9920879,-7.9740328],[-34.9924459,-7.974251],[-34.9930821,-7.9733228],[-34.9928495,-7.9726474],[-34.9923524,-7.973247],[-34.9921006,-7.9727169],[-34.9912849,-7.9737993],[-34.9914952,-7.97189],[-34.993063,-7.9710127],[-34.9923651,-7.9703879],[-34.9902556,-7.9724013],[-34.9909184,-7.9724581],[-34.9906221,-7.9730324],[-34.9903671,-7.9725559],[-34.989921,-7.9728462],[-34.9900803,-7.971281],[-34.9905966,-7.971464],[-34.9904404,-7.9709686],[-34.9914824,-7.9700029],[-34.9902811,-7.9695769],[-34.9908454,-7.9678984],[-34.9899623,-7.9671392],[-34.9892136,-7.9683741],[-34.9895089,-7.9696799],[-34.9887184,-7.9692043],[-34.9885602,-7.9716446],[-34.9865525,-7.9712339],[-34.9865346,-7.971875],[-34.9855102,-7.9721234],[-34.9854592,-7.9727303],[-34.985357,-7.9716092],[-34.9844123,-7.9714154],[-34.9840123,-7.9725195],[-34.9847698,-7.970328],[-34.9871614,-7.9708928],[-34.9876024,-7.9700568],[-34.9879609,-7.9667108],[-34.9868584,-7.9685875],[-34.9856087,-7.9680089],[-34.986789,-7.9657843],[-34.9866118,-7.9650412],[-34.9856042,-7.9673367],[-34.9854244,-7.9668255],[-34.9846718,-7.9694708],[-34.9849784,-7.9666191],[-34.9839824,-7.9670475],[-34.9836481,-7.9688779],[-34.9816863,-7.9688174],[-34.9830064,-7.9696769],[-34.9826016,-7.970491],[-34.9832864,-7.9712128],[-34.9824012,-7.9712194],[-34.9831939,-7.972168],[-34.9813111,-7.9716904],[-34.9815754,-7.9724951],[-34.9804802,-7.9735883],[-34.9795554,-7.9735537],[-34.9781928,-7.9722652],[-34.9783275,-7.9738028],[-34.9776889,-7.9736029],[-34.9776184,-7.9712838],[-34.9767518,-7.9722818],[-34.976221,-7.9742511],[-34.9742257,-7.9737799],[-34.9758062,-7.97385],[-34.9757354,-7.9721017],[-34.9748626,-7.9721523],[-34.9754389,-7.9705213],[-34.974531,-7.9701206],[-34.9756438,-7.9696793],[-34.9744073,-7.9691858],[-34.9738985,-7.9695435],[-34.9733986,-7.968706],[-34.9739986,-7.9684062],[-34.9746645,-7.9689022],[-34.9751159,-7.9676158],[-34.9764258,-7.9684825],[-34.9748902,-7.965866],[-34.9750443,-7.9652501],[-34.9741912,-7.9659097],[-34.9726776,-7.9655063],[-34.9726666,-7.9691966],[-34.972507,-7.9696054],[-34.9713016,-7.9693001],[-34.9716373,-7.9686133],[-34.971252,-7.9685425],[-34.9717364,-7.9683135],[-34.9713457,-7.9672344],[-34.970462,-7.9673684],[-34.9705973,-7.9661583],[-34.9692504,-7.9673692],[-34.9684679,-7.9666677],[-34.9696713,-7.9661195],[-34.9679237,-7.9662848],[-34.9695683,-7.9651292],[-34.9694186,-7.9645942],[-34.9678361,-7.9644484],[-34.9676836,-7.9616359],[-34.9654635,-7.9603323],[-34.9647264,-7.9620965],[-34.9654065,-7.9627731],[-34.9651943,-7.9630602],[-34.9636458,-7.9614771],[-34.964478,-7.9611686],[-34.9648464,-7.9602588],[-34.9636071,-7.9614456],[-34.961825,-7.9587921],[-34.9622723,-7.9583619],[-34.9649623,-7.958432],[-34.9642319,-7.9573613],[-34.9650202,-7.9569852],[-34.9645375,-7.9566984],[-34.9661046,-7.95681],[-34.9660885,-7.9580942],[-34.9663362,-7.9567303],[-34.9674914,-7.9569088],[-34.9683408,-7.9572625],[-34.9681719,-7.9582953],[-34.9688115,-7.9583535],[-34.9729131,-7.9570988],[-34.9745027,-7.9573326],[-34.9748811,-7.9566799],[-34.9737012,-7.9567108],[-34.9737546,-7.9552115],[-34.974703,-7.9546823],[-34.9751038,-7.9557803],[-34.9766176,-7.9549116],[-34.9762748,-7.9542854],[-34.9755134,-7.9542634],[-34.9754465,-7.9535242],[-34.9765271,-7.9534938],[-34.9772657,-7.9560665],[-34.9782989,-7.9559203],[-34.9786531,-7.9569216],[-34.9806457,-7.9562492],[-34.9820553,-7.9569143],[-34.9825866,-7.958018],[-34.9834058,-7.957521],[-34.9838929,-7.9558107],[-34.9844464,-7.9563881],[-34.9838781,-7.9568193],[-34.9844242,-7.957214],[-34.9842102,-7.9578279],[-34.9853024,-7.9587269],[-34.9863283,-7.9583176],[-34.9868375,-7.9588146],[-34.9856936,-7.9594578],[-34.9863356,-7.9598671],[-34.9842693,-7.9601594],[-34.9839224,-7.9612046],[-34.9813837,-7.9586173],[-34.9807859,-7.9587561],[-34.9815165,-7.9609196],[-34.979155,-7.9585954],[-34.980166,-7.9617308],[-34.978786,-7.9602398],[-34.9785277,-7.9605395],[-34.9784982,-7.9597209],[-34.9778192,-7.9600425],[-34.97709,-7.9593386],[-34.9771849,-7.9601203],[-34.9755462,-7.9591258],[-34.9750966,-7.9594425],[-34.9745221,-7.9585618],[-34.9727136,-7.9597789],[-34.9728235,-7.961293],[-34.9740425,-7.9612435],[-34.9739126,-7.9618867],[-34.974552,-7.9620648],[-34.9750416,-7.9615651],[-34.9756911,-7.9618125],[-34.9757111,-7.9633413],[-34.9765054,-7.9620698],[-34.9773123,-7.9628081],[-34.9783231,-7.962387],[-34.9802966,-7.9628597],[-34.9786039,-7.9632133],[-34.9800038,-7.9644249],[-34.9795225,-7.9656008],[-34.9783392,-7.9648102],[-34.9789248,-7.9656127],[-34.9775891,-7.9660933],[-34.978287,-7.9677181],[-34.9794382,-7.9664707],[-34.980433,-7.967444],[-34.9806937,-7.9659702],[-34.9801362,-7.9657994],[-34.9805413,-7.9653147],[-34.9816965,-7.9667647],[-34.9822421,-7.9662761],[-34.9820816,-7.9655451],[-34.9828036,-7.9657716],[-34.9825469,-7.9650724],[-34.9831326,-7.9639641],[-34.9843038,-7.9649334],[-34.9841354,-7.9654299],[-34.9851261,-7.965716],[-34.9844071,-7.9642838],[-34.9840556,-7.9646506],[-34.9833974,-7.9639918],[-34.9847019,-7.9626392],[-34.9861927,-7.9639825],[-34.9864476,-7.9623115],[-34.9869988,-7.9627203],[-34.9877608,-7.9621848],[-34.9878987,-7.9630293],[-34.988628,-7.9618973],[-34.9884647,-7.9626196],[-34.9888058,-7.9632809],[-34.9888965,-7.9611391],[-34.9903371,-7.9596513],[-34.9901121,-7.9606288],[-34.9916232,-7.9608417],[-34.9922284,-7.9603011],[-34.9937372,-7.9608391],[-34.994887,-7.9602436],[-34.9950565,-7.9616641],[-34.9955815,-7.9613928],[-34.9960609,-7.9618525],[-34.9965707,-7.9613024],[-34.9967381,-7.9619128],[-34.9977805,-7.9618902],[-34.998382,-7.9628692],[-34.9996895,-7.962985],[-35.0006776,-7.9616904],[-35.0001529,-7.9610279],[-35.0009355,-7.9610192],[-35.0006645,-7.9601705],[-35.0015127,-7.9610365],[-35.0014515,-7.9618636],[-35.0019543,-7.9611318],[-35.0015266,-7.9598991],[-35.0025822,-7.960591],[-35.0021998,-7.9587085],[-35.000498,-7.9577773],[-34.9998994,-7.9567313],[-35.0010715,-7.9575694],[-35.0010402,-7.9555084],[-35.0014006,-7.9563775],[-35.0017422,-7.9557939],[-35.001556,-7.9575171],[-35.002567,-7.9589458],[-35.0037902,-7.9558753],[-35.0042468,-7.9565092],[-35.0049943,-7.9554983],[-35.0050967,-7.9562912],[-35.0038825,-7.9569489],[-35.0030404,-7.9597355],[-35.0040598,-7.9584239],[-35.0041817,-7.9592992],[-35.0048696,-7.9590621],[-35.0051395,-7.9580056],[-35.0053616,-7.9592173],[-35.0065743,-7.9595612],[-35.0075915,-7.9566214],[-35.0079478,-7.9573528],[-35.00901,-7.9567161],[-35.0089578,-7.9559465],[-35.0102306,-7.9556125],[-35.009912,-7.9562562],[-35.0102831,-7.9566684],[-35.0088246,-7.9571541],[-35.0075307,-7.958851],[-35.0085213,-7.9594965],[-35.0063606,-7.9602251],[-35.0044381,-7.9601314],[-35.0043025,-7.959644],[-35.0033534,-7.9601054],[-35.0031948,-7.961257],[-35.004529,-7.961675],[-35.0053896,-7.9613042],[-35.0059088,-7.9616447],[-35.0069621,-7.9606726],[-35.0084729,-7.9602881],[-35.0074022,-7.9607827],[-35.0071253,-7.9617843],[-35.0053207,-7.9622491],[-35.0049074,-7.9619214],[-35.0038604,-7.9623306],[-35.0026269,-7.9614543],[-35.0028489,-7.9621137],[-35.0037279,-7.9622984],[-35.0045558,-7.9649323],[-35.0037107,-7.9638038],[-35.0018146,-7.963882],[-35.0011899,-7.9650065],[-35.0021243,-7.966174],[-35.0006194,-7.9670402],[-34.9997013,-7.9686327],[-34.9992885,-7.9678902],[-34.9984019,-7.9682375],[-34.9984725,-7.968779],[-34.9975965,-7.9679988],[-34.9977625,-7.9662813],[-34.9969623,-7.9660963],[-34.9980978,-7.9646491],[-34.9969096,-7.9644118],[-34.9969863,-7.9638851],[-34.9975756,-7.963999],[-34.9971683,-7.9632825],[-34.9961334,-7.9636004],[-34.9958556,-7.9653893],[-34.9953716,-7.9639563],[-34.9947355,-7.9654116],[-34.9932814,-7.9648411],[-34.9947693,-7.9641158],[-34.9947932,-7.9631537],[-34.993432,-7.9644484],[-34.9927904,-7.9637773],[-34.9936711,-7.9623484],[-34.9929673,-7.9620642],[-34.9926579,-7.962779],[-34.9924606,-7.9618846],[-34.9903369,-7.9625272],[-34.9898037,-7.9645038],[-34.9919414,-7.9643924],[-34.9902293,-7.9655163],[-34.9907087,-7.9658554],[-34.9912076,-7.9651384],[-34.9924208,-7.9648187],[-34.9933991,-7.9656568],[-34.9931741,-7.9662527],[-34.992229,-7.9662719],[-34.9930297,-7.9672658],[-34.9921311,-7.967148],[-34.9922779,-7.9676017],[-34.9940155,-7.9670402],[-34.9935576,-7.9666527],[-34.9937886,-7.9659268],[-34.994848,-7.9669083],[-34.99454,-7.9681944],[-34.9940114,-7.967943],[-34.9928458,-7.9685696],[-34.9938615,-7.9697115],[-34.9952435,-7.9694353],[-34.9947106,-7.9684835],[-34.9970003,-7.9680567],[-34.9979282,-7.9693291],[-34.9992516,-7.9696814],[-34.9993015,-7.9710769],[-34.998538,-7.972298],[-34.9979109,-7.971947],[-34.9975293,-7.97217],[-34.9976757,-7.9726398],[-34.998219,-7.9722334],[-34.9981603,-7.9729141],[-34.9987503,-7.9729969]],[[-34.9910514,-7.9637402],[-34.990846,-7.9632911],[-34.9913442,-7.9634067],[-34.9910514,-7.9637402]],[[-34.991798,-7.9518202],[-34.9932153,-7.9526502],[-34.9941766,-7.9518568],[-34.9949161,-7.953053],[-34.9943984,-7.9536755],[-34.9964319,-7.9517592],[-34.9979108,-7.9538952],[-34.9935321,-7.9590625],[-34.9921496,-7.9576181],[-34.9911077,-7.9587734],[-34.9896006,-7.9528882],[-34.991798,-7.9518202]],[[-34.9886504,-7.9493365],[-34.9890163,-7.9483622],[-34.9886528,-7.947167],[-34.9904645,-7.946856],[-34.9908424,-7.9487579],[-34.9914555,-7.9488051],[-34.9920979,-7.9508746],[-34.9897318,-7.9512451],[-34.987756,-7.9507216],[-34.9873413,-7.9502062],[-34.9880568,-7.9484266],[-34.9886504,-7.9493365]],[[-34.9902434,-7.9467911],[-34.9899034,-7.9467911],[-34.9902,-7.9466228],[-34.9902434,-7.9467911]],[[-34.9901979,-7.9463389],[-34.990177,-7.9465842],[-34.989829,-7.946362],[-34.9901979,-7.9463389]],[[-34.9932402,-7.9433379],[-34.9917489,-7.941983],[-34.9913053,-7.9405549],[-34.9932279,-7.9422881],[-34.9941152,-7.9424224],[-34.9942508,-7.9442899],[-34.9949532,-7.9454617],[-34.9940166,-7.9449002],[-34.9931909,-7.9456936],[-34.9932402,-7.9433379]],[[-34.9793078,-8.159435],[-34.979829,-8.1596231],[-34.9792176,-8.1596127],[-34.9793078,-8.159435]],[[-34.9686247,-8.1446516],[-34.9689374,-8.1450479],[-34.9684839,-8.1448522],[-34.9686247,-8.1446516]],[[-34.9709441,-8.1443797],[-34.971572,-8.1432581],[-34.9715516,-8.143966],[-34.9718302,-8.1444441],[-34.9709441,-8.1443797]],[[-34.9720642,-8.1432728],[-34.9719249,-8.1440175],[-34.9715776,-8.1438005],[-34.9720642,-8.1432728]],[[-34.9715852,-8.1402825],[-34.9710246,-8.1398508],[-34.971732,-8.1400701],[-34.9715852,-8.1402825]],[[-34.9733696,-8.1396115],[-34.9728817,-8.1397403],[-34.972715,-8.139527],[-34.9733696,-8.1396115]],[[-34.9696889,-8.1385506],[-34.9706159,-8.1391624],[-34.9707094,-8.1399713],[-34.9700467,-8.1394038],[-34.9691523,-8.1398425],[-34.9696889,-8.1385506]],[[-34.9762404,-8.1388705],[-34.9767213,-8.1390038],[-34.9761718,-8.1393345],[-34.9762404,-8.1388705]],[[-34.972711,-8.1392352],[-34.9726825,-8.1387221],[-34.9730504,-8.1390782],[-34.972711,-8.1392352]],[[-34.9750558,-8.1377242],[-34.9761065,-8.1377704],[-34.975845,-8.1398323],[-34.9740143,-8.1401512],[-34.9750558,-8.1377242]],[[-34.9721966,-8.1387416],[-34.9726124,-8.1385611],[-34.9724675,-8.1389647],[-34.9721966,-8.1387416]],[[-34.9735261,-8.1387945],[-34.9729508,-8.138714],[-34.9738066,-8.1384504],[-34.9735261,-8.1387945]],[[-34.9719748,-8.1384464],[-34.9723915,-8.1383841],[-34.9720129,-8.1386988],[-34.9719748,-8.1384464]],[[-34.974325,-8.1385993],[-34.9737538,-8.1386838],[-34.9741522,-8.1382774],[-34.974325,-8.1385993]],[[-34.9715149,-8.1388358],[-34.9707546,-8.1382407],[-34.9716961,-8.1385689],[-34.9715149,-8.1388358]],[[-34.974341,-8.137999],[-34.9744026,-8.1374744],[-34.9747662,-8.1379608],[-34.974341,-8.137999]],[[-34.9699,-8.1373566],[-34.968378,-8.1381099],[-34.9677864,-8.1380916],[-34.9686584,-8.1369418],[-34.9696289,-8.1368686],[-34.9699,-8.1373566]],[[-34.97384,-8.1365657],[-34.9730324,-8.1373845],[-34.9725918,-8.1369178],[-34.9731495,-8.1363353],[-34.97384,-8.1365657]],[[-34.9776289,-8.1356283],[-34.9789995,-8.1358461],[-34.9794393,-8.1372294],[-34.9781465,-8.1370887],[-34.9780661,-8.1366108],[-34.9775886,-8.1369108],[-34.9776047,-8.1378269],[-34.9772989,-8.1373224],[-34.977476,-8.1364037],[-34.9779802,-8.13647],[-34.9776289,-8.1356283]],[[-34.9697575,-8.1360165],[-34.9709979,-8.1348832],[-34.9711501,-8.1354156],[-34.9700288,-8.1364485],[-34.9697575,-8.1360165]],[[-34.9703999,-8.1345583],[-34.971033,-8.1347172],[-34.9702473,-8.1347629],[-34.9703999,-8.1345583]],[[-34.9738152,-8.1343448],[-34.9732135,-8.1332984],[-34.9755395,-8.1337695],[-34.9757103,-8.1333766],[-34.9758059,-8.1341601],[-34.9755307,-8.1346248],[-34.9738152,-8.1343448]],[[-34.9765204,-8.1335865],[-34.9762172,-8.1341398],[-34.97602,-8.1332586],[-34.9765204,-8.1335865]],[[-34.9703246,-8.1334837],[-34.9702211,-8.1346678],[-34.9688374,-8.1336161],[-34.9688408,-8.1322958],[-34.9703246,-8.1334837]],[[-34.9736769,-8.1320488],[-34.9739127,-8.1326686],[-34.9724491,-8.1325921],[-34.9720913,-8.1309095],[-34.9732094,-8.1317349],[-34.9735997,-8.130942],[-34.9747014,-8.1311272],[-34.9736769,-8.1320488]],[[-34.9699624,-8.1293415],[-34.9701583,-8.1310763],[-34.9706116,-8.1311534],[-34.9690801,-8.1316764],[-34.9684405,-8.1304697],[-34.9699624,-8.1293415]],[[-34.9684169,-8.1291123],[-34.9678684,-8.1292454],[-34.9676985,-8.1286358],[-34.9694433,-8.1280612],[-34.9699813,-8.1290773],[-34.9684169,-8.1291123]],[[-34.9689861,-8.1171555],[-34.9687066,-8.1183052],[-34.9682058,-8.1181548],[-34.9685901,-8.1170235],[-34.9689861,-8.1171555]],[[-34.9688847,-8.1141497],[-34.969399,-8.1147212],[-34.9688437,-8.1142092],[-34.9685717,-8.1144656],[-34.9688847,-8.1141497]],[[-34.9688322,-8.114001],[-34.9685487,-8.1138293],[-34.9689793,-8.1138531],[-34.9688322,-8.114001]],[[-34.9711684,-8.1128203],[-34.9707594,-8.112503],[-34.9711349,-8.1120728],[-34.9716177,-8.1123436],[-34.9711684,-8.1128203]],[[-34.9830127,-8.1112042],[-34.9820787,-8.1116757],[-34.9815463,-8.1109083],[-34.9820484,-8.1091053],[-34.9826825,-8.1092194],[-34.9830127,-8.1112042]],[[-34.9766004,-8.1089662],[-34.9759215,-8.1094644],[-34.9761951,-8.1087183],[-34.9766004,-8.1089662]],[[-34.9695279,-8.1068716],[-34.9697515,-8.1058533],[-34.9698369,-8.1071695],[-34.9709509,-8.1078819],[-34.9712436,-8.1090249],[-34.9681335,-8.109033],[-34.9684099,-8.1074673],[-34.9677513,-8.1067589],[-34.9688693,-8.1057849],[-34.9685807,-8.1052053],[-34.9695279,-8.1068716]],[[-34.9698814,-8.1050953],[-34.971049,-8.1046429],[-34.9723916,-8.10629],[-34.9720133,-8.1075144],[-34.9702681,-8.1071286],[-34.9698814,-8.1050953]],[[-34.97398,-8.1066184],[-34.9739554,-8.107816],[-34.9725733,-8.108173],[-34.972624,-8.106111],[-34.9708645,-8.1036893],[-34.9714439,-8.1029245],[-34.9726777,-8.1035087],[-34.97398,-8.1066184]],[[-34.9787702,-8.1048626],[-34.9781238,-8.1044803],[-34.9785507,-8.1041422],[-34.9787702,-8.1048626]],[[-34.9799614,-8.1035908],[-34.9796727,-8.1050116],[-34.978819,-8.1048868],[-34.9786483,-8.103309],[-34.9799614,-8.1035908]],[[-34.9689513,-8.1013511],[-34.9688509,-8.1009858],[-34.9692852,-8.1014713],[-34.9689256,-8.1020053],[-34.9689513,-8.1013511]],[[-34.9695654,-8.1010968],[-34.9692222,-8.1013118],[-34.9688906,-8.1009049],[-34.9692876,-8.1006321],[-34.9695654,-8.1010968]],[[-34.9700045,-8.1005196],[-34.9700674,-8.1008187],[-34.969732,-8.1005732],[-34.9700045,-8.1005196]],[[-34.9751899,-8.0961744],[-34.9774161,-8.0965355],[-34.9771479,-8.0975552],[-34.9777308,-8.0982735],[-34.9785569,-8.0976681],[-34.978548,-8.0982456],[-34.9789002,-8.0979177],[-34.9796585,-8.0983837],[-34.9779936,-8.1018902],[-34.9766276,-8.1023191],[-34.9770245,-8.1035937],[-34.9762306,-8.1035831],[-34.9748396,-8.1021258],[-34.9737175,-8.1027458],[-34.9717701,-8.1019261],[-34.9743262,-8.1011879],[-34.9751827,-8.0994632],[-34.9745486,-8.0984078],[-34.9751899,-8.0961744]],[[-34.9695468,-8.1000595],[-34.9695812,-8.0995346],[-34.9697556,-8.1001278],[-34.9695468,-8.1000595]],[[-34.9709256,-8.0990858],[-34.9703945,-8.0997416],[-34.9701669,-8.099487],[-34.9709256,-8.0990858]],[[-34.9693238,-8.0991553],[-34.9695872,-8.098953],[-34.9697428,-8.0991654],[-34.9693238,-8.0991553]],[[-34.9728444,-8.0950946],[-34.9728528,-8.0946535],[-34.9731399,-8.0950147],[-34.9728444,-8.0950946]],[[-34.9724519,-8.0936665],[-34.9726231,-8.0938997],[-34.9726544,-8.0941941],[-34.9724519,-8.0936665]],[[-34.9741989,-8.0908503],[-34.9739414,-8.0913018],[-34.973755,-8.0912102],[-34.9741989,-8.0908503]],[[-34.9685042,-8.0891333],[-34.9697685,-8.0886825],[-34.9696298,-8.0881849],[-34.9697929,-8.0887509],[-34.9685042,-8.0891333]],[[-34.9734744,-8.0866697],[-34.973124,-8.0866614],[-34.9731154,-8.0863405],[-34.9735463,-8.0862059],[-34.9734744,-8.0866697]],[[-34.9715595,-8.085803],[-34.9718303,-8.0859528],[-34.9714119,-8.0862154],[-34.9715595,-8.085803]],[[-34.9698014,-8.0856767],[-34.9697681,-8.0859244],[-34.969582,-8.0854583],[-34.9698014,-8.0856767]],[[-34.9689979,-8.0857036],[-34.96885,-8.0857683],[-34.9690262,-8.0852846],[-34.9689979,-8.0857036]],[[-34.9723814,-8.0858751],[-34.9721908,-8.0850715],[-34.9728401,-8.0854386],[-34.9723814,-8.0858751]],[[-34.9701787,-8.0853015],[-34.9698163,-8.0853548],[-34.9701348,-8.0851614],[-34.9701787,-8.0853015]],[[-34.9695699,-8.0849964],[-34.9690884,-8.0852451],[-34.9695046,-8.0847571],[-34.9695699,-8.0849964]],[[-34.9754472,-8.0846291],[-34.9756583,-8.085073],[-34.975408,-8.0850877],[-34.9754472,-8.0846291]],[[-34.9702887,-8.0846304],[-34.9698173,-8.0848911],[-34.9695568,-8.0848084],[-34.9702887,-8.0846304]],[[-34.9705637,-8.0847353],[-34.9705284,-8.0843078],[-34.9709318,-8.0849077],[-34.9705637,-8.0847353]],[[-34.9708936,-8.0846302],[-34.9710012,-8.0841298],[-34.9711951,-8.0840695],[-34.9714443,-8.0847479],[-34.9708936,-8.0846302]],[[-34.9713226,-8.0831632],[-34.9711423,-8.0831875],[-34.9712785,-8.0828266],[-34.9713226,-8.0831632]],[[-34.9764146,-8.0818078],[-34.9766729,-8.0819569],[-34.9764006,-8.0823286],[-34.9764146,-8.0818078]],[[-34.9763725,-8.0816256],[-34.9767851,-8.0816996],[-34.9767192,-8.0818784],[-34.9763725,-8.0816256]],[[-34.9789483,-8.0798142],[-34.9794508,-8.0790718],[-34.9810439,-8.0795233],[-34.9802805,-8.0806599],[-34.9789483,-8.0798142]],[[-34.9709774,-8.0792049],[-34.9703791,-8.080152],[-34.9703427,-8.0800081],[-34.9709774,-8.0792049]],[[-34.9706138,-8.0793195],[-34.9707294,-8.0792556],[-34.9703441,-8.0799321],[-34.9706138,-8.0793195]],[[-34.9710255,-8.0791579],[-34.9705839,-8.0792605],[-34.9706868,-8.0790845],[-34.9710255,-8.0791579]],[[-34.9792698,-8.078739],[-34.9791631,-8.0792941],[-34.9787073,-8.079553],[-34.9780955,-8.0783996],[-34.9792698,-8.078739]],[[-34.9768978,-8.0777899],[-34.9771428,-8.0783908],[-34.9767237,-8.0786628],[-34.9768978,-8.0777899]],[[-34.9791412,-8.0781141],[-34.9781138,-8.0783171],[-34.9782683,-8.0778428],[-34.9807602,-8.0782299],[-34.9791412,-8.0781141]],[[-34.9781315,-8.0757865],[-34.9778393,-8.076436],[-34.9779235,-8.0756688],[-34.9781315,-8.0757865]],[[-34.9790881,-8.0761133],[-34.9801234,-8.0752422],[-34.9808814,-8.0751206],[-34.9790881,-8.0761133]],[[-34.9806987,-8.0750378],[-34.9800951,-8.0752147],[-34.9794182,-8.0756836],[-34.979816,-8.0747784],[-34.9806987,-8.0750378]],[[-34.9794299,-8.0727254],[-34.9797904,-8.0727633],[-34.9780455,-8.0775268],[-34.9776591,-8.0770914],[-34.9794299,-8.0727254]],[[-34.9793894,-8.0724762],[-34.9781123,-8.0755555],[-34.9780253,-8.0752902],[-34.9791891,-8.0715603],[-34.9793894,-8.0724762]],[[-34.981077,-8.0676884],[-34.9830178,-8.0693094],[-34.9828081,-8.069874],[-34.9807803,-8.0695978],[-34.981077,-8.0676884]],[[-34.9817137,-8.066724],[-34.982797,-8.0676907],[-34.9818743,-8.0681581],[-34.9811448,-8.0669524],[-34.9817137,-8.066724]],[[-34.983238,-8.064782],[-34.9825616,-8.0665927],[-34.9820666,-8.066109],[-34.9823952,-8.0643898],[-34.983238,-8.064782]],[[-34.9728507,-8.0609343],[-34.9716612,-8.0605372],[-34.971567,-8.0596314],[-34.9742459,-8.0603554],[-34.975351,-8.0617257],[-34.9739859,-8.0637268],[-34.9741129,-8.0627321],[-34.9728507,-8.0609343]],[[-34.9750506,-8.0621719],[-34.9786282,-8.0623254],[-34.9790859,-8.0588852],[-34.9814116,-8.0588667],[-34.9794339,-8.0701326],[-34.9755394,-8.0689124],[-34.9741886,-8.0696594],[-34.9738141,-8.0705475],[-34.9759461,-8.0711454],[-34.9755394,-8.0723656],[-34.9748,-8.0720728],[-34.9732964,-8.0737078],[-34.9718939,-8.0732322],[-34.9721256,-8.0724022],[-34.9700747,-8.071089],[-34.9693628,-8.0721809],[-34.9685796,-8.0723827],[-34.9674909,-8.0748015],[-34.9590156,-8.0720506],[-34.9589239,-8.0703477],[-34.9555482,-8.0704151],[-34.9560375,-8.0706949],[-34.9553791,-8.070914],[-34.9560429,-8.071288],[-34.9546976,-8.0708886],[-34.9556374,-8.0689245],[-34.9563277,-8.0689508],[-34.9564112,-8.0695029],[-34.9586454,-8.069548],[-34.9586454,-8.0688119],[-34.9595558,-8.0687555],[-34.9595064,-8.0681171],[-34.9540784,-8.0670955],[-34.9533148,-8.0704628],[-34.9540372,-8.0661315],[-34.9534785,-8.0662158],[-34.9523147,-8.0645811],[-34.951205,-8.0639826],[-34.9505103,-8.0656709],[-34.951187,-8.0660014],[-34.9509163,-8.0671269],[-34.9498467,-8.0669281],[-34.9499938,-8.0676986],[-34.9513302,-8.067759],[-34.9500401,-8.0683932],[-34.9496161,-8.0692627],[-34.9476374,-8.0686695],[-34.9468335,-8.0675629],[-34.9479429,-8.0677106],[-34.9474129,-8.0676378],[-34.9462912,-8.0638536],[-34.9474347,-8.0654948],[-34.949134,-8.0647512],[-34.9479836,-8.0644146],[-34.9489871,-8.0624452],[-34.9498432,-8.061871],[-34.9490376,-8.0594826],[-34.949531,-8.0593332],[-34.9499843,-8.060436],[-34.9504801,-8.0602892],[-34.9509556,-8.0617711],[-34.9514363,-8.0616694],[-34.9511738,-8.06056],[-34.9517215,-8.0600427],[-34.9524553,-8.0598113],[-34.9526598,-8.0603449],[-34.9565856,-8.0592312],[-34.9568339,-8.0612848],[-34.9578076,-8.0615358],[-34.9582317,-8.0612711],[-34.9578808,-8.0594],[-34.9602607,-8.0582465],[-34.9628476,-8.0655844],[-34.9616157,-8.0661836],[-34.96304879754664,-8.06565675385806],[-34.9629378,-8.0651185],[-34.9632527,-8.0656029],[-34.9649211,-8.0635341],[-34.9666055,-8.064267],[-34.9695217,-8.0637865],[-34.9716326,-8.0619647],[-34.9739859,-8.0637268],[-34.9750506,-8.0621719]],[[-34.9689184,-8.0592051],[-34.9702112,-8.0587623],[-34.9708535,-8.058875],[-34.9689184,-8.0592051]],[[-34.975732,-8.0584774],[-34.9739224,-8.0586208],[-34.9753101,-8.057992],[-34.975732,-8.0584774]],[[-34.9741109,-8.0569725],[-34.9742631,-8.0565309],[-34.975884,-8.0567657],[-34.9750771,-8.0576032],[-34.9741109,-8.0569725]],[[-34.9756681,-8.036387],[-34.9759849,-8.0365087],[-34.9756306,-8.0366071],[-34.9756681,-8.036387]],[[-34.9789095,-8.0236755],[-34.979125,-8.0241686],[-34.9784732,-8.0243838],[-34.9780789,-8.0237676],[-34.9789095,-8.0236755]],[[-34.9780958,-8.0234407],[-34.9789061,-8.0236557],[-34.9782429,-8.0236673],[-34.9780958,-8.0234407]],[[-34.9769959,-8.0233735],[-34.9780773,-8.0233815],[-34.9778598,-8.0236747],[-34.9769959,-8.0233735]],[[-34.9789259,-8.0230871],[-34.9791758,-8.0224536],[-34.9792109,-8.023122],[-34.9789259,-8.0230871]],[[-34.9739534,-8.023923],[-34.9723685,-8.0234677],[-34.9717402,-8.0225665],[-34.9724885,-8.0232046],[-34.9734127,-8.0228716],[-34.9724618,-8.0223112],[-34.9732087,-8.0223282],[-34.974593,-8.0211465],[-34.9746483,-8.0196784],[-34.9763921,-8.0198432],[-34.9768204,-8.020371],[-34.9758375,-8.0205601],[-34.9760933,-8.0219025],[-34.9751508,-8.0221177],[-34.975395,-8.0225615],[-34.9745216,-8.0228033],[-34.9753117,-8.023304],[-34.9739534,-8.023923]],[[-34.9764752,-8.0215514],[-34.9764612,-8.0219861],[-34.9763188,-8.0220347],[-34.9764752,-8.0215514]],[[-34.9729576,-8.0210272],[-34.9737716,-8.0205596],[-34.973977,-8.021007],[-34.9723461,-8.0216994],[-34.9740782,-8.0210892],[-34.9734221,-8.0216666],[-34.9717142,-8.0218985],[-34.9716704,-8.0225859],[-34.9709142,-8.0220661],[-34.9720041,-8.020793],[-34.9729576,-8.0210272]],[[-34.9689849,-8.0205235],[-34.9697212,-8.0214723],[-34.9686829,-8.0221252],[-34.9678942,-8.020911],[-34.9689849,-8.0205235]],[[-34.9704333,-8.0213129],[-34.969071,-8.0197732],[-34.9696998,-8.0200215],[-34.9708894,-8.02146],[-34.9704333,-8.0213129]],[[-34.9741252,-8.020128],[-34.9724864,-8.0197555],[-34.9726456,-8.0192818],[-34.9735807,-8.019873],[-34.9743102,-8.0196526],[-34.9741252,-8.020128]],[[-34.9764813,-8.0195498],[-34.9766069,-8.0195656],[-34.9763025,-8.0196848],[-34.9764813,-8.0195498]],[[-34.9754549,-8.0194535],[-34.9751377,-8.0196587],[-34.9748391,-8.0195376],[-34.9754549,-8.0194535]],[[-34.978355,-8.0185146],[-34.9792453,-8.0191009],[-34.97844,-8.0188912],[-34.978355,-8.0185146]],[[-34.978389,-8.0175272],[-34.9788581,-8.017107],[-34.9796511,-8.017953],[-34.9791513,-8.0182018],[-34.978389,-8.0175272]],[[-34.9804968,-8.0172062],[-34.9805141,-8.0176562],[-34.9790766,-8.0168429],[-34.9804968,-8.0172062]],[[-34.970164,-8.0169267],[-34.9703613,-8.0170951],[-34.9699028,-8.0171988],[-34.970164,-8.0169267]],[[-34.9812913,-8.0167698],[-34.9813202,-8.0173611],[-34.9811802,-8.0167877],[-34.9790449,-8.0157163],[-34.9812913,-8.0167698]],[[-34.9763016,-8.0144032],[-34.9759725,-8.014045],[-34.9765826,-8.0140607],[-34.9763016,-8.0144032]],[[-34.973696,-8.0142793],[-34.9729999,-8.0139252],[-34.9729299,-8.0137726],[-34.973696,-8.0142793]],[[-34.9758144,-8.0127325],[-34.975992,-8.0125212],[-34.9759931,-8.0128867],[-34.9758144,-8.0127325]],[[-34.9704781,-8.0103416],[-34.9701026,-8.0108018],[-34.9711772,-8.010684],[-34.9713334,-8.0112952],[-34.9706417,-8.0110596],[-34.9705748,-8.0116524],[-34.9699948,-8.011715],[-34.9701308,-8.0110988],[-34.9692526,-8.0110177],[-34.9696753,-8.0098917],[-34.9690167,-8.010015],[-34.9684104,-8.009856],[-34.9700685,-8.0095607],[-34.9704781,-8.0103416]],[[-34.9719715,-8.0098739],[-34.9722172,-8.0097323],[-34.9721514,-8.0099623],[-34.9719715,-8.0098739]],[[-34.9703014,-8.0096628],[-34.9705599,-8.0088268],[-34.9714733,-8.010052],[-34.9714438,-8.0104901],[-34.9703014,-8.0096628]],[[-34.9783722,-8.0090051],[-34.9785051,-8.0088773],[-34.9785985,-8.0092162],[-34.9783722,-8.0090051]],[[-34.9702962,-8.0089505],[-34.9686987,-8.0090251],[-34.9681922,-8.0101227],[-34.9671272,-8.0092858],[-34.966994,-8.0071422],[-34.9692427,-8.0070934],[-34.9688318,-8.0069502],[-34.9694424,-8.0068527],[-34.9694627,-8.0076007],[-34.9687073,-8.0078672],[-34.9697492,-8.0079332],[-34.9702962,-8.0089505]],[[-34.9740637,-8.0094179],[-34.9739131,-8.006937],[-34.9744944,-8.0068927],[-34.9755348,-8.0079489],[-34.9755837,-8.0088699],[-34.9740637,-8.0094179]],[[-34.9739685,-8.0040381],[-34.974141,-8.0047055],[-34.9731284,-8.0056012],[-34.9716135,-8.0045147],[-34.9726329,-8.005108],[-34.9735777,-8.0046691],[-34.9729041,-8.0048493],[-34.9730044,-8.00387],[-34.9720203,-8.0029359],[-34.9723935,-8.0012644],[-34.9737584,-8.0019429],[-34.9735228,-8.0043902],[-34.9739685,-8.0040381]],[[-34.9727974,-8.0001231],[-34.9725907,-8.0003678],[-34.9722193,-8.0000692],[-34.9727974,-8.0001231]],[[-34.9728278,-7.9996064],[-34.972805,-8.0000545],[-34.9720702,-7.9995694],[-34.9729071,-7.9985849],[-34.9749939,-7.9979088],[-34.9739654,-7.9988093],[-34.9739861,-7.999557],[-34.9728278,-7.9996064]],[[-34.9806635,-7.9987732],[-34.98052,-7.9988854],[-34.9803217,-7.9985469],[-34.9806635,-7.9987732]],[[-34.9774604,-7.9957731],[-34.9768782,-7.9961871],[-34.977225,-7.9975577],[-34.9764664,-7.9967636],[-34.9763457,-7.9972818],[-34.9754972,-7.996969],[-34.9747757,-7.9978771],[-34.9743071,-7.9968058],[-34.9730363,-7.9972547],[-34.9731415,-7.9952043],[-34.9746938,-7.9944411],[-34.976049,-7.9946168],[-34.9759873,-7.9951847],[-34.9769156,-7.9946575],[-34.9767742,-7.9952891],[-34.9774604,-7.9957731]],[[-34.9790536,-7.9914],[-34.9785015,-7.9899841],[-34.9789969,-7.9888625],[-34.9798039,-7.9895915],[-34.9791951,-7.9876008],[-34.9796198,-7.9846286],[-34.9808676,-7.9855729],[-34.9807948,-7.9833529],[-34.9802569,-7.9824416],[-34.9806816,-7.9816144],[-34.9818849,-7.9810536],[-34.9811629,-7.980577],[-34.9815593,-7.9781656],[-34.9803985,-7.9779132],[-34.9808515,-7.9769739],[-34.9820548,-7.9779553],[-34.9828051,-7.9765533],[-34.9839093,-7.9785441],[-34.983966,-7.9817686],[-34.9826352,-7.982708],[-34.9822955,-7.9856661],[-34.9818708,-7.9859325],[-34.98205301569795,-7.986843228459598],[-34.9819552,-7.98624],[-34.9823935,-7.987275],[-34.9817734,-7.9885847],[-34.9816851,-7.9910994],[-34.980087,-7.9919047],[-34.9790536,-7.9914]],[[-34.9799928,-7.9824269],[-34.9800661,-7.9826641],[-34.979711,-7.9822902],[-34.9799928,-7.9824269]],[[-34.9767594,-7.976318],[-34.9759011,-7.976913],[-34.9785726,-7.9763393],[-34.9788837,-7.9750749],[-34.9789588,-7.9760312],[-34.9804072,-7.9763499],[-34.980021,-7.977168],[-34.9766306,-7.9780499],[-34.9751179,-7.9801855],[-34.9746673,-7.9798137],[-34.9721674,-7.9807805],[-34.9707512,-7.978528],[-34.9737875,-7.9767112],[-34.9748175,-7.9744161],[-34.9756758,-7.9745011],[-34.9754934,-7.975298],[-34.9759547,-7.9755318],[-34.9751286,-7.9762437],[-34.9766521,-7.9759568],[-34.9767594,-7.976318]],[[-34.968564,-8.1590647],[-34.9684734,-8.1593337],[-34.9681905,-8.1590375],[-34.968564,-8.1590647]],[[-34.9631635,-8.1553192],[-34.9646516,-8.1557829],[-34.9638605,-8.1583023],[-34.9631685,-8.1580262],[-34.9637023,-8.1571022],[-34.962844,-8.1562924],[-34.9631635,-8.1553192]],[[-34.9673623,-8.1525197],[-34.9681632,-8.1533809],[-34.9673135,-8.1564314],[-34.9663012,-8.1559766],[-34.9673623,-8.1525197]],[[-34.9608241,-8.1501776],[-34.9593986,-8.1488962],[-34.9609706,-8.1500178],[-34.9608241,-8.1501776]],[[-34.9608091,-8.1486378],[-34.9612604,-8.1492737],[-34.960679,-8.1487747],[-34.9608091,-8.1486378]],[[-34.9562654109984,-8.136723428495182],[-34.9564764,-8.1367916],[-34.9573546,-8.1383773],[-34.9582734,-8.139309],[-34.9592044,-8.1398503],[-34.95989244463074,-8.140567879202047],[-34.9591733,-8.1397803],[-34.9582556,-8.13928],[-34.9587442,-8.1394204],[-34.9586991,-8.1383123],[-34.9595485,-8.1379269],[-34.9602953,-8.1401517],[-34.9624825,-8.1422363],[-34.96223538891556,-8.143011395240423],[-34.9636724,-8.1424558],[-34.9644223,-8.1410926],[-34.9653402,-8.1414837],[-34.9659097,-8.1407838],[-34.9656345,-8.1404573],[-34.9674271,-8.1391458],[-34.966217,-8.1413628],[-34.9658684,-8.1432177],[-34.9652036,-8.1419992],[-34.963988,-8.143147],[-34.9645258,-8.1459496],[-34.9656869,-8.1457553],[-34.9658445,-8.1452394],[-34.9666698,-8.1457119],[-34.9668866,-8.144471],[-34.9678004,-8.1448138],[-34.9668587,-8.1470723],[-34.966284,-8.1471098],[-34.9664262,-8.1510949],[-34.9672615,-8.1523943],[-34.9669467,-8.153405],[-34.9643192,-8.1526072],[-34.9627984,-8.1548932],[-34.961835,-8.1547446],[-34.9629889,-8.1525752],[-34.9610076,-8.1520356],[-34.9599876,-8.1542758],[-34.9621484,-8.1468402],[-34.9603412,-8.1529297],[-34.9583352,-8.1523979],[-34.9587127,-8.150386],[-34.9594245,-8.1508164],[-34.9603305,-8.1498825],[-34.9608442,-8.1503171],[-34.9610573,-8.1502277],[-34.9623641,-8.1457386],[-34.960961,-8.1443393],[-34.962122778831485,-8.14312428308393],[-34.9626173,-8.1434097],[-34.959247809068394,-8.14006176625052],[-34.9618658,-8.1430687],[-34.9568252,-8.1480112],[-34.9559501,-8.1462911],[-34.9550123,-8.1459943],[-34.9551491,-8.1448149],[-34.9565663,-8.1446197],[-34.9569361,-8.1438145],[-34.9562582,-8.1430459],[-34.9586122,-8.1424359],[-34.9560487,-8.1419723],[-34.9553709,-8.1413501],[-34.9575523,-8.1406669],[-34.9577495,-8.1394347],[-34.95701,-8.1388369],[-34.958196443100036,-8.13935043911195],[-34.9572163,-8.138335],[-34.9564541,-8.136854],[-34.9518979,-8.1353858],[-34.9478047,-8.1326703],[-34.9482316,-8.1326524],[-34.9484219,-8.1304403],[-34.9500429,-8.1261963],[-34.9506191,-8.1195511],[-34.9514702,-8.1183436],[-34.9520875,-8.1164953],[-34.9514804,-8.1184482],[-34.95062334141176,-8.119921411954266],[-34.9500655,-8.1263455],[-34.9484734,-8.1304369],[-34.9482549,-8.132624],[-34.951686,-8.1352438],[-34.9565657,-8.1364306],[-34.9562654109984,-8.136723428495182]],[[-34.9503561,-8.1198794],[-34.9509037,-8.1190662],[-34.9506191,-8.1195511],[-34.9503561,-8.1198794]],[[-34.961187,-8.1462457],[-34.9608356,-8.1461116],[-34.9610142,-8.1460018],[-34.961187,-8.1462457]],[[-34.9669049,-8.1443915],[-34.9676773,-8.1443391],[-34.9676751,-8.1446144],[-34.9669049,-8.1443915]],[[-34.9668257,-8.1428706],[-34.9665052,-8.1439655],[-34.9656395,-8.1437459],[-34.9665478,-8.1437104],[-34.9668257,-8.1428706]],[[-34.9660692,-8.1425301],[-34.9667678,-8.1427089],[-34.9665249,-8.1436927],[-34.96581,-8.1435225],[-34.9660692,-8.1425301]],[[-34.9690317,-8.1422484],[-34.967904,-8.1435904],[-34.9689115,-8.1419556],[-34.9690317,-8.1422484]],[[-34.9664446,-8.1421547],[-34.9668623,-8.1422568],[-34.9663501,-8.1425341],[-34.9664446,-8.1421547]],[[-34.9671857,-8.1412489],[-34.9675862,-8.1403003],[-34.967845,-8.1404589],[-34.9677341,-8.1415112],[-34.9671857,-8.1412489]],[[-34.9655291,-8.1393178],[-34.965982,-8.1385462],[-34.9661885,-8.1392873],[-34.9659882,-8.1389457],[-34.9655291,-8.1393178]],[[-34.9644662,-8.1388573],[-34.9647219,-8.1382747],[-34.9651594,-8.1390769],[-34.9644662,-8.1388573]],[[-34.9662563,-8.138171],[-34.9655076,-8.1388634],[-34.965181,-8.1385279],[-34.9659235,-8.137805],[-34.9662563,-8.138171]],[[-34.9618961,-8.1384863],[-34.9607252,-8.1393475],[-34.9607943,-8.1398546],[-34.9595178,-8.1375848],[-34.9614001,-8.1371582],[-34.9616359,-8.1364337],[-34.9621766,-8.1366591],[-34.9618961,-8.1384863]],[[-34.966681,-8.1381283],[-34.967183,-8.1379341],[-34.9670266,-8.1383271],[-34.966681,-8.1381283]],[[-34.9649222,-8.1378654],[-34.9638077,-8.138106],[-34.9635261,-8.13773],[-34.9646146,-8.1369638],[-34.9649222,-8.1378654]],[[-34.9669917,-8.1375844],[-34.9665274,-8.1372957],[-34.9671929,-8.1367131],[-34.9674733,-8.1371127],[-34.9669917,-8.1375844]],[[-34.9679929,-8.1367618],[-34.9681901,-8.1365696],[-34.9681161,-8.1369082],[-34.9679929,-8.1367618]],[[-34.9591234,-8.1373186],[-34.9589778,-8.136742],[-34.959721,-8.1357049],[-34.9591234,-8.1373186]],[[-34.9675967,-8.1367088],[-34.9674999,-8.136472],[-34.9680976,-8.1364659],[-34.9675967,-8.1367088]],[[-34.9666649,-8.1364049],[-34.9676139,-8.1356424],[-34.9679467,-8.1359505],[-34.9659594,-8.1377012],[-34.9656482,-8.1373444],[-34.9662305,-8.136954],[-34.9645637,-8.1363378],[-34.9643788,-8.1351788],[-34.9648009,-8.1357217],[-34.9659717,-8.1363104],[-34.9666649,-8.1364049]],[[-34.9597683,-8.1355982],[-34.9605902,-8.135478],[-34.9605622,-8.1368834],[-34.96031,-8.1357461],[-34.9597683,-8.1355982]],[[-34.9658335,-8.1351927],[-34.967019,-8.1352564],[-34.9663378,-8.1359043],[-34.9666596,-8.1363132],[-34.9650688,-8.1358332],[-34.9644763,-8.1350971],[-34.9639828,-8.1353202],[-34.963412,-8.1342531],[-34.96534,-8.134274],[-34.9658335,-8.1351927]],[[-34.9659811,-8.1336336],[-34.9657045,-8.1324743],[-34.9673675,-8.1320495],[-34.9678211,-8.1338394],[-34.9685141,-8.1336745],[-34.9699089,-8.1349543],[-34.9689433,-8.1356035],[-34.9687169,-8.135017],[-34.9676279,-8.1352054],[-34.9659811,-8.1336336]],[[-34.9611356,-8.133029],[-34.9611264,-8.1334835],[-34.9608394,-8.1331151],[-34.9611356,-8.133029]],[[-34.9613973,-8.1315468],[-34.9619156,-8.1326887],[-34.9611404,-8.1319768],[-34.9613973,-8.1315468]],[[-34.9608811,-8.1317884],[-34.961042,-8.1320885],[-34.9600871,-8.1323009],[-34.9608811,-8.1317884]],[[-34.9596789,-8.1323198],[-34.9592165,-8.1321094],[-34.9593987,-8.1318251],[-34.9596789,-8.1323198]],[[-34.9595668,-8.1313397],[-34.9597723,-8.1317512],[-34.9593263,-8.1316125],[-34.9594313,-8.131305],[-34.9595668,-8.1313397]],[[-34.9644902,-8.1309414],[-34.9656156,-8.1308692],[-34.9656602,-8.1313108],[-34.9644991,-8.1313314],[-34.9644902,-8.1309414]],[[-34.9627628,-8.130285],[-34.9633409,-8.1302601],[-34.9629555,-8.1307382],[-34.9623504,-8.1306767],[-34.9627628,-8.130285]],[[-34.9591818,-8.1303225],[-34.9592703,-8.1301619],[-34.9594433,-8.130442],[-34.9591818,-8.1303225]],[[-34.9634019,-8.1303037],[-34.9632978,-8.1300571],[-34.9633703,-8.1298459],[-34.9634019,-8.1303037]],[[-34.9622763,-8.1292079],[-34.9622405,-8.1298567],[-34.9619421,-8.1303985],[-34.9622763,-8.1292079]],[[-34.9638693,-8.1302418],[-34.9638103,-8.1293231],[-34.9640275,-8.1296178],[-34.9638693,-8.1302418]],[[-34.9683092,-8.1297102],[-34.9676871,-8.130006],[-34.9672481,-8.1296115],[-34.968112,-8.1296276],[-34.9681181,-8.129191],[-34.9683092,-8.1297102]],[[-34.9647196,-8.1295435],[-34.9643816,-8.1293682],[-34.9645962,-8.1291558],[-34.9647196,-8.1295435]],[[-34.9611965,-8.1293232],[-34.9611077,-8.1293882],[-34.9611096,-8.1290366],[-34.9611965,-8.1293232]],[[-34.9637881,-8.1289887],[-34.9638106,-8.1292277],[-34.9635472,-8.1289648],[-34.9637881,-8.1289887]],[[-34.9609733,-8.1289044],[-34.960821,-8.1291383],[-34.9606473,-8.1288988],[-34.9609733,-8.1289044]],[[-34.9633965,-8.1283196],[-34.9634609,-8.1285426],[-34.9626516,-8.1283602],[-34.9622664,-8.1279562],[-34.9633965,-8.1283196]],[[-34.9643447,-8.1277951],[-34.9653584,-8.1280056],[-34.9649086,-8.1283075],[-34.9642677,-8.1283807],[-34.9643447,-8.1277951]],[[-34.9611403,-8.1276805],[-34.9619452,-8.1281333],[-34.9618192,-8.1283828],[-34.9609532,-8.1281031],[-34.9611403,-8.1276805]],[[-34.9676762,-8.1285797],[-34.9674778,-8.1278053],[-34.9691543,-8.1274008],[-34.9693925,-8.1279787],[-34.9676762,-8.1285797]],[[-34.96538,-8.127972],[-34.9661841,-8.1278042],[-34.9663043,-8.1280666],[-34.96538,-8.127972]],[[-34.9691115,-8.127331],[-34.9663836,-8.1277576],[-34.9663795,-8.1270292],[-34.9690023,-8.1269249],[-34.9691115,-8.127331]],[[-34.9621232,-8.1269239],[-34.9625788,-8.1273236],[-34.9619411,-8.1278537],[-34.9621232,-8.1269239]],[[-34.9643663,-8.1270631],[-34.9652352,-8.1271058],[-34.9651304,-8.1276304],[-34.9644033,-8.1275968],[-34.9643663,-8.1270631]],[[-34.9656234,-8.12724],[-34.965685,-8.1270417],[-34.9661841,-8.127484],[-34.9656234,-8.12724]],[[-34.9631142,-8.1274089],[-34.9635112,-8.1262346],[-34.9636284,-8.1279613],[-34.9631142,-8.1274089]],[[-34.9641753,-8.1265202],[-34.9654447,-8.1265537],[-34.9644988,-8.1268526],[-34.9641753,-8.1265202]],[[-34.9662858,-8.1263798],[-34.9661872,-8.1269014],[-34.9655556,-8.1263585],[-34.9662858,-8.1263798]],[[-34.9591905,-8.1262765],[-34.9596364,-8.1264892],[-34.9594263,-8.1268197],[-34.9591905,-8.1262765]],[[-34.9614649,-8.125817],[-34.9609956,-8.1261198],[-34.9608134,-8.1259164],[-34.9614649,-8.125817]],[[-34.9640089,-8.1263371],[-34.9637809,-8.1264195],[-34.9635467,-8.125779],[-34.9637501,-8.1253794],[-34.9640089,-8.1263371]],[[-34.9635089,-8.1260104],[-34.9621839,-8.1256493],[-34.9625755,-8.1253519],[-34.9630261,-8.1255059],[-34.9633855,-8.1253891],[-34.9635089,-8.1260104]],[[-34.9624521,-8.1252669],[-34.9618298,-8.1245234],[-34.9624897,-8.1243269],[-34.9624521,-8.1252669]],[[-34.963671,-8.1240384],[-34.9636248,-8.1228946],[-34.9639971,-8.125081],[-34.963242,-8.1254357],[-34.9637127,-8.12455],[-34.9623609,-8.1240561],[-34.963671,-8.1240384]],[[-34.9641121,-8.125316],[-34.9642355,-8.123521],[-34.9647022,-8.1227882],[-34.96528414303537,-8.123418967313224],[-34.966178,-8.1228143],[-34.967143,-8.1255603],[-34.9684112,-8.1257829],[-34.9682424,-8.1234141],[-34.9664191,-8.1222348],[-34.966451,-8.1215412],[-34.9672719,-8.1218733],[-34.9674469,-8.120656],[-34.9674883,-8.1220848],[-34.967797,-8.1225598],[-34.9693717,-8.1224917],[-34.9702695,-8.1257447],[-34.9693501,-8.1271314],[-34.9689316,-8.1258204],[-34.9689445,-8.1268801],[-34.9673329,-8.126909],[-34.9663824,-8.1264248],[-34.9665105,-8.1256457],[-34.9660424,-8.1258064],[-34.9663104,-8.1262944],[-34.9640952,-8.1261541],[-34.964659,-8.125843],[-34.9641121,-8.125316]],[[-34.9621858,-8.1240464],[-34.9615984,-8.1238658],[-34.9621429,-8.1237025],[-34.9621858,-8.1240464]],[[-34.9624379,-8.1236799],[-34.9627021,-8.1238286],[-34.962572,-8.1239269],[-34.9624379,-8.1236799]],[[-34.9631742,-8.1238034],[-34.9629462,-8.1236706],[-34.9632587,-8.1236003],[-34.9631742,-8.1238034]],[[-34.962615,-8.1232498],[-34.9626954,-8.1234038],[-34.962285,-8.1234516],[-34.962615,-8.1232498]],[[-34.9629328,-8.1235671],[-34.9627249,-8.1232909],[-34.9629636,-8.1230068],[-34.9633257,-8.1234024],[-34.9629328,-8.1235671]],[[-34.9617655,-8.1231692],[-34.9618862,-8.1235636],[-34.9615133,-8.123148],[-34.9623716,-8.1227231],[-34.9617655,-8.1231692]],[[-34.9615483,-8.1226645],[-34.9615805,-8.1228836],[-34.9612707,-8.1225211],[-34.9615483,-8.1226645]],[[-34.960702,-8.1224018],[-34.9607487,-8.1228734],[-34.9605082,-8.1224527],[-34.960702,-8.1224018]],[[-34.9651232,-8.1210549],[-34.9649922,-8.1213458],[-34.9646489,-8.120673],[-34.9651232,-8.1210549]],[[-34.9610708,-8.1201688],[-34.9630019,-8.1199616],[-34.9633131,-8.1216239],[-34.9620042,-8.1210769],[-34.9628196,-8.1209866],[-34.9630127,-8.1203865],[-34.9609957,-8.1205511],[-34.9610708,-8.1201688]],[[-34.9650789,-8.1205101],[-34.9653365,-8.1206222],[-34.9649621,-8.1206976],[-34.9650789,-8.1205101]],[[-34.96751,-8.1220732],[-34.9674456,-8.1190993],[-34.9685824,-8.1200124],[-34.9687313,-8.1218044],[-34.96751,-8.1220732]],[[-34.9646843,-8.1202176],[-34.9650081,-8.1202859],[-34.9648046,-8.1205399],[-34.9646843,-8.1202176]],[[-34.9659835,-8.1204297],[-34.9658051,-8.1204151],[-34.9658923,-8.1200673],[-34.9659835,-8.1204297]],[[-34.968718,-8.1183235],[-34.969241,-8.1216825],[-34.9686074,-8.1199855],[-34.9675807,-8.1187457],[-34.9676236,-8.1181057],[-34.968718,-8.1183235]],[[-34.963115,-8.1185971],[-34.9627869,-8.1175612],[-34.9620998,-8.1179113],[-34.9631635,-8.1160244],[-34.963352,-8.1187646],[-34.961495,-8.1194852],[-34.9604574,-8.1209339],[-34.9605428,-8.1197748],[-34.9613948,-8.1189959],[-34.963115,-8.1185971]],[[-34.9589507,-8.1172824],[-34.9602364,-8.1191778],[-34.9600603,-8.1204245],[-34.9601228,-8.1190963],[-34.9590692,-8.1177404],[-34.9588602,-8.1171096],[-34.9597383,-8.1145769],[-34.9589507,-8.1172824]],[[-34.9662046,-8.1174711],[-34.9659851,-8.11762],[-34.9661809,-8.1170473],[-34.9654931,-8.1169599],[-34.9657289,-8.1179178],[-34.9639799,-8.1177051],[-34.9640621,-8.1166058],[-34.9652291,-8.1169705],[-34.9654752,-8.1164608],[-34.9663144,-8.1165937],[-34.9662046,-8.1174711]],[[-34.9621411,-8.1176056],[-34.9612601,-8.1176537],[-34.9613258,-8.1162227],[-34.9621504,-8.1169416],[-34.9617908,-8.1174854],[-34.9621411,-8.1176056]],[[-34.9600156,-8.1161536],[-34.9594225,-8.1174484],[-34.959565,-8.1160328],[-34.9600156,-8.1161536]],[[-34.9671653,-8.11619],[-34.9668617,-8.1162039],[-34.9670018,-8.1159288],[-34.9671653,-8.11619]],[[-34.9602521,-8.1139868],[-34.961608,-8.1135835],[-34.9612775,-8.1139966],[-34.9602521,-8.1139868]],[[-34.9684096,-8.1133286],[-34.9684039,-8.1137662],[-34.9682111,-8.1132301],[-34.9684096,-8.1133286]],[[-34.9595263,-8.1128385],[-34.9599227,-8.1133921],[-34.959413,-8.1127789],[-34.9594626,-8.1122568],[-34.9595263,-8.1128385]],[[-34.9631167,-8.1109515],[-34.9625394,-8.1122475],[-34.9612655,-8.1124056],[-34.96217,-8.1127579],[-34.9604015,-8.1136481],[-34.961166,-8.1129693],[-34.9609498,-8.1122757],[-34.9622792,-8.1121429],[-34.9631167,-8.1109515]],[[-34.9602253,-8.1125324],[-34.9598,-8.1117187],[-34.9600977,-8.1122095],[-34.9602253,-8.1125324]],[[-34.9601803,-8.1122709],[-34.9612682,-8.1107207],[-34.9612266,-8.1108562],[-34.9614801,-8.1112518],[-34.9601803,-8.1122709]],[[-34.9596314,-8.1120454],[-34.9590218,-8.1116763],[-34.9590756,-8.111197],[-34.9583805,-8.1112453],[-34.9600515,-8.110663],[-34.9596314,-8.1120454]],[[-34.9623402,-8.1102391],[-34.9630801,-8.1106899],[-34.9622101,-8.1107422],[-34.9615361,-8.1113201],[-34.9623402,-8.1102391]],[[-34.9633078,-8.1104404],[-34.963381,-8.1107302],[-34.9630598,-8.1108751],[-34.9633078,-8.1104404]],[[-34.9676653,-8.1067826],[-34.9679034,-8.1074784],[-34.9674481,-8.1071085],[-34.9676653,-8.1067826]],[[-34.9671353,-8.1073116],[-34.9665195,-8.107019],[-34.9671,-8.1068415],[-34.9671353,-8.1073116]],[[-34.9658824,-8.106702],[-34.9659226,-8.1065575],[-34.9665764,-8.1066523],[-34.9662868,-8.1070522],[-34.9658824,-8.106702]],[[-34.9652302,-8.1063212],[-34.9651042,-8.1066009],[-34.9649274,-8.1062769],[-34.9652302,-8.1063212]],[[-34.9642035,-8.1068588],[-34.9639889,-8.1067871],[-34.964233,-8.1057223],[-34.9645817,-8.106264],[-34.9642035,-8.1068588]],[[-34.9661059,-8.1058441],[-34.9658023,-8.1054788],[-34.9664235,-8.1054256],[-34.9667037,-8.105955],[-34.9661059,-8.1058441]],[[-34.9647298,-8.1058905],[-34.9649658,-8.1053873],[-34.9650677,-8.1059702],[-34.9647298,-8.1058905]],[[-34.9645257,-8.1052526],[-34.9644426,-8.1057697],[-34.9642793,-8.1053609],[-34.9645257,-8.1052526]],[[-34.9626189,-8.1048124],[-34.9628106,-8.1048482],[-34.9625518,-8.1058413],[-34.9626189,-8.1048124]],[[-34.964942,-8.1048986],[-34.9653384,-8.1049494],[-34.9650835,-8.10527],[-34.964942,-8.1048986]],[[-34.9665148,-8.1042489],[-34.9668744,-8.1043784],[-34.9668651,-8.1049147],[-34.966314,-8.1046974],[-34.9665148,-8.1042489]],[[-34.9643553,-8.1039887],[-34.9645722,-8.1040632],[-34.9641114,-8.104368],[-34.9643553,-8.1039887]],[[-34.9653011,-8.1030546],[-34.9650302,-8.1030904],[-34.9650718,-8.1028713],[-34.9653011,-8.1030546]],[[-34.9650087,-8.102473],[-34.9647874,-8.1022407],[-34.9650736,-8.1022661],[-34.9650087,-8.102473]],[[-34.9653916,-8.1021228],[-34.9652939,-8.1019087],[-34.9654741,-8.1017945],[-34.9658341,-8.1021862],[-34.9653916,-8.1021228]],[[-34.9657222,-8.1017202],[-34.9675085,-8.101598],[-34.9669587,-8.1020176],[-34.9655411,-8.101841],[-34.9657222,-8.1017202]],[[-34.9635174,-8.0979986],[-34.9632492,-8.0980596],[-34.9631956,-8.0974462],[-34.9635174,-8.0979986]],[[-34.9662117,-8.0976199],[-34.9650404,-8.0972578],[-34.9644074,-8.0980119],[-34.9655286,-8.0959725],[-34.9661938,-8.0964983],[-34.9662117,-8.0976199]],[[-34.9638981,-8.0939384],[-34.9631336,-8.094512],[-34.9636728,-8.0938003],[-34.9638981,-8.0939384]],[[-34.9619897,-8.0927368],[-34.9621479,-8.0928363],[-34.9620071,-8.0930461],[-34.9619897,-8.0927368]],[[-34.9604166,-8.0930621],[-34.960379,-8.0921804],[-34.9609691,-8.092438],[-34.9604166,-8.0930621]],[[-34.9644799,-8.0911925],[-34.96419,-8.0913134],[-34.9637482,-8.0913696],[-34.9644799,-8.0911925]],[[-34.9676919,-8.0907407],[-34.9679586,-8.0907409],[-34.967904,-8.0909945],[-34.9676919,-8.0907407]],[[-34.9605199,-8.0863392],[-34.9608287,-8.0862579],[-34.9611638,-8.0875757],[-34.9607231,-8.0876626],[-34.9605199,-8.0863392]],[[-34.9599457,-8.0864168],[-34.9599693,-8.0871518],[-34.9594414,-8.0871285],[-34.9592161,-8.0862851],[-34.9599457,-8.0864168]],[[-34.9622159,-8.0861236],[-34.9615213,-8.0861697],[-34.9615656,-8.0855748],[-34.9622159,-8.0861236]],[[-34.9622432,-8.0854346],[-34.9622914,-8.0847007],[-34.9625368,-8.0853386],[-34.9622432,-8.0854346]],[[-34.9628311,-8.0850786],[-34.9626524,-8.0851106],[-34.962788,-8.0848154],[-34.9628311,-8.0850786]],[[-34.959609,-8.0846988],[-34.9598,-8.0850941],[-34.9594204,-8.0848684],[-34.959609,-8.0846988]],[[-34.9592281,-8.0845585],[-34.95945,-8.0843522],[-34.9598431,-8.084373],[-34.9592281,-8.0845585]],[[-34.9519256,-8.0789625],[-34.9518968,-8.0755795],[-34.9536026,-8.072084],[-34.9571714,-8.0734233],[-34.9587307,-8.0728371],[-34.9590678,-8.0737733],[-34.9692238,-8.0767618],[-34.9696202,-8.0764847],[-34.9705536,-8.0773885],[-34.9706257,-8.0787335],[-34.9547618,-8.0805558],[-34.9519256,-8.0789625]],[[-34.9635163,-8.0738125],[-34.9639557,-8.0738001],[-34.964016,-8.0739793],[-34.9635163,-8.0738125]],[[-34.9629959,-8.0649351],[-34.9634674,-8.064025],[-34.9637032,-8.0642961],[-34.9640142,-8.0635729],[-34.9633991,-8.0650741],[-34.9629959,-8.0649351]],[[-34.9659949,-8.0605784],[-34.9658639,-8.0606456],[-34.9659322,-8.0600431],[-34.9659949,-8.0605784]],[[-34.966043,-8.0598199],[-34.9643858,-8.0591649],[-34.9644541,-8.0587731],[-34.9659724,-8.0590009],[-34.966043,-8.0598199]],[[-34.9615933,-8.0550995],[-34.9614324,-8.0549534],[-34.961765,-8.0549269],[-34.9615933,-8.0550995]],[[-34.9594428,-8.0525741],[-34.9597658,-8.0525889],[-34.9593561,-8.0535851],[-34.9594428,-8.0525741]],[[-34.9729183,-8.0339115],[-34.9714079,-8.0341026],[-34.9708427,-8.0378472],[-34.9684083,-8.0385443],[-34.9665978,-8.0374432],[-34.9653825,-8.0378491],[-34.9634543,-8.0365398],[-34.9607421,-8.0330355],[-34.9611519,-8.0323714],[-34.9586885,-8.0298528],[-34.9598915,-8.0278372],[-34.9621983,-8.0274212],[-34.9643294,-8.0279922],[-34.9651502,-8.027127],[-34.9674928,-8.0272325],[-34.96907,-8.028206],[-34.9707653,-8.0274977],[-34.9713815,-8.0282585],[-34.974117,-8.0292679],[-34.9729183,-8.0339115]],[[-34.9597161,-8.0245405],[-34.9598031,-8.0244555],[-34.9600622,-8.0247151],[-34.9597161,-8.0245405]],[[-34.9601631,-8.0241003],[-34.9604315,-8.02384],[-34.9602958,-8.0242344],[-34.9601631,-8.0241003]],[[-34.9621068,-8.0241627],[-34.9627247,-8.0231399],[-34.9626578,-8.0236678],[-34.9621068,-8.0241627]],[[-34.9601181,-8.0235324],[-34.9598497,-8.0237927],[-34.9599855,-8.0233984],[-34.9601181,-8.0235324]],[[-34.9652393,-8.0192958],[-34.9657191,-8.0196792],[-34.9645309,-8.0200793],[-34.9652393,-8.0192958]],[[-34.9595118,-8.0190327],[-34.9598521,-8.0189157],[-34.959956,-8.0191605],[-34.9595082,-8.0195188],[-34.9595118,-8.0190327]],[[-34.9669359,-8.0195269],[-34.9665253,-8.0193397],[-34.9670537,-8.0186796],[-34.968521,-8.0188924],[-34.9669359,-8.0195269]],[[-34.9608338,-8.0178372],[-34.960866,-8.0184261],[-34.9604827,-8.0180607],[-34.9608338,-8.0178372]],[[-34.9627328,-8.0155714],[-34.9613583,-8.0131269],[-34.9607453,-8.0128888],[-34.9610654,-8.012296],[-34.9605691,-8.0117224],[-34.9598921,-8.0117541],[-34.9605931,-8.0122539],[-34.9600793,-8.012336],[-34.9602286,-8.0129599],[-34.9606882,-8.0128902],[-34.9603022,-8.0136174],[-34.959321,-8.013489],[-34.9599525,-8.0120492],[-34.9588841,-8.0104911],[-34.9599934,-8.0104775],[-34.9599947,-8.010061],[-34.9604608,-8.0110125],[-34.9615318,-8.0100604],[-34.961867,-8.0112774],[-34.9618005,-8.0106914],[-34.9622233,-8.0109635],[-34.9618113,-8.0094233],[-34.9622292,-8.0091093],[-34.961826,-8.008672],[-34.9628883,-8.008708],[-34.9622439,-8.008994],[-34.9628183,-8.0093353],[-34.9623371,-8.0097726],[-34.9628357,-8.0097399],[-34.963113,-8.0109453],[-34.961545,-8.0125696],[-34.9619558,-8.0127125],[-34.9631511,-8.011199],[-34.9620409,-8.0141088],[-34.9627509,-8.0154406],[-34.9636895,-8.0112501],[-34.9627328,-8.0155714]],[[-34.9638088,-8.0083438],[-34.9638612,-8.0080329],[-34.9644504,-8.0083899],[-34.9638088,-8.0083438]],[[-34.9669818,-8.0063507],[-34.9672376,-8.0068351],[-34.9667998,-8.0068905],[-34.9669818,-8.0063507]],[[-34.9613943,-8.0079198],[-34.9620069,-8.0077759],[-34.9617333,-8.0074107],[-34.9623666,-8.0064676],[-34.9623273,-8.0069481],[-34.9629963,-8.0065967],[-34.9628882,-8.0071547],[-34.963517,-8.0071562],[-34.9645885,-8.0046534],[-34.9635403,-8.0075038],[-34.9638643,-8.0078081],[-34.9633688,-8.0075319],[-34.9624205,-8.0082955],[-34.9624615,-8.0073305],[-34.9629242,-8.0074101],[-34.9623502,-8.0072327],[-34.9619118,-8.0083456],[-34.9615897,-8.007954],[-34.9614487,-8.0083937],[-34.9613943,-8.0079198]],[[-34.9603563,-8.0041526],[-34.9605159,-8.0034838],[-34.9614002,-8.0038],[-34.9630598,-8.0029292],[-34.9628946,-8.0036821],[-34.9610088,-8.0042871],[-34.9613802,-8.0062412],[-34.9603563,-8.0041526]],[[-34.9617622,-7.9987638],[-34.9597201,-7.998903],[-34.9596605,-7.998247],[-34.9607342,-7.998086],[-34.9618378,-7.998434],[-34.9625031,-8.0007191],[-34.9616764,-8.0003047],[-34.9617622,-7.9987638]],[[-34.9686166,-8.0065204],[-34.96821865283052,-8.00536036187575],[-34.9673038,-8.005734],[-34.9671155,-8.005138],[-34.9645846,-8.0041332],[-34.9640929,-8.0029787],[-34.9625443,-8.0018529],[-34.9600664,-8.0019398],[-34.9588174,-8.0010874],[-34.9585247,-7.99876],[-34.9594187,-7.9981391],[-34.9589018,-7.9985802],[-34.9589558,-8.0001179],[-34.9597795,-8.0014651],[-34.9606099,-8.001659],[-34.9620244,-8.0008266],[-34.962713,-8.0011275],[-34.9628785,-8.0006461],[-34.9632937,-8.0011442],[-34.963483622882634,-7.999432098618032],[-34.9627321,-8.0002474],[-34.96234,-7.999164],[-34.9631674,-7.9988077],[-34.9629248,-7.998105],[-34.9621935,-7.9978898],[-34.9621368,-7.9987241],[-34.9617448,-7.9982112],[-34.9614262,-7.9981396],[-34.9629228,-7.997487],[-34.96351714151483,-7.9983944664622015],[-34.9635646,-7.9969253],[-34.9592087,-7.9979453],[-34.9570844,-7.996835],[-34.95879,-7.9962205],[-34.9586065,-7.9949762],[-34.958136,-7.9949155],[-34.95833,-7.9930571],[-34.9572924,-7.9928588],[-34.9535224,-7.9931855],[-34.9529406,-7.9922572],[-34.9514008,-7.991706],[-34.9481151,-7.9926967],[-34.9462483,-7.9865344],[-34.9644015,-7.9888293],[-34.9669978,-7.9855994],[-34.96984746341787,-7.985344137533703],[-34.9708662,-7.9840898],[-34.971835,-7.9847313],[-34.9727218,-7.9837306],[-34.9739575,-7.9846035],[-34.9748221,-7.9861697],[-34.9717829,-7.9891268],[-34.9719331,-7.9905081],[-34.9727365,-7.9912933],[-34.9714654,-7.9927497],[-34.9736136,-7.9936261],[-34.9731913,-7.9935347],[-34.972376,-7.9949603],[-34.9727702,-7.9958126],[-34.972,-7.9969589],[-34.9729351,-7.9978934],[-34.9726775,-7.9982423],[-34.9719014,-7.9978015],[-34.9713535,-7.9997686],[-34.9701708,-7.999123],[-34.9704859,-7.9981115],[-34.9695839,-7.9979764],[-34.9694369,-7.9991014],[-34.9683529,-7.9992544],[-34.9684994,-7.9998504],[-34.9678045,-8.0003606],[-34.9695321,-7.9996794],[-34.9701112,-8.0002959],[-34.9690509,-8.0017758],[-34.9701096,-8.0020908],[-34.9710449,-8.0015313],[-34.9706129,-8.0026409],[-34.9714343,-8.0042724],[-34.97109249848817,-8.005708307031313],[-34.9715603,-8.0061659],[-34.971197865088065,-8.006164152542988],[-34.971812,-8.0074036],[-34.9707713,-8.0078626],[-34.969993,-8.0065479],[-34.9686166,-8.0065204]],[[-34.9576327,-8.1571751],[-34.957269,-8.1573717],[-34.9571561,-8.1570721],[-34.9576327,-8.1571751]],[[-34.9549904,-8.152466],[-34.9564738,-8.1521774],[-34.9564835,-8.1510446],[-34.958176,-8.1503614],[-34.9581968,-8.1523947],[-34.9567169,-8.1522032],[-34.9568562,-8.1535504],[-34.9552447,-8.1535459],[-34.9549904,-8.152466]],[[-34.9585533,-8.1493578],[-34.958691,-8.1492122],[-34.9587307,-8.1495046],[-34.9585533,-8.1493578]],[[-34.9580212,-8.1489653],[-34.9582224,-8.1491631],[-34.9579085,-8.1491047],[-34.9580212,-8.1489653]],[[-34.9577782,-8.1487173],[-34.9579088,-8.148839],[-34.9575515,-8.1490811],[-34.9577782,-8.1487173]],[[-34.9584101,-8.1486899],[-34.958219,-8.1489153],[-34.9581559,-8.1487099],[-34.9584101,-8.1486899]],[[-34.9581475,-8.1476943],[-34.9582751,-8.1475594],[-34.9593351,-8.1487943],[-34.9581475,-8.1476943]],[[-34.9524903,-8.1385198],[-34.9538278,-8.140029],[-34.952413,-8.1391436],[-34.9524903,-8.1385198]],[[-34.9539719,-8.1389512],[-34.9548032,-8.1384496],[-34.9547822,-8.1388749],[-34.9541961,-8.1394504],[-34.9539719,-8.1389512]],[[-34.9565077,-8.1393141],[-34.9548499,-8.139351],[-34.9548849,-8.1386507],[-34.9561878,-8.1383687],[-34.9565077,-8.1393141]],[[-34.9559543,-8.1379392],[-34.9561746,-8.1377607],[-34.9561993,-8.1380215],[-34.9559543,-8.1379392]],[[-34.9561361,-8.1377287],[-34.9559759,-8.1378614],[-34.9558065,-8.1375945],[-34.9561361,-8.1377287]],[[-34.9589778,-8.1370701],[-34.9585937,-8.1376456],[-34.9581486,-8.1374041],[-34.9587563,-8.1367079],[-34.9589778,-8.1370701]],[[-34.9577542,-8.136076],[-34.9585337,-8.1362087],[-34.9584663,-8.1365864],[-34.9573172,-8.1367904],[-34.9577542,-8.136076]],[[-34.9538462,-8.1361534],[-34.95365885067731,-8.135975391281404],[-34.9544907,-8.1363614],[-34.9538462,-8.1361534]],[[-34.9535525,-8.1359559],[-34.9525373,-8.1357156],[-34.9524045,-8.1355669],[-34.9535525,-8.1359559]],[[-34.9587282,-8.1360031],[-34.9582451,-8.135877],[-34.9590803,-8.1351622],[-34.9594201,-8.135411],[-34.9587282,-8.1360031]],[[-34.9581911,-8.1337382],[-34.9564785,-8.1367591],[-34.9575204,-8.1342871],[-34.9581603,-8.1337346],[-34.9585958,-8.1298076],[-34.9581911,-8.1337382]],[[-34.9534997,-8.1349947],[-34.9536257,-8.1347199],[-34.9538398,-8.1350863],[-34.9534997,-8.1349947]],[[-34.9572193,-8.1342023],[-34.9569391,-8.1352198],[-34.9570281,-8.1341492],[-34.9572193,-8.1342023]],[[-34.953118,-8.1335467],[-34.953256,-8.1340836],[-34.9529907,-8.134144],[-34.953118,-8.1335467]],[[-34.9582382,-8.1336397],[-34.9582779,-8.1330479],[-34.9586468,-8.1330618],[-34.9582382,-8.1336397]],[[-34.9591832,-8.1331612],[-34.9591269,-8.1328001],[-34.9593442,-8.1328824],[-34.9591832,-8.1331612]],[[-34.955849,-8.132294],[-34.9559237,-8.1328372],[-34.9554684,-8.1324073],[-34.955849,-8.132294]],[[-34.9549407,-8.1321484],[-34.95534,-8.1319889],[-34.9551672,-8.1325113],[-34.9549407,-8.1321484]],[[-34.9558256,-8.1322732],[-34.9556225,-8.1322779],[-34.9558023,-8.1318502],[-34.9558256,-8.1322732]],[[-34.9552699,-8.1311776],[-34.9553003,-8.131945],[-34.9549094,-8.1312856],[-34.9552699,-8.1311776]],[[-34.9573137,-8.1311855],[-34.9570267,-8.1316833],[-34.9565077,-8.1315864],[-34.9573137,-8.1311855]],[[-34.9573749,-8.131472],[-34.9576556,-8.1311762],[-34.9576986,-8.1315293],[-34.9573749,-8.131472]],[[-34.9537189,-8.1312191],[-34.9539932,-8.1310859],[-34.954156,-8.1312576],[-34.9537189,-8.1312191]],[[-34.9577035,-8.1309542],[-34.9580271,-8.1306518],[-34.9579275,-8.1310018],[-34.9581307,-8.1315973],[-34.9577035,-8.1309542]],[[-34.9593441,-8.1310408],[-34.9592502,-8.1311403],[-34.9590826,-8.1310036],[-34.9593441,-8.1310408]],[[-34.954402,-8.1309405],[-34.9544976,-8.1305516],[-34.9546374,-8.1311052],[-34.954402,-8.1309405]],[[-34.958058,-8.1306558],[-34.9583812,-8.1306651],[-34.958075,-8.1309834],[-34.958058,-8.1306558]],[[-34.9533615,-8.1310964],[-34.9532465,-8.1306007],[-34.9535349,-8.1308127],[-34.9533615,-8.1310964]],[[-34.9581268,-8.1305269],[-34.9577844,-8.1305602],[-34.9580325,-8.1304208],[-34.9581268,-8.1305269]],[[-34.9559752,-8.1306836],[-34.9554509,-8.1304593],[-34.955589,-8.1299694],[-34.9559752,-8.1306836]],[[-34.9548373,-8.1299946],[-34.9551736,-8.129942],[-34.9548444,-8.1302135],[-34.9548373,-8.1299946]],[[-34.9528143,-8.1299464],[-34.9527816,-8.1297014],[-34.9530898,-8.1298771],[-34.9528143,-8.1299464]],[[-34.9574542,-8.1294797],[-34.9576316,-8.1298865],[-34.9573619,-8.1297675],[-34.9574542,-8.1294797]],[[-34.9596984,-8.129674],[-34.9589023,-8.1294617],[-34.9590206,-8.1291042],[-34.9596984,-8.129674]],[[-34.9524967,-8.1296875],[-34.9532518,-8.1279817],[-34.9534121,-8.1291374],[-34.9524967,-8.1296875]],[[-34.9547817,-8.1286006],[-34.9551545,-8.1284931],[-34.9552772,-8.1287044],[-34.9547817,-8.1286006]],[[-34.9535491,-8.1279467],[-34.9539791,-8.1282743],[-34.9533933,-8.1283181],[-34.9535491,-8.1279467]],[[-34.9566908,-8.1240553],[-34.956264,-8.1242581],[-34.9565614,-8.1239226],[-34.9566908,-8.1240553]],[[-34.956489,-8.1237411],[-34.9563072,-8.124162],[-34.9561916,-8.1240309],[-34.956489,-8.1237411]],[[-34.9564314,-8.123764],[-34.9563143,-8.1238656],[-34.9562061,-8.123529],[-34.9564314,-8.123764]],[[-34.9535041,-8.1229139],[-34.9539352,-8.1228141],[-34.9539582,-8.1232986],[-34.9534017,-8.1237999],[-34.9535041,-8.1229139]],[[-34.9550035,-8.1228613],[-34.9547781,-8.123002],[-34.9544678,-8.122835],[-34.9550035,-8.1228613]],[[-34.9557889,-8.1229421],[-34.9551281,-8.1230392],[-34.9553714,-8.1227907],[-34.9557889,-8.1229421]],[[-34.9546268,-8.1223735],[-34.9550365,-8.1227823],[-34.9545698,-8.1226496],[-34.9543311,-8.1230479],[-34.9546268,-8.1223735]],[[-34.9538911,-8.1227968],[-34.9534565,-8.1228923],[-34.9534212,-8.1220921],[-34.9538911,-8.1227968]],[[-34.9586571,-8.1216273],[-34.9573292,-8.122097],[-34.9573477,-8.1214564],[-34.9586571,-8.1216273]],[[-34.9545126,-8.1218632],[-34.9542682,-8.1218024],[-34.9545957,-8.1215995],[-34.9545126,-8.1218632]],[[-34.9533222,-8.1211815],[-34.9533857,-8.1209621],[-34.9535158,-8.1212407],[-34.9533222,-8.1211815]],[[-34.9567373,-8.1210798],[-34.9571992,-8.1208223],[-34.9573496,-8.1213356],[-34.9567373,-8.1210798]],[[-34.9564533,-8.1206132],[-34.9567965,-8.120926],[-34.9555043,-8.1212444],[-34.955558,-8.1207683],[-34.9564533,-8.1206132]],[[-34.9587896,-8.1208517],[-34.9577891,-8.1211358],[-34.9588781,-8.1202543],[-34.9587896,-8.1208517]],[[-34.9546317,-8.1204767],[-34.9549024,-8.1205378],[-34.9545715,-8.1207234],[-34.9546317,-8.1204767]],[[-34.9569752,-8.120223],[-34.9570605,-8.1199724],[-34.9571577,-8.1202887],[-34.9569752,-8.120223]],[[-34.958868,-8.1203635],[-34.9591976,-8.1197443],[-34.9590405,-8.1204946],[-34.958868,-8.1203635]],[[-34.9535909,-8.1199581],[-34.9536284,-8.1198094],[-34.9538189,-8.1200988],[-34.9535909,-8.1199581]],[[-34.9559974,-8.1199551],[-34.9560619,-8.1196904],[-34.95617,-8.120001],[-34.9559974,-8.1199551]],[[-34.9554062,-8.1195401],[-34.9548582,-8.1195383],[-34.9547891,-8.1191377],[-34.9554062,-8.1195401]],[[-34.9537127,-8.119368],[-34.9534119,-8.1192609],[-34.9538211,-8.1190081],[-34.9537127,-8.119368]],[[-34.9569052,-8.1184748],[-34.9586876,-8.1187615],[-34.9585686,-8.1180201],[-34.9599579,-8.1196544],[-34.9569052,-8.1184748]],[[-34.9547886,-8.1185769],[-34.9551896,-8.1186925],[-34.9546565,-8.1189544],[-34.9547886,-8.1185769]],[[-34.9566803,-8.1179528],[-34.9569407,-8.117606],[-34.9569981,-8.1179951],[-34.9558892,-8.1179837],[-34.9566803,-8.1179528]],[[-34.9559465,-8.1171017],[-34.9561418,-8.1175603],[-34.9555965,-8.1175916],[-34.9556458,-8.1184025],[-34.9552047,-8.1182654],[-34.9553497,-8.1173898],[-34.9559465,-8.1171017]],[[-34.9526347,-8.1172429],[-34.9537398,-8.1175987],[-34.9522916,-8.1172816],[-34.9524416,-8.1166826],[-34.9526347,-8.1172429]],[[-34.9572713,-8.11714],[-34.9573689,-8.1165746],[-34.9575559,-8.1172547],[-34.9572713,-8.11714]],[[-34.9548074,-8.1167247],[-34.9547361,-8.1169508],[-34.9546417,-8.1166637],[-34.9548074,-8.1167247]],[[-34.9538084,-8.1164399],[-34.9537487,-8.1166825],[-34.9535596,-8.1166297],[-34.9538084,-8.1164399]],[[-34.9567151,-8.1161837],[-34.9572419,-8.1166839],[-34.9568383,-8.1172421],[-34.9563575,-8.1152797],[-34.9571526,-8.1157506],[-34.9567151,-8.1161837]],[[-34.9580468,-8.1164709],[-34.9574948,-8.1159148],[-34.9582486,-8.1163282],[-34.9580468,-8.1164709]],[[-34.9549536,-8.115567],[-34.955134,-8.1156241],[-34.9550541,-8.1158764],[-34.9549536,-8.115567]],[[-34.9582675,-8.1147409],[-34.958924,-8.1155176],[-34.9586146,-8.1159922],[-34.9579926,-8.1155494],[-34.9584195,-8.1155736],[-34.9582675,-8.1147409]],[[-34.9567225,-8.1148672],[-34.956664,-8.11473],[-34.9571446,-8.1146598],[-34.9567225,-8.1148672]],[[-34.9547604,-8.1146882],[-34.9552533,-8.1143518],[-34.9553781,-8.1148218],[-34.9547604,-8.1146882]],[[-34.9574414,-8.1143801],[-34.9579993,-8.1146031],[-34.9572939,-8.1144704],[-34.9574414,-8.1143801]],[[-34.9571816,-8.1136685],[-34.9577947,-8.1142755],[-34.9569813,-8.1142511],[-34.9571816,-8.1136685]],[[-34.9591146,-8.1134486],[-34.9590802,-8.1137703],[-34.9586167,-8.1133991],[-34.9586065,-8.1127726],[-34.9591146,-8.1134486]],[[-34.9570344,-8.1130313],[-34.9573764,-8.1126378],[-34.9584178,-8.1137237],[-34.9570344,-8.1130313]],[[-34.9568177,-8.1129293],[-34.9567893,-8.1132956],[-34.9565697,-8.1128971],[-34.9568177,-8.1129293]],[[-34.9580983,-8.1129132],[-34.9576837,-8.1122451],[-34.9581634,-8.1128569],[-34.9580983,-8.1129132]],[[-34.9579513,-8.111931],[-34.958015,-8.1116262],[-34.9587158,-8.1120081],[-34.9579513,-8.111931]],[[-34.9545385,-8.1104898],[-34.9543515,-8.1106991],[-34.954445,-8.1099988],[-34.9545385,-8.1104898]],[[-34.9546698,-8.1100625],[-34.9545884,-8.1099538],[-34.9553284,-8.1099578],[-34.9546698,-8.1100625]],[[-34.9542725,-8.1097766],[-34.9540282,-8.1102543],[-34.9539987,-8.1097126],[-34.9542725,-8.1097766]],[[-34.9580308,-8.1108802],[-34.9573396,-8.1102242],[-34.9566865,-8.1085472],[-34.9580308,-8.1108802]],[[-34.9593122,-8.109095],[-34.9598765,-8.1096165],[-34.9582503,-8.1091778],[-34.9593122,-8.109095]],[[-34.9529567,-8.1093342],[-34.9536366,-8.1091523],[-34.9536969,-8.1093621],[-34.9529567,-8.1093342]],[[-34.9542678,-8.1091668],[-34.9546461,-8.1090814],[-34.9544493,-8.1093665],[-34.9542678,-8.1091668]],[[-34.9559468,-8.1092099],[-34.9552296,-8.1092906],[-34.9555999,-8.1090577],[-34.9559468,-8.1092099]],[[-34.9564534,-8.1092703],[-34.956307,-8.1091576],[-34.9565509,-8.1088115],[-34.9564534,-8.1092703]],[[-34.9566965,-8.1084599],[-34.9568972,-8.1080304],[-34.9576791,-8.1087386],[-34.957362,-8.1090248],[-34.9566965,-8.1084599]],[[-34.9575396,-8.1083577],[-34.9570305,-8.1079653],[-34.9574087,-8.1075638],[-34.9575396,-8.1083577]],[[-34.9568879,-8.1077893],[-34.9565909,-8.1080414],[-34.95658,-8.107551],[-34.9568879,-8.1077893]],[[-34.958932,-8.1055985],[-34.9560668,-8.10711],[-34.9558224,-8.1078539],[-34.955856,-8.1071335],[-34.9549419,-8.1075517],[-34.9543492,-8.1068391],[-34.9534251,-8.1042422],[-34.9521147,-8.1044876],[-34.9516458,-8.1039214],[-34.9496386,-8.1037867],[-34.9493415,-8.1048925],[-34.949721,-8.1050379],[-34.9489765,-8.1052513],[-34.9485318,-8.1029444],[-34.9501718,-8.0997219],[-34.952287,-8.1001765],[-34.9527805,-8.0995923],[-34.9511443,-8.0974732],[-34.9527429,-8.0985673],[-34.9533062,-8.0972661],[-34.9528932,-8.0971811],[-34.9535966,-8.0968169],[-34.9536815,-8.0963677],[-34.9523067,-8.0956819],[-34.9526051,-8.0942549],[-34.9533899,-8.094731],[-34.9534119,-8.0942186],[-34.9520209,-8.090512],[-34.9536583,-8.0905091],[-34.953621,-8.0900451],[-34.9555722,-8.0905425],[-34.9557248,-8.0912435],[-34.9562365,-8.0909384],[-34.9564569,-8.0914339],[-34.9568308,-8.0908543],[-34.9568386,-8.0913169],[-34.9576679,-8.0910915],[-34.9594102,-8.0923021],[-34.9591372,-8.0930652],[-34.9597739,-8.0940914],[-34.9601487,-8.0939358],[-34.9607846,-8.0986646],[-34.9619968,-8.098676],[-34.9629535,-8.0999456],[-34.962651,-8.1019724],[-34.9622951,-8.1013528],[-34.9617315,-8.1015754],[-34.9623458,-8.1017599],[-34.9616933,-8.1029473],[-34.9622637,-8.1052186],[-34.9613911,-8.104918],[-34.9605598,-8.106246],[-34.9593662,-8.1062044],[-34.958932,-8.1055985]],[[-34.9569994,-8.0900717],[-34.9566916,-8.0900345],[-34.9563502,-8.0899497],[-34.9569994,-8.0900717]],[[-34.9545222,-8.0856977],[-34.9563996,-8.0849533],[-34.9563686,-8.0861412],[-34.9546143,-8.0863945],[-34.9544002,-8.0881352],[-34.9558601,-8.0880346],[-34.9560349,-8.0891074],[-34.9536531,-8.0886719],[-34.9533742,-8.0871954],[-34.9545222,-8.0856977]],[[-34.9577099,-8.0863588],[-34.9579489,-8.0855505],[-34.9572811,-8.0851852],[-34.956506,-8.0855503],[-34.95673,-8.0842698],[-34.9577901,-8.0836594],[-34.9573558,-8.0850558],[-34.9588793,-8.0856949],[-34.9588418,-8.0870121],[-34.9577099,-8.0863588]],[[-34.9557727,-8.0842882],[-34.955343,-8.0846119],[-34.9554785,-8.0839923],[-34.9557727,-8.0842882]],[[-34.9578415,-8.0836271],[-34.9585988,-8.0830267],[-34.9587428,-8.0835254],[-34.9581497,-8.0839461],[-34.9578415,-8.0836271]],[[-34.9549866,-8.0835335],[-34.9555623,-8.0829309],[-34.9556637,-8.0830942],[-34.9549866,-8.0835335]],[[-34.9557867,-8.0816017],[-34.9559678,-8.0816582],[-34.9558037,-8.0819284],[-34.9557867,-8.0816017]],[[-34.9578916,-8.0583444],[-34.957728,-8.0585223],[-34.9575349,-8.0580549],[-34.9578916,-8.0583444]],[[-34.9549482,-8.058524],[-34.9535673,-8.0584356],[-34.9540011,-8.0581955],[-34.9535641,-8.0576365],[-34.9541184,-8.0573858],[-34.9549482,-8.058524]],[[-34.9587267,-8.0561771],[-34.9584346,-8.0562842],[-34.9583978,-8.055891],[-34.9587267,-8.0561771]],[[-34.954449,-8.0544418],[-34.954418,-8.0542769],[-34.9549174,-8.0544039],[-34.954449,-8.0544418]],[[-34.9548834,-8.0536138],[-34.9543302,-8.0535438],[-34.9548738,-8.0534858],[-34.9548834,-8.0536138]],[[-34.9566269,-8.0522466],[-34.9566056,-8.0526727],[-34.9559255,-8.052751],[-34.9566269,-8.0522466]],[[-34.954768,-8.0520074],[-34.9553794,-8.0526334],[-34.9535348,-8.0521082],[-34.954768,-8.0520074]],[[-34.9539204,-8.0512959],[-34.9538949,-8.0510178],[-34.9544889,-8.0510207],[-34.9539204,-8.0512959]],[[-34.9556375,-8.052531],[-34.9561335,-8.0511832],[-34.9553696,-8.0502813],[-34.9554136,-8.0495658],[-34.9554205,-8.0502063],[-34.9561908,-8.0506444],[-34.9561415,-8.0515337],[-34.9556375,-8.052531]],[[-34.9528957,-8.0507311],[-34.9531283,-8.0507051],[-34.9529436,-8.0511453],[-34.9528957,-8.0507311]],[[-34.9591419,-8.0492722],[-34.9591032,-8.0497656],[-34.9587034,-8.0493983],[-34.9591419,-8.0492722]],[[-34.9544996,-8.0493276],[-34.9538608,-8.0493424],[-34.9537743,-8.0492573],[-34.9544996,-8.0493276]],[[-34.9546991,-8.0488466],[-34.9542974,-8.0480502],[-34.9547424,-8.04883],[-34.9554713,-8.049313],[-34.9546991,-8.0488466]],[[-34.9584524,-8.0311391],[-34.9586329,-8.0315269],[-34.9584397,-8.0315099],[-34.9584524,-8.0311391]],[[-34.9535135,-8.0266489],[-34.9535132,-8.0262061],[-34.9548806,-8.026457],[-34.9549438,-8.0268857],[-34.9535135,-8.0266489]],[[-34.9537024,-8.0256751],[-34.9529916,-8.0254308],[-34.9531552,-8.0243949],[-34.9543032,-8.0244746],[-34.9546143,-8.0251174],[-34.9537024,-8.0256751]],[[-34.9593818,-8.023692],[-34.9595284,-8.0238452],[-34.9591211,-8.0239417],[-34.9593818,-8.023692]],[[-34.9589018,-8.023514],[-34.9585558,-8.0233395],[-34.9586428,-8.0232544],[-34.9589018,-8.023514]],[[-34.9593235,-8.022667],[-34.9591456,-8.0230239],[-34.9590482,-8.0229201],[-34.9593235,-8.022667]],[[-34.9579861,-8.0227609],[-34.9580731,-8.0226758],[-34.9583322,-8.0229354],[-34.9579861,-8.0227609]],[[-34.9556559,-8.0224924],[-34.9544538,-8.0228162],[-34.9530464,-8.0223227],[-34.954659,-8.0215745],[-34.9554575,-8.0217956],[-34.9556559,-8.0224924]],[[-34.9586654,-8.0205788],[-34.9597165,-8.0214096],[-34.9567393,-8.0221958],[-34.9563378,-8.0212756],[-34.9586654,-8.0205788]],[[-34.9532321,-8.0207646],[-34.954078,-8.0205768],[-34.9536294,-8.0212953],[-34.953277,-8.0214548],[-34.9532321,-8.0207646]],[[-34.9565803,-8.0174745],[-34.9548046,-8.0174439],[-34.9549854,-8.0161318],[-34.9555453,-8.016521],[-34.9565291,-8.0160512],[-34.9565803,-8.0174745]],[[-34.9550279,-8.0154217],[-34.9536813,-8.0165748],[-34.9535372,-8.0174613],[-34.9524599,-8.0179496],[-34.9517088,-8.0168828],[-34.9521526,-8.0149221],[-34.9534727,-8.0147794],[-34.9537799,-8.0139267],[-34.9542199,-8.0143962],[-34.9549684,-8.0142031],[-34.9563354,-8.0155663],[-34.9550279,-8.0154217]],[[-34.9567752,-8.0151256],[-34.9566209,-8.0148399],[-34.9569151,-8.0150942],[-34.9567752,-8.0151256]],[[-34.9572465,-8.0137841],[-34.9582086,-8.0131486],[-34.9575076,-8.0139641],[-34.9572465,-8.0137841]],[[-34.9548374,-8.0138219],[-34.9548749,-8.0132487],[-34.9529084,-8.0140495],[-34.9535569,-8.0134974],[-34.953375,-8.0120995],[-34.9557357,-8.0111833],[-34.9553601,-8.0100673],[-34.9559137,-8.0093899],[-34.9565701,-8.0103766],[-34.9578276,-8.0099498],[-34.9585631,-8.0111558],[-34.9580451,-8.011567],[-34.95925,-8.0124769],[-34.9584311,-8.0129522],[-34.956039,-8.011743],[-34.9546996,-8.0142287],[-34.9540962,-8.013825],[-34.9548374,-8.0138219]],[[-34.9587883,-8.0069933],[-34.9595277,-8.0073228],[-34.9587143,-8.0073655],[-34.9587883,-8.0069933]],[[-34.9564274,-7.9966573],[-34.9573794,-7.9975405],[-34.957022,-7.9976141],[-34.9562115,-7.9970288],[-34.9564274,-7.9966573]],[[-34.9560172,-7.995928],[-34.9561464,-7.9954161],[-34.956576,-7.9955826],[-34.9563201,-7.9962691],[-34.9560172,-7.995928]],[[-34.9547729,-7.9951997],[-34.955155,-7.9958587],[-34.9544402,-7.9949068],[-34.9548912,-7.9941525],[-34.9547729,-7.9951997]],[[-34.9539074,-7.9948731],[-34.9540984,-7.9947241],[-34.9542895,-7.9949295],[-34.9540863,-7.9952596],[-34.9539074,-7.9948731]],[[-34.9555864,-7.9945269],[-34.9561271,-7.9946557],[-34.9554523,-7.9952717],[-34.9550294,-7.9949456],[-34.9555864,-7.9945269]],[[-34.9539887,-7.9944987],[-34.9536919,-7.9947765],[-34.9533179,-7.9946074],[-34.953448,-7.9941122],[-34.9539887,-7.9944987]],[[-34.9576006,-7.9942945],[-34.9570762,-7.9936946],[-34.9571819,-7.9946085],[-34.9566737,-7.9946488],[-34.9565964,-7.9934531],[-34.9572022,-7.9932799],[-34.9576006,-7.9942945]],[[-34.957379,-7.9932169],[-34.9567604,-7.9930278],[-34.957785,-7.9931925],[-34.9580425,-7.9945152],[-34.957379,-7.9932169]],[[-34.9534038,-7.9937335],[-34.9532091,-7.9936564],[-34.9534038,-7.9933199],[-34.9534038,-7.9937335]],[[-34.9500602,-8.1549498],[-34.9494545,-8.1566138],[-34.9465988,-8.1554521],[-34.9500602,-8.1549498]],[[-34.9500408,-8.1528721],[-34.9499608,-8.1531308],[-34.9497471,-8.1529825],[-34.9500408,-8.1528721]],[[-34.9506213,-8.1525494],[-34.9502213,-8.1529579],[-34.9503576,-8.1526023],[-34.9506213,-8.1525494]],[[-34.9494197,-8.152541],[-34.9492056,-8.1526934],[-34.9492127,-8.1524167],[-34.9494197,-8.152541]],[[-34.950101,-8.1521977],[-34.9499842,-8.1526742],[-34.9496267,-8.1526531],[-34.950101,-8.1521977]],[[-34.9496365,-8.1516513],[-34.9494488,-8.151877],[-34.9493415,-8.1516619],[-34.9496365,-8.1516513]],[[-34.9498457,-8.1512026],[-34.9494622,-8.1514947],[-34.9494246,-8.1513885],[-34.9498457,-8.1512026]],[[-34.9487481,-8.1508363],[-34.9483216,-8.1509743],[-34.9485979,-8.1505389],[-34.9487481,-8.1508363]],[[-34.9475227,-8.1436668],[-34.948474,-8.1433869],[-34.9489615,-8.1466398],[-34.9459091,-8.1465176],[-34.9474219,-8.1450892],[-34.9475227,-8.1436668]],[[-34.951942,-8.1403615],[-34.9522198,-8.1402476],[-34.9522605,-8.1405524],[-34.951942,-8.1403615]],[[-34.9526541,-8.1402641],[-34.9530564,-8.1405357],[-34.9525911,-8.1403406],[-34.9526541,-8.1402641]],[[-34.9502822,-8.1398127],[-34.9504387,-8.140171],[-34.9501701,-8.1403004],[-34.9497568,-8.1400577],[-34.9502822,-8.1398127]],[[-34.9493506,-8.1398736],[-34.9489285,-8.1401634],[-34.9487917,-8.1399679],[-34.9493506,-8.1398736]],[[-34.951786,-8.1398173],[-34.9520941,-8.1395398],[-34.9524638,-8.139674],[-34.951786,-8.1398173]],[[-34.94801,-8.1386418],[-34.94825,-8.1393266],[-34.9476761,-8.1406018],[-34.94801,-8.1386418]],[[-34.9518886,-8.1386044],[-34.9520675,-8.1393127],[-34.9514129,-8.1393087],[-34.9502458,-8.1391932],[-34.9518195,-8.1391799],[-34.951478,-8.1387855],[-34.9518886,-8.1386044]],[[-34.9480758,-8.1381336],[-34.9479357,-8.1381821],[-34.9478703,-8.1378389],[-34.9480758,-8.1381336]],[[-34.9479663,-8.1375607],[-34.9491207,-8.1375028],[-34.9502875,-8.1380542],[-34.9479663,-8.1375607]],[[-34.9477909,-8.1363479],[-34.9477452,-8.1370246],[-34.9476483,-8.1369396],[-34.9477909,-8.1363479]],[[-34.9527661,-8.1361756],[-34.9525657,-8.136068],[-34.9529436,-8.1360161],[-34.9527661,-8.1361756]],[[-34.9514371,-8.135959],[-34.9511985,-8.135816],[-34.9513948,-8.1356251],[-34.9514371,-8.135959]],[[-34.9477342,-8.1361665],[-34.9477721,-8.1354009],[-34.947856,-8.1356357],[-34.9477342,-8.1361665]],[[-34.9476836,-8.1349421],[-34.948011,-8.1349312],[-34.9477279,-8.1352365],[-34.9476836,-8.1349421]],[[-34.9501624,-8.1346826],[-34.9506948,-8.1350132],[-34.9508437,-8.1353942],[-34.9501624,-8.1346826]],[[-34.9505115,-8.133317],[-34.9506864,-8.1334714],[-34.9503598,-8.1334835],[-34.9505115,-8.133317]],[[-34.9480764,-8.1335405],[-34.9480735,-8.1331615],[-34.9482178,-8.1332271],[-34.9480764,-8.1335405]],[[-34.9496904,-8.1325715],[-34.9498736,-8.1327254],[-34.9495258,-8.1327515],[-34.9496904,-8.1325715]],[[-34.9488659,-8.1328083],[-34.9485044,-8.1322363],[-34.949282,-8.1323154],[-34.9488659,-8.1328083]],[[-34.9472381,-8.1320474],[-34.9476237,-8.1323488],[-34.9472195,-8.1321629],[-34.9472381,-8.1320474]],[[-34.9510019,-8.1314873],[-34.9514505,-8.1319758],[-34.9504991,-8.1324049],[-34.9501613,-8.1321617],[-34.9510887,-8.1320977],[-34.9510019,-8.1314873]],[[-34.9480037,-8.1307737],[-34.9480566,-8.1311379],[-34.948186,-8.1320953],[-34.9476388,-8.1314395],[-34.9481361,-8.1317654],[-34.9480037,-8.1307737]],[[-34.9489842,-8.1311361],[-34.9492408,-8.1311562],[-34.9489677,-8.1313911],[-34.9489842,-8.1311361]],[[-34.9523727,-8.1301739],[-34.9524102,-8.1297889],[-34.9529601,-8.1300757],[-34.9529896,-8.130774],[-34.9523727,-8.1301739]],[[-34.9478525,-8.1307532],[-34.9480164,-8.1297677],[-34.9482634,-8.130096],[-34.9478525,-8.1307532]],[[-34.9513981,-8.130457],[-34.9513839,-8.1296197],[-34.9523076,-8.1292728],[-34.951975,-8.1303099],[-34.9513981,-8.130457]],[[-34.949387,-8.1300208],[-34.9492843,-8.1299928],[-34.9495905,-8.1298281],[-34.949387,-8.1300208]],[[-34.9506982,-8.1301785],[-34.9505638,-8.1293394],[-34.9506982,-8.1295443],[-34.9506982,-8.1301785]],[[-34.9501258,-8.1291297],[-34.9500161,-8.129198],[-34.949917,-8.128916],[-34.9501258,-8.1291297]],[[-34.9515609,-8.1287823],[-34.9523678,-8.1286772],[-34.9523183,-8.1292273],[-34.9515609,-8.1287823]],[[-34.9515361,-8.1281026],[-34.9520457,-8.1282567],[-34.951706,-8.1284074],[-34.9515361,-8.1281026]],[[-34.9502299,-8.1284254],[-34.9509596,-8.1274201],[-34.9507769,-8.1286796],[-34.9502299,-8.1284254]],[[-34.9527008,-8.1278677],[-34.9520272,-8.1286397],[-34.9526468,-8.1269244],[-34.9527008,-8.1278677]],[[-34.9513526,-8.1272234],[-34.9514062,-8.1259713],[-34.9519597,-8.1266455],[-34.9513526,-8.1272234]],[[-34.9528438,-8.1234154],[-34.9531027,-8.1238242],[-34.95171,-8.1236279],[-34.9528438,-8.1234154]],[[-34.9473154,-8.1233953],[-34.9476209,-8.1229493],[-34.947701,-8.1230278],[-34.9473154,-8.1233953]],[[-34.949488,-8.1227427],[-34.9496262,-8.1234994],[-34.9494473,-8.1234913],[-34.949488,-8.1227427]],[[-34.9514628,-8.1227559],[-34.9515347,-8.1224174],[-34.9520709,-8.1229671],[-34.9514628,-8.1227559]],[[-34.9483615,-8.1220701],[-34.9493172,-8.1225375],[-34.9479322,-8.1223793],[-34.9483615,-8.1220701]],[[-34.95048681054004,-8.121569782613848],[-34.9505098,-8.1215717],[-34.95041316801775,-8.122486415789476],[-34.95048681054004,-8.121569782613848]],[[-34.949846,-8.1214843],[-34.9500494,-8.1216399],[-34.9498368,-8.121768],[-34.949846,-8.1214843]],[[-34.9497806,-8.1222414],[-34.9480095,-8.1211847],[-34.9486079,-8.1209618],[-34.9497806,-8.1222414]],[[-34.9514098,-8.1211211],[-34.9513951,-8.1219542],[-34.9512465,-8.1220518],[-34.9514098,-8.1211211]],[[-34.9475898,-8.1215478],[-34.9479297,-8.1211372],[-34.9480837,-8.121528],[-34.9475898,-8.1215478]],[[-34.9513095,-8.1194668],[-34.9510874,-8.1201334],[-34.9508966,-8.1205449],[-34.9513095,-8.1194668]],[[-34.9483326,-8.1196708],[-34.948296,-8.1199062],[-34.9481171,-8.1196165],[-34.9483326,-8.1196708]],[[-34.9499756,-8.1203218],[-34.9493882,-8.1196155],[-34.9495276,-8.1190552],[-34.9499756,-8.1203218]],[[-34.947609,-8.1197151],[-34.9477025,-8.1194152],[-34.9481009,-8.119542],[-34.947609,-8.1197151]],[[-34.9476822,-8.1187918],[-34.9490564,-8.1188361],[-34.9492759,-8.1193392],[-34.9476822,-8.1187918]],[[-34.9517933,-8.1185692],[-34.9519751,-8.1187613],[-34.9516146,-8.1192951],[-34.9517933,-8.1185692]],[[-34.9522062,-8.117477],[-34.9522136,-8.118443],[-34.952641,-8.1182955],[-34.9532114,-8.1191334],[-34.95194,-8.1186183],[-34.9522062,-8.117477]],[[-34.9498966,-8.1180133],[-34.95093,-8.1186194],[-34.9495887,-8.1179607],[-34.9488985,-8.1165697],[-34.9483977,-8.1171899],[-34.9488124,-8.1178742],[-34.9482677,-8.1181599],[-34.9481144,-8.1168409],[-34.9493315,-8.1163438],[-34.9498966,-8.1180133]],[[-34.9507928,-8.1173576],[-34.9504378,-8.117376],[-34.9505488,-8.1169024],[-34.9507928,-8.1173576]],[[-34.9509619,-8.1173714],[-34.9508067,-8.1170454],[-34.9512235,-8.1171659],[-34.9509619,-8.1173714]],[[-34.9485241,-8.1162857],[-34.9481407,-8.1166397],[-34.9482622,-8.1162106],[-34.9485241,-8.1162857]],[[-34.947821,-8.1161078],[-34.9477464,-8.1163766],[-34.9475218,-8.1160118],[-34.947821,-8.1161078]],[[-34.950049,-8.1164661],[-34.9503793,-8.1159171],[-34.9508843,-8.1158774],[-34.950049,-8.1164661]],[[-34.948666,-8.1160473],[-34.9494122,-8.1162748],[-34.9486286,-8.1162434],[-34.948666,-8.1160473]],[[-34.9526703,-8.1160049],[-34.9526038,-8.1162506],[-34.9524658,-8.1159966],[-34.9526703,-8.1160049]],[[-34.9515903,-8.1167104],[-34.9510723,-8.1163469],[-34.9518593,-8.1162865],[-34.9522521,-8.1151197],[-34.9520433,-8.1161954],[-34.9515903,-8.1167104]],[[-34.9500974,-8.1157406],[-34.950325,-8.1153028],[-34.9504761,-8.1157209],[-34.9500974,-8.1157406]],[[-34.9499832,-8.1149343],[-34.9506855,-8.1150863],[-34.9499295,-8.1151565],[-34.9499832,-8.1149343]],[[-34.950975,-8.1143983],[-34.9509452,-8.1146546],[-34.9507323,-8.1143626],[-34.950975,-8.1143983]],[[-34.9502815,-8.114269],[-34.9502494,-8.1145254],[-34.950079,-8.1145081],[-34.9502815,-8.114269]],[[-34.9467766,-8.1139093],[-34.9468181,-8.1134872],[-34.9477704,-8.1138629],[-34.9480596,-8.1143041],[-34.9467766,-8.1139093]],[[-34.9509525,-8.1132511],[-34.951206,-8.1133042],[-34.9508864,-8.1135279],[-34.9509525,-8.1132511]],[[-34.9468896,-8.1128173],[-34.9487208,-8.1141581],[-34.9467228,-8.1131136],[-34.9464321,-8.112681],[-34.9468896,-8.1128173]],[[-34.9504438,-8.1134379],[-34.9503637,-8.1131376],[-34.9505159,-8.1131942],[-34.9504438,-8.1134379]],[[-34.9511442,-8.1121391],[-34.9514251,-8.112199],[-34.951094,-8.1124226],[-34.9511442,-8.1121391]],[[-34.9505673,-8.1120374],[-34.9507242,-8.1120796],[-34.9506497,-8.1123352],[-34.9505673,-8.1120374]],[[-34.9492161,-8.1121639],[-34.9494521,-8.1116169],[-34.9496157,-8.1126233],[-34.9492161,-8.1121639]],[[-34.9513643,-8.1110556],[-34.9516068,-8.1110938],[-34.9513079,-8.1113252],[-34.9513643,-8.1110556]],[[-34.9507503,-8.110934],[-34.95094,-8.1109678],[-34.9507049,-8.11121],[-34.9507503,-8.110934]],[[-34.9477202,-8.1101552],[-34.9470898,-8.1109111],[-34.9472976,-8.1099425],[-34.9477202,-8.1101552]],[[-34.9511558,-8.1101384],[-34.9486055,-8.1096916],[-34.9505506,-8.1094225],[-34.9511558,-8.1101384]],[[-34.9476759,-8.1098871],[-34.9474213,-8.109746],[-34.9475428,-8.1090687],[-34.9476759,-8.1098871]],[[-34.9482176,-8.10893],[-34.948325,-8.1091127],[-34.9480144,-8.109041],[-34.9482176,-8.10893]],[[-34.949758,-8.1075174],[-34.9497721,-8.1072382],[-34.9503429,-8.1072775],[-34.949758,-8.1075174]],[[-34.9495603,-8.1070538],[-34.9494289,-8.1059637],[-34.9497619,-8.1070803],[-34.9495603,-8.1070538]],[[-34.9505325,-8.1061949],[-34.9506154,-8.1061166],[-34.9507724,-8.1065486],[-34.9505325,-8.1061949]],[[-34.9509369,-8.1055823],[-34.9506984,-8.1059511],[-34.9506843,-8.1053877],[-34.9515685,-8.1059637],[-34.9509369,-8.1055823]],[[-34.949767,-8.104333],[-34.9498257,-8.1040804],[-34.9500834,-8.1040753],[-34.949767,-8.104333]],[[-34.9477221,-8.1007212],[-34.9472353,-8.1003265],[-34.9478674,-8.099791],[-34.9485611,-8.1005122],[-34.9477221,-8.1007212]],[[-34.9495282,-8.0954229],[-34.9491266,-8.0953304],[-34.9481302,-8.0937929],[-34.9489467,-8.0934909],[-34.9487509,-8.0928152],[-34.9511207,-8.0918489],[-34.9517652,-8.0922974],[-34.9520967,-8.0916732],[-34.9524283,-8.0926303],[-34.9489538,-8.0945583],[-34.9495282,-8.0954229]],[[-34.9472338,-8.0924336],[-34.9477853,-8.0923441],[-34.94795,-8.0936788],[-34.9472338,-8.0924336]],[[-34.952527,-8.0832202],[-34.9532275,-8.0833728],[-34.952541,-8.0837103],[-34.952527,-8.0832202]],[[-34.9500872,-8.0771902],[-34.9511214,-8.0763625],[-34.9514274,-8.0770622],[-34.9500872,-8.0771902]],[[-34.94765688785673,-8.076326743411464],[-34.9492426,-8.0755049],[-34.9502984,-8.0756841],[-34.9484109,-8.076243],[-34.94835794570871,-8.07670701197746],[-34.9495995,-8.077334],[-34.9514289,-8.0771744],[-34.9514569,-8.0764585],[-34.9510755,-8.0758351],[-34.9514809,-8.0763268],[-34.9516908,-8.0770648],[-34.9507416,-8.077501],[-34.9496585,-8.0773932],[-34.9476278,-8.0775363],[-34.9488622,-8.0770798],[-34.9476005,-8.0763245],[-34.94832884416713,-8.076692315626174],[-34.94765688785673,-8.076326743411464]],[[-34.9496682,-8.0734815],[-34.9493346,-8.0728643],[-34.9521927,-8.0737589],[-34.9516904,-8.0746905],[-34.9510628,-8.0745735],[-34.9512175,-8.0757077],[-34.9491305,-8.0753854],[-34.9484454,-8.0756329],[-34.948329,-8.0746516],[-34.9490544,-8.0745025],[-34.9489673,-8.0739402],[-34.9496682,-8.0734815]],[[-34.9482904,-8.0693651],[-34.9510815,-8.070249],[-34.9509685,-8.0712557],[-34.9480068,-8.0705626],[-34.9482904,-8.0693651]],[[-34.9507649,-8.0597254],[-34.9508002,-8.0598725],[-34.9501772,-8.0596654],[-34.9507649,-8.0597254]],[[-34.9503778,-8.0593484],[-34.9501126,-8.0594238],[-34.950341,-8.0591739],[-34.9503778,-8.0593484]],[[-34.9491417,-8.0593652],[-34.9489939,-8.0588819],[-34.9494694,-8.0592718],[-34.9491417,-8.0593652]],[[-34.9496609,-8.0569298],[-34.9467949,-8.0572537],[-34.9483921,-8.0565509],[-34.9484321,-8.055654],[-34.9496609,-8.0569298]],[[-34.950048,-8.0570131],[-34.9496815,-8.0553991],[-34.9505715,-8.0567297],[-34.950048,-8.0570131]],[[-34.9495137,-8.0543766],[-34.9523031,-8.0536577],[-34.9525051,-8.0551763],[-34.9502466,-8.0553513],[-34.9495137,-8.0543766]],[[-34.9465271,-8.0483158],[-34.946816,-8.048199],[-34.9486752,-8.0480741],[-34.9484761,-8.0473575],[-34.9493938,-8.0479775],[-34.9496342,-8.0473736],[-34.949721,-8.0480222],[-34.9505766,-8.0479384],[-34.9499194,-8.048156],[-34.9504909,-8.0514524],[-34.95006332115592,-8.051527304998885],[-34.9500537,-8.0529943],[-34.9507416,-8.0532184],[-34.9532973,-8.0520671],[-34.95272417963295,-8.052456581900493],[-34.9532983,-8.0521298],[-34.9534223,-8.0532205],[-34.9509858,-8.0539765],[-34.951829267814546,-8.052965954153377],[-34.9508258,-8.053298],[-34.950098,-8.0532499],[-34.9499473,-8.0531014],[-34.949875,-8.0514367],[-34.9497946,-8.0490472],[-34.9485343,-8.0483301],[-34.9467912,-8.0482659],[-34.945824,-8.0493881],[-34.9465271,-8.0483158]],[[-34.9489869,-8.0526412],[-34.9492364,-8.0526046],[-34.9490785,-8.0531044],[-34.9495259,-8.0530371],[-34.9495153,-8.0525721],[-34.9495904,-8.0530926],[-34.9490593,-8.0531776],[-34.9489869,-8.0526412]],[[-34.9509494,-8.0507516],[-34.9511996,-8.0507268],[-34.9509932,-8.0511952],[-34.9509494,-8.0507516]],[[-34.9507103,-8.0496093],[-34.9506842,-8.0493493],[-34.9512125,-8.0495518],[-34.9507103,-8.0496093]],[[-34.9499252,-8.0473044],[-34.9502653,-8.0472671],[-34.9499587,-8.047985],[-34.9499252,-8.0473044]],[[-34.9511154,-8.0474656],[-34.9506967,-8.0473629],[-34.9511063,-8.0473297],[-34.9511154,-8.0474656]],[[-34.949571,-8.046921],[-34.949537,-8.0465479],[-34.9499508,-8.0468846],[-34.949571,-8.046921]],[[-34.9496404,-8.0212118],[-34.9499178,-8.0212653],[-34.9494345,-8.0215255],[-34.9496404,-8.0212118]],[[-34.9521913,-8.0210206],[-34.9516363,-8.0201994],[-34.9528388,-8.0199593],[-34.9521913,-8.0210206]],[[-34.9521134,-8.0177265],[-34.9514537,-8.0182574],[-34.954169,-8.0195834],[-34.9496802,-8.0201399],[-34.9500247,-8.0183522],[-34.9513215,-8.0169008],[-34.9521134,-8.0177265]],[[-34.9481297,-8.0197751],[-34.9465032,-8.0192418],[-34.9472069,-8.01867],[-34.9467517,-8.0166094],[-34.94599,-8.0169015],[-34.9454992,-8.0163199],[-34.946285,-8.0160782],[-34.9472587,-8.0151016],[-34.947722,-8.0150849],[-34.94903,-8.0159973],[-34.9485901,-8.0165502],[-34.9497812,-8.0176543],[-34.9488626,-8.0180054],[-34.949471,-8.0185489],[-34.9491479,-8.0191623],[-34.9481297,-8.0197751]],[[-34.9504077,-8.0166686],[-34.9508606,-8.017018],[-34.9506722,-8.0172515],[-34.9500697,-8.0167748],[-34.9504077,-8.0166686]],[[-34.9507021,-8.0168489],[-34.9509518,-8.0166198],[-34.9510722,-8.0171331],[-34.9507021,-8.0168489]],[[-34.9490589,-8.0142667],[-34.9487382,-8.0140543],[-34.9492645,-8.0141104],[-34.9490589,-8.0142667]],[[-34.9485692,-8.013934],[-34.9477386,-8.014384],[-34.9483434,-8.0138706],[-34.9485692,-8.013934]],[[-34.9489258,-8.0139675],[-34.9486415,-8.0139755],[-34.9491806,-8.0135213],[-34.9489258,-8.0139675]],[[-34.9392994,-8.0073415],[-34.9387737,-8.0072937],[-34.9390043,-8.0065022],[-34.9381782,-8.0057904],[-34.9391486,-7.9994262],[-34.9398626,-7.9991183],[-34.9396856,-7.9981621],[-34.9403079,-7.9980293],[-34.9393621,-7.995099],[-34.9401523,-7.9941141],[-34.9446096,-7.9923985],[-34.9521257,-7.993907],[-34.9580909,-7.9989058],[-34.9587709,-8.0013144],[-34.9563998,-8.0023343],[-34.9580638,-8.0033946],[-34.9572592,-8.0042764],[-34.9580746,-8.0047545],[-34.9577302,-8.0061591],[-34.9585027,-8.0075083],[-34.9577742,-8.0072831],[-34.9577098,-8.0065819],[-34.9554199,-8.0083854],[-34.9552381,-8.0073681],[-34.9529462,-8.0073787],[-34.9519044,-8.0089851],[-34.9522595,-8.0093654],[-34.9517338,-8.0095036],[-34.951207,-8.0110462],[-34.9503713,-8.0111923],[-34.9498456,-8.0127115],[-34.9493198,-8.0126371],[-34.9490516,-8.0117766],[-34.9496846,-8.0105654],[-34.9489229,-8.0107354],[-34.9485259,-8.0094504],[-34.9473983,-8.0104619],[-34.9477202,-8.0098457],[-34.9462407,-8.0098754],[-34.9455492,-8.0085906],[-34.944877,-8.010345],[-34.9461119,-8.0111391],[-34.9448005,-8.0129207],[-34.9440093,-8.0131792],[-34.9446638,-8.0139123],[-34.9442561,-8.0147357],[-34.9440523,-8.0141567],[-34.9438269,-8.0147569],[-34.943548,-8.0142948],[-34.9418904,-8.0143798],[-34.9398305,-8.0115113],[-34.9404313,-8.010656],[-34.9393432,-8.0103346],[-34.9395515,-8.0082287],[-34.9392994,-8.0073415]],[[-34.9519932,-7.9934329],[-34.9525107,-7.9939846],[-34.9493778,-7.9931187],[-34.9493725,-7.9925078],[-34.9521834,-7.99229],[-34.9519932,-7.9934329]],[[-34.9412907,-8.1576543],[-34.9417036,-8.1566296],[-34.944699,-8.157509],[-34.9443902,-8.1586059],[-34.9412907,-8.1576543]],[[-34.9396534,-8.1558042],[-34.9404288,-8.1556098],[-34.9403939,-8.1561408],[-34.9396534,-8.1558042]],[[-34.9436757,-8.1559838],[-34.9431734,-8.1558233],[-34.9434399,-8.1550968],[-34.9436757,-8.1559838]],[[-34.9434918,-8.1510404],[-34.94636,-8.1514701],[-34.9454613,-8.154789],[-34.94449,-8.1544931],[-34.9446576,-8.1531787],[-34.9431309,-8.1527352],[-34.9434918,-8.1510404]],[[-34.9388828,-8.1526509],[-34.9390976,-8.1522025],[-34.9394105,-8.1527572],[-34.9388828,-8.1526509]],[[-34.943383,-8.1508287],[-34.9429512,-8.1522908],[-34.9428847,-8.1521545],[-34.943383,-8.1508287]],[[-34.9425623,-8.1509851],[-34.9422513,-8.1510877],[-34.9426619,-8.150639],[-34.9425623,-8.1509851]],[[-34.9415988,-8.1505042],[-34.9422656,-8.1508422],[-34.941731,-8.1508765],[-34.9415988,-8.1505042]],[[-34.9424302,-8.1502265],[-34.9423408,-8.1505002],[-34.9421517,-8.1502728],[-34.9424302,-8.1502265]],[[-34.940802,-8.1503955],[-34.941115,-8.15015],[-34.9412228,-8.1505082],[-34.940802,-8.1503955]],[[-34.9428307,-8.149973],[-34.9429526,-8.1501339],[-34.9425867,-8.1501299],[-34.9428307,-8.149973]],[[-34.9402715,-8.1502406],[-34.9401271,-8.15014],[-34.9404259,-8.1499689],[-34.9402715,-8.1502406]],[[-34.9395722,-8.1497677],[-34.9395193,-8.1495323],[-34.9398486,-8.1496913],[-34.9395722,-8.1497677]],[[-34.9410297,-8.1498321],[-34.9402735,-8.1488803],[-34.9424201,-8.1501078],[-34.9410297,-8.1498321]],[[-34.9395437,-8.1485483],[-34.9390965,-8.1494236],[-34.9388241,-8.1490594],[-34.9395437,-8.1485483]],[[-34.9426473,-8.1494162],[-34.9422367,-8.1489494],[-34.9423424,-8.1483699],[-34.9426473,-8.1494162]],[[-34.9418952,-8.1477742],[-34.942257,-8.1483578],[-34.9416635,-8.1489896],[-34.9403501,-8.1482776],[-34.940017,-8.1486154],[-34.93996,-8.1481364],[-34.9418952,-8.1477742]],[[-34.9387896,-8.1479547],[-34.9395214,-8.1481499],[-34.9385274,-8.1482727],[-34.9387896,-8.1479547]],[[-34.9389881,-8.1471193],[-34.9387843,-8.1470954],[-34.9387601,-8.1466202],[-34.9392778,-8.1464901],[-34.9389881,-8.1471193]],[[-34.9401308,-8.1455953],[-34.9404097,-8.1460838],[-34.939774,-8.1461954],[-34.9401308,-8.1455953]],[[-34.9407986,-8.1456484],[-34.940694,-8.1458767],[-34.9401683,-8.1453882],[-34.9407986,-8.1456484]],[[-34.9386824,-8.1453988],[-34.9395943,-8.1449076],[-34.9390793,-8.1459776],[-34.9386824,-8.1453988]],[[-34.9396882,-8.1451333],[-34.939833,-8.1448572],[-34.9398974,-8.1454413],[-34.9396882,-8.1451333]],[[-34.944159,-8.1418246],[-34.9430744,-8.1440328],[-34.9417434,-8.1444049],[-34.9408869,-8.1439108],[-34.9430128,-8.1433374],[-34.944159,-8.1418246]],[[-34.943717,-8.1409736],[-34.9436795,-8.1417489],[-34.943231,-8.1414012],[-34.943717,-8.1409736]],[[-34.9441783,-8.1409948],[-34.94435,-8.1415099],[-34.9438833,-8.1414515],[-34.9441783,-8.1409948]],[[-34.9453791,-8.1405281],[-34.9448994,-8.14085],[-34.9442286,-8.1408863],[-34.9453791,-8.1405281]],[[-34.9467335,-8.1390691],[-34.9469558,-8.1391914],[-34.9464076,-8.1406594],[-34.9467335,-8.1390691]],[[-34.9422772,-8.1399526],[-34.9420617,-8.1397835],[-34.9425455,-8.1395622],[-34.9422772,-8.1399526]],[[-34.9473004,-8.1392186],[-34.9474573,-8.1386172],[-34.9474439,-8.1391084],[-34.9473004,-8.1392186]],[[-34.945166,-8.1372027],[-34.9471563,-8.136553],[-34.947258,-8.1371539],[-34.9461339,-8.1372834],[-34.9467079,-8.1373015],[-34.9464881,-8.1381731],[-34.945166,-8.1372027]],[[-34.9400125,-8.1368973],[-34.9389557,-8.1367814],[-34.9393871,-8.1362202],[-34.9399232,-8.1361714],[-34.9400125,-8.1368973]],[[-34.9468275,-8.1361936],[-34.9470744,-8.1348688],[-34.9473172,-8.1349497],[-34.9473063,-8.1364736],[-34.9468275,-8.1361936]],[[-34.9443118,-8.1353014],[-34.9443626,-8.135561],[-34.9440008,-8.1359856],[-34.9443118,-8.1353014]],[[-34.9423486,-8.1356668],[-34.9420775,-8.1356302],[-34.9422654,-8.1354563],[-34.9423486,-8.1356668]],[[-34.9462478,-8.1357518],[-34.9458345,-8.1351046],[-34.9462431,-8.1353727],[-34.9462478,-8.1357518]],[[-34.9399848,-8.1353602],[-34.9397204,-8.1351913],[-34.9401816,-8.1350851],[-34.9399848,-8.1353602]],[[-34.9463832,-8.1351069],[-34.9461544,-8.1350537],[-34.946528,-8.134841],[-34.9463832,-8.1351069]],[[-34.9468409,-8.1345151],[-34.9462384,-8.1348919],[-34.9467008,-8.1344851],[-34.9468409,-8.1345151]],[[-34.9429624,-8.1342192],[-34.943484,-8.1341809],[-34.9430965,-8.1346774],[-34.9429624,-8.1342192]],[[-34.9419314,-8.1345241],[-34.9412452,-8.1342199],[-34.9419858,-8.1340228],[-34.9419314,-8.1345241]],[[-34.9447677,-8.1335332],[-34.9445666,-8.1340245],[-34.944242,-8.1334137],[-34.9447677,-8.1335332]],[[-34.9471797,-8.1332264],[-34.9474381,-8.1331196],[-34.9474239,-8.133582],[-34.9471797,-8.1332264]],[[-34.9409063,-8.1328123],[-34.9411909,-8.1326976],[-34.9411625,-8.1329009],[-34.9409063,-8.1328123]],[[-34.9433259,-8.1329563],[-34.9432088,-8.1324744],[-34.9435847,-8.1326788],[-34.9433259,-8.1329563]],[[-34.941689,-8.1330075],[-34.9413263,-8.1324591],[-34.9417884,-8.131535],[-34.9413454,-8.1313112],[-34.9418223,-8.1314343],[-34.9420719,-8.1323097],[-34.941689,-8.1330075]],[[-34.9475497,-8.131959],[-34.9474337,-8.1321179],[-34.9473421,-8.1317559],[-34.9475497,-8.131959]],[[-34.9412682,-8.1317337],[-34.9412865,-8.13211],[-34.9411401,-8.1320718],[-34.9412682,-8.1317337]],[[-34.9470929,-8.1311036],[-34.9474968,-8.1316095],[-34.9470103,-8.1311632],[-34.9470929,-8.1311036]],[[-34.94094,-8.1309815],[-34.9410661,-8.1313187],[-34.9407255,-8.1310107],[-34.94094,-8.1309815]],[[-34.9400158,-8.1309798],[-34.9395411,-8.1309214],[-34.9400775,-8.1308338],[-34.9400158,-8.1309798]],[[-34.9406235,-8.1289644],[-34.9405557,-8.128879],[-34.9412089,-8.1284916],[-34.9406235,-8.1289644]],[[-34.9468746,-8.1287162],[-34.947078,-8.1284478],[-34.9470465,-8.1289622],[-34.9468746,-8.1287162]],[[-34.9410281,-8.1249032],[-34.9409468,-8.1252956],[-34.9407822,-8.1250803],[-34.9410281,-8.1249032]],[[-34.9418534,-8.1249254],[-34.9418189,-8.1245129],[-34.9421846,-8.1248181],[-34.9418534,-8.1249254]],[[-34.9467579,-8.1234371],[-34.9461914,-8.1240244],[-34.946739,-8.1233043],[-34.9467579,-8.1234371]],[[-34.9413041,-8.1230566],[-34.9416295,-8.1228395],[-34.9414077,-8.1232088],[-34.9413041,-8.1230566]],[[-34.9398243,-8.1222399],[-34.9398572,-8.122431],[-34.9396332,-8.1223833],[-34.9398243,-8.1222399]],[[-34.9472533,-8.1221888],[-34.9470635,-8.1223803],[-34.9468412,-8.1221493],[-34.9472533,-8.1221888]],[[-34.9427112,-8.1213621],[-34.9427961,-8.1217405],[-34.9425979,-8.1212675],[-34.9427112,-8.1213621]],[[-34.9394502,-8.1215638],[-34.9393564,-8.1213483],[-34.9395475,-8.1212554],[-34.9394502,-8.1215638]],[[-34.9397823,-8.1209876],[-34.9398324,-8.1213255],[-34.9396767,-8.1210435],[-34.9397823,-8.1209876]],[[-34.9460037,-8.1211835],[-34.9458461,-8.1210567],[-34.946107,-8.1208203],[-34.9460037,-8.1211835]],[[-34.9444402,-8.1212909],[-34.9436665,-8.121129],[-34.9450826,-8.1207493],[-34.9444402,-8.1212909]],[[-34.9471607,-8.1200406],[-34.9474505,-8.120128],[-34.9470752,-8.1203401],[-34.9471607,-8.1200406]],[[-34.9436175,-8.1201989],[-34.9434942,-8.1206706],[-34.9430788,-8.1205999],[-34.9430802,-8.1195185],[-34.9436175,-8.1201989]],[[-34.9467798,-8.1173114],[-34.9470743,-8.1174054],[-34.9466835,-8.11761],[-34.9467798,-8.1173114]],[[-34.942976,-8.1170683],[-34.9434212,-8.1172303],[-34.9432303,-8.1176711],[-34.942976,-8.1170683]],[[-34.9447741,-8.1169435],[-34.9452788,-8.1168946],[-34.9451868,-8.1174306],[-34.944639,-8.1177255],[-34.9447741,-8.1169435]],[[-34.9461098,-8.1171316],[-34.9463164,-8.1172023],[-34.9460005,-8.1173786],[-34.9461098,-8.1171316]],[[-34.9466226,-8.1161126],[-34.9465454,-8.1164091],[-34.9463288,-8.1160363],[-34.9466226,-8.1161126]],[[-34.9448829,-8.1153516],[-34.9456861,-8.1152544],[-34.9449961,-8.1156809],[-34.9444602,-8.1168681],[-34.9448829,-8.1153516]],[[-34.9461406,-8.1157763],[-34.945781,-8.1155181],[-34.9462438,-8.115421],[-34.9461406,-8.1157763]],[[-34.9470327,-8.1149049],[-34.947007,-8.114546],[-34.9472641,-8.1148941],[-34.9470327,-8.1149049]],[[-34.9462712,-8.1149351],[-34.9457889,-8.1148714],[-34.9461747,-8.114325],[-34.9462712,-8.1149351]],[[-34.9448956,-8.114987],[-34.9448,-8.1149537],[-34.945138,-8.1140935],[-34.9448956,-8.114987]],[[-34.939242088560555,-8.114554154973568],[-34.9393217,-8.1143891],[-34.9394544,-8.1142994],[-34.939242088560555,-8.114554154973568]],[[-34.9374845,-8.1192905],[-34.9351106,-8.1211681],[-34.9337939,-8.1210915],[-34.93347639460669,-8.120773832310531],[-34.9337464,-8.1212055],[-34.9333172,-8.1215541],[-34.9337895,-8.1220525],[-34.9339446,-8.1214791],[-34.9343763,-8.1226883],[-34.9335061,-8.123515],[-34.9332025,-8.1231835],[-34.9325757,-8.1242582],[-34.9301888,-8.1240243],[-34.9316757,-8.1211012],[-34.9327946,-8.1201526],[-34.9323886,-8.1192469],[-34.9331,-8.1182238],[-34.9321762,-8.117446],[-34.930586,-8.1171671],[-34.9346201,-8.1142675],[-34.9348137,-8.1132133],[-34.9355486,-8.1130752],[-34.9362908,-8.1114331],[-34.936879,-8.1126716],[-34.9350599,-8.1141294],[-34.9358596,-8.1153039],[-34.9341587,-8.1163705],[-34.9338689,-8.1176353],[-34.9343316,-8.1167768],[-34.9346891,-8.1172253],[-34.9341016,-8.117926],[-34.93470789456483,-8.119994787256637],[-34.939242088560555,-8.114554154973568],[-34.9374845,-8.1192905]],[[-34.9457623,-8.1118565],[-34.9444132,-8.1152973],[-34.9439925,-8.1159902],[-34.943546,-8.1164244],[-34.9457623,-8.1118565]],[[-34.9392792,-8.1130934],[-34.9390282,-8.1129693],[-34.939141,-8.1127211],[-34.9392792,-8.1130934]],[[-34.9394872,-8.1129465],[-34.9400059,-8.1112462],[-34.9404934,-8.1125541],[-34.9399894,-8.1136852],[-34.9394872,-8.1129465]],[[-34.9452245,-8.0958609],[-34.9464746,-8.0958375],[-34.94516982421308,-8.096336031270086],[-34.9472285,-8.0957307],[-34.9486154,-8.0945693],[-34.9471447,-8.0959767],[-34.947923,-8.0983244],[-34.946427,-8.0981109],[-34.9469658,-8.0986134],[-34.9469497,-8.0997869],[-34.9459136,-8.1011119],[-34.9470112,-8.1008318],[-34.946397,-8.1028339],[-34.9472839,-8.1039271],[-34.9475254,-8.1056456],[-34.9465212,-8.1057242],[-34.9462348,-8.1046685],[-34.9456516,-8.1047163],[-34.9461313,-8.1072411],[-34.9450554,-8.1064148],[-34.9446536,-8.1068438],[-34.9456845,-8.1080166],[-34.9471079,-8.107921],[-34.9465685,-8.109258],[-34.9449238,-8.1095426],[-34.9465673,-8.1080364],[-34.9456871,-8.1084368],[-34.9444738,-8.1078401],[-34.9445451,-8.1084156],[-34.9430783,-8.1090227],[-34.9429341,-8.108371],[-34.9435761,-8.1076045],[-34.9416579,-8.108352],[-34.9390995,-8.1084553],[-34.9389698,-8.1080415],[-34.9373708,-8.1095309],[-34.937551190277404,-8.108938343631497],[-34.9365273,-8.111023],[-34.9375578,-8.1087747],[-34.93714642108208,-8.107714619690281],[-34.9358075,-8.1069317],[-34.934930623196266,-8.10728954689317],[-34.9343752,-8.1085379],[-34.9276946,-8.1069621],[-34.9289241,-8.1068613],[-34.9279171,-8.1068995],[-34.9286448,-8.1064322],[-34.9285981,-8.102798],[-34.928093233287115,-8.102570146945471],[-34.9269718,-8.1023083],[-34.92569085024852,-8.10231490843926],[-34.9277202,-8.1024834],[-34.925609,-8.1025952],[-34.9237588,-8.1006151],[-34.922432,-8.1020667],[-34.9224667,-8.1039634],[-34.9235847,-8.1042149],[-34.9238809,-8.1037577],[-34.9245805,-8.1038979],[-34.924561,-8.1043649],[-34.9228446,-8.1046972],[-34.9219007,-8.1043086],[-34.9214428,-8.1049105],[-34.9179945,-8.1043945],[-34.9169033,-8.1049999],[-34.9176695,-8.1043341],[-34.9167882,-8.1049412],[-34.9162711,-8.1056292],[-34.9165638,-8.1052581],[-34.9160044,-8.1069501],[-34.9162582,-8.1152889],[-34.9159553,-8.106834],[-34.9161652,-8.1053226],[-34.91633810391484,-8.105404612915324],[-34.91712830424894,-8.104563377508258],[-34.9164858,-8.1051505],[-34.9164018,-8.1047369],[-34.9174423050717,-8.10411596851298],[-34.9172089,-8.10359],[-34.91779491627913,-8.104148073909112],[-34.9193218,-8.1041971],[-34.9218424,-8.1037888],[-34.9222957,-8.1028727],[-34.9216211,-8.1022392],[-34.9194356,-8.1027328],[-34.9191226,-8.1019817],[-34.9202461,-8.1016531],[-34.9197875,-8.100712],[-34.9172491,-8.1017241],[-34.9185355,-8.1029428],[-34.9174154,-8.1036686],[-34.9155041,-8.1021706],[-34.9170736,-8.1012549],[-34.9165767,-8.1007611],[-34.9168476,-8.1000762],[-34.9173328,-8.1003673],[-34.9179373,-8.0998866],[-34.9181586,-8.1003743],[-34.9184104,-8.0986809],[-34.9207864,-8.0977068],[-34.9200485,-8.0973258],[-34.9197422,-8.095926],[-34.9199688,-8.0950251],[-34.9195103,-8.0911726],[-34.9205915,-8.0923822],[-34.9215112662444,-8.092446891313191],[-34.9229312,-8.0921544],[-34.9251851,-8.0906088],[-34.9229654,-8.092189],[-34.92156816393899,-8.092468590042364],[-34.9219408,-8.0926107],[-34.9213019,-8.0931948],[-34.9205146,-8.0929427],[-34.92145,-8.0945572],[-34.9203462,-8.095528],[-34.9202124,-8.0962438],[-34.9218826,-8.0972763],[-34.9222802,-8.0972492],[-34.9221978,-8.097741],[-34.9225223,-8.0973639],[-34.922933762890196,-8.098860943630989],[-34.9229117,-8.0978843],[-34.9233818,-8.0976609],[-34.9232775,-8.0983724],[-34.9238731,-8.098619],[-34.9231758,-8.0991198],[-34.9243619,-8.0990971],[-34.9237858,-8.0995643],[-34.9241377,-8.100774],[-34.923354313671176,-8.099775692867661],[-34.9237889,-8.1004773],[-34.924996,-8.101754],[-34.9287787,-8.1024293],[-34.9319936365095,-8.10458504594755],[-34.9376195,-8.1046365],[-34.9400713,-8.1005285],[-34.94274659278165,-8.099331196182526],[-34.9452245,-8.0958609]],[[-34.9418927,-8.0952309],[-34.940888,-8.0974794],[-34.9404255,-8.0971604],[-34.9405307,-8.0955183],[-34.9418927,-8.0952309]],[[-34.9393887,-8.0940345],[-34.9405689,-8.0939336],[-34.9406681,-8.0949427],[-34.9396408,-8.0950011],[-34.9393887,-8.0940345]],[[-34.9446978,-8.0943975],[-34.9447751,-8.0938381],[-34.945267,-8.0942526],[-34.9446978,-8.0943975]],[[-34.9439132,-8.0944579],[-34.9441531,-8.0934637],[-34.9443279,-8.0944177],[-34.9439132,-8.0944579]],[[-34.9466665,-8.0929219],[-34.94701,-8.092519],[-34.9477735,-8.0938595],[-34.9466665,-8.0929219]],[[-34.9410525,-8.0929251],[-34.9408416,-8.0929366],[-34.9410052,-8.0919286],[-34.9410525,-8.0929251]],[[-34.9469855,-8.0924724],[-34.9464694,-8.0922738],[-34.9466567,-8.0902609],[-34.9469855,-8.0924724]],[[-34.9405159,-8.0897175],[-34.9401907,-8.089663],[-34.9405632,-8.0893694],[-34.9405159,-8.0897175]],[[-34.9401762,-8.0856595],[-34.9407687,-8.0848536],[-34.9429331,-8.0800651],[-34.9422707,-8.081796],[-34.9404811,-8.0854405],[-34.9397189,-8.0860038],[-34.9383737,-8.0864031],[-34.9401762,-8.0856595]],[[-34.9402607,-8.0806981],[-34.9400676,-8.0804232],[-34.9404359,-8.0802733],[-34.9402607,-8.0806981]],[[-34.9460594,-8.07847],[-34.9471962,-8.0783076],[-34.9461216,-8.0788732],[-34.9460594,-8.07847]],[[-34.9395598,-8.0782124],[-34.9399241,-8.0782872],[-34.9397331,-8.0786157],[-34.9395598,-8.0782124]],[[-34.9436702,-8.0796066],[-34.9428349,-8.0793063],[-34.9428184,-8.0798538],[-34.9427163,-8.0789508],[-34.9416883,-8.07778],[-34.9414517,-8.0770028],[-34.9388154,-8.0763644],[-34.9370496,-8.0767352],[-34.9359555,-8.07669],[-34.934931,-8.0778773],[-34.934385,-8.0777184],[-34.9349029,-8.077792],[-34.9358981,-8.0766357],[-34.9386723,-8.0762689],[-34.9415499,-8.0769965],[-34.9417361,-8.0777708],[-34.9427826,-8.0789303],[-34.9428255,-8.0792045],[-34.9436702,-8.0796066]],[[-34.9451816,-8.0750653],[-34.9457958,-8.0747387],[-34.9458253,-8.0757319],[-34.9455088,-8.0761355],[-34.9431477,-8.0768241],[-34.9431619,-8.0757742],[-34.9438984,-8.0762513],[-34.9455318,-8.0760456],[-34.9457529,-8.0755513],[-34.9451816,-8.0750653]],[[-34.9421918,-8.0717694],[-34.9418776,-8.0715527],[-34.9421862,-8.0713278],[-34.9421918,-8.0717694]],[[-34.9453019,-8.0715801],[-34.9452954,-8.0714419],[-34.9454336,-8.0714335],[-34.9453019,-8.0715801]],[[-34.9427397,-8.0681351],[-34.9425388,-8.0694041],[-34.9424973,-8.0714865],[-34.9424187,-8.0691514],[-34.9427397,-8.0681351]],[[-34.9431559,-8.067264],[-34.9479743,-8.0691615],[-34.9430099,-8.0696122],[-34.9426202,-8.0702885],[-34.9431559,-8.067264]],[[-34.945918,-8.0586285],[-34.9457656,-8.0592166],[-34.9457041,-8.0586702],[-34.945918,-8.0586285]],[[-34.9421492,-8.057444],[-34.9420334,-8.0566385],[-34.9430156,-8.0563667],[-34.943662,-8.0578046],[-34.9429638,-8.0580121],[-34.9427045,-8.0572582],[-34.9421492,-8.057444]],[[-34.9420085,-8.052829],[-34.943145,-8.0536162],[-34.9416037,-8.0540408],[-34.9414789,-8.0533024],[-34.9420085,-8.052829]],[[-34.9391921,-8.0508771],[-34.9395184,-8.0509294],[-34.9389448,-8.0516646],[-34.9391921,-8.0508771]],[[-34.9461934,-8.0499523],[-34.9460048,-8.0494988],[-34.9461292,-8.0497266],[-34.9461934,-8.0499523]],[[-34.9425114,-8.0490259],[-34.9425436,-8.0491985],[-34.9419937,-8.0494375],[-34.9418677,-8.0488108],[-34.9425114,-8.0490259]],[[-34.9431939,-8.0490236],[-34.9437423,-8.0485874],[-34.9441028,-8.0495239],[-34.9431939,-8.0490236]],[[-34.947042,-8.0486055],[-34.9473446,-8.0489119],[-34.9471731,-8.0490506],[-34.947042,-8.0486055]],[[-34.9397199,-8.0493634],[-34.9400837,-8.0479534],[-34.9403371,-8.0479451],[-34.9397199,-8.0493634]],[[-34.9422394,-8.0486696],[-34.944001,-8.0495367],[-34.9449398,-8.0496465],[-34.9439642,-8.0495854],[-34.9422695,-8.0487605],[-34.9405267,-8.0469764],[-34.9422394,-8.0486696]],[[-34.9440113,-8.0487897],[-34.9432639,-8.0478212],[-34.943938,-8.0478862],[-34.9440113,-8.0487897]],[[-34.940611,-8.047805],[-34.9401432,-8.047817],[-34.9402285,-8.0471938],[-34.940611,-8.047805]],[[-34.9462445,-8.0259995],[-34.9453767,-8.0260593],[-34.9444862,-8.0251999],[-34.9456937,-8.0241164],[-34.9462445,-8.0259995]],[[-34.9412594,-8.0227409],[-34.9416494,-8.0224919],[-34.9416105,-8.0227084],[-34.9412594,-8.0227409]],[[-34.9450108,-8.020089],[-34.9453755,-8.0201952],[-34.9449625,-8.0203193],[-34.9450108,-8.020089]],[[-34.9443241,-8.0198605],[-34.944646,-8.0199641],[-34.9442544,-8.020073],[-34.9443241,-8.0198605]],[[-34.9456706,-8.0196188],[-34.9460568,-8.0197065],[-34.9455949,-8.0198998],[-34.9456706,-8.0196188]],[[-34.9443965,-8.0196029],[-34.9447238,-8.0197038],[-34.9443348,-8.0198287],[-34.9443965,-8.0196029]],[[-34.940855,-8.0195909],[-34.9416691,-8.018442],[-34.9424211,-8.0204568],[-34.9398808,-8.0207752],[-34.9407673,-8.0198075],[-34.9413578,-8.0203581],[-34.940855,-8.0195909]],[[-34.9444233,-8.0194887],[-34.9444931,-8.0192762],[-34.9447667,-8.019587],[-34.9444233,-8.0194887]],[[-34.9461364,-8.0182908],[-34.9447524,-8.0181367],[-34.9461096,-8.0180995],[-34.9461364,-8.0182908]],[[-34.9451169,-8.0176167],[-34.9451867,-8.0174019],[-34.9453233,-8.0176825],[-34.9451169,-8.0176167]],[[-34.9404104,-8.0157685],[-34.9405022,-8.0156664],[-34.940754,-8.0161482],[-34.9404104,-8.0157685]],[[-34.9433143,-8.015694],[-34.9443692,-8.0151898],[-34.9448171,-8.0160456],[-34.9433143,-8.015694]],[[-34.9430107,-8.0149346],[-34.9420691,-8.0153277],[-34.9418902,-8.0145789],[-34.9430107,-8.0149346]],[[-34.9461421,-8.01606],[-34.9452996,-8.0146908],[-34.9459294,-8.0123546],[-34.9483377,-8.0098629],[-34.94833359809202,-8.01200038555771],[-34.948745,-8.0117769],[-34.9492499,-8.0132521],[-34.947947,-8.0133256],[-34.9468792,-8.0142349],[-34.9473242,-8.0149524],[-34.9461421,-8.01606]],[[-34.9454254,-8.0102253],[-34.9457183,-8.0094593],[-34.9459383,-8.0101459],[-34.9470537,-8.0104978],[-34.9465578,-8.0112439],[-34.9454254,-8.0102253]],[[-34.938815,-7.9876059],[-34.9378602,-7.9880096],[-34.9373559,-7.9874784],[-34.9379996,-7.9866709],[-34.9402849,-7.9865434],[-34.941626,-7.9878184],[-34.9425594,-7.9877759],[-34.9424843,-7.9891996],[-34.9405316,-7.9891252],[-34.9399201,-7.9876377],[-34.9398665,-7.9881052],[-34.938815,-7.9876059]],[[-34.9389362,-7.9646445],[-34.937385,-7.9648544],[-34.9380716,-7.9639477],[-34.9409874,-7.9650558],[-34.9389362,-7.9646445]],[[-34.9387194,-8.1517864],[-34.9382103,-8.1525908],[-34.9376032,-8.1525631],[-34.9387194,-8.1517864]],[[-34.9351014,-8.1524218],[-34.93511311814546,-8.15189852337263],[-34.9332244,-8.1549741],[-34.9308758,-8.1520251],[-34.9306949,-8.1530903],[-34.9319019,-8.1539997],[-34.9314982,-8.1561296],[-34.9295126,-8.1563595],[-34.9267177,-8.1554093],[-34.928823,-8.1538638],[-34.92915416914863,-8.153042219564723],[-34.9283636,-8.1526363],[-34.929502,-8.1510788],[-34.9327633,-8.1494788],[-34.9338528,-8.1498915],[-34.9336383,-8.1485628],[-34.9330428,-8.1482428],[-34.9320022,-8.1490248],[-34.9314335,-8.1482335],[-34.9314764,-8.1490354],[-34.9304142,-8.1486902],[-34.930028,-8.1496886],[-34.9293574,-8.1487008],[-34.9291268,-8.1504586],[-34.928542,-8.1504055],[-34.9287888,-8.1509896],[-34.9278124,-8.1524075],[-34.9271472,-8.1523438],[-34.9273404,-8.1531403],[-34.9261119,-8.1537722],[-34.9258115,-8.1529757],[-34.9252089,-8.1529594],[-34.9245306,-8.1551659],[-34.9218416,-8.1541639],[-34.9211376,-8.1547466],[-34.92211092090536,-8.153485120371819],[-34.921461,-8.1529075],[-34.9225005,-8.1526818],[-34.9235635,-8.1513095],[-34.9232101,-8.1503368],[-34.919961,-8.1512639],[-34.9201839,-8.1505564],[-34.92191,-8.1496473],[-34.9218671,-8.1491375],[-34.9197031,-8.1493072],[-34.9196217,-8.1478308],[-34.9190203,-8.1479031],[-34.919801,-8.1465723],[-34.9213993,-8.1462088],[-34.921155,-8.1447127],[-34.9222494,-8.1445322],[-34.9223245,-8.1449676],[-34.9237515,-8.1451322],[-34.9235583,-8.1442029],[-34.9260582,-8.1440755],[-34.9261226,-8.1450048],[-34.9267778,-8.145507],[-34.9279895,-8.1454137],[-34.9279674,-8.1462475],[-34.9290624,-8.1467944],[-34.929122,-8.1474061],[-34.930087,-8.1467094],[-34.9305001,-8.1472299],[-34.9336616,-8.1477919],[-34.9359961,-8.1533321],[-34.9363514,-8.1541961],[-34.9374143,-8.1535214],[-34.9362852,-8.1542605],[-34.9351014,-8.1524218]],[[-34.9351463,-8.1495223],[-34.9352702,-8.1503001],[-34.9349304,-8.1501845],[-34.9351463,-8.1495223]],[[-34.9359922,-8.149172],[-34.9355427,-8.1503842],[-34.9354153,-8.1492631],[-34.9359922,-8.149172]],[[-34.9351569,-8.1491825],[-34.9354047,-8.1489898],[-34.935164,-8.1494383],[-34.9351569,-8.1491825]],[[-34.9386087,-8.1484356],[-34.9386656,-8.1487516],[-34.9381777,-8.148987],[-34.9386087,-8.1484356]],[[-34.9370008,-8.1486831],[-34.9371695,-8.1484638],[-34.937387,-8.1485342],[-34.9370008,-8.1486831]],[[-34.9354788,-8.1487548],[-34.9353125,-8.1489167],[-34.9350765,-8.1482715],[-34.9355941,-8.1480804],[-34.9354788,-8.1487548]],[[-34.9378566,-8.1483572],[-34.9377732,-8.148657],[-34.9376878,-8.148337],[-34.9378566,-8.1483572]],[[-34.9344981,-8.147893],[-34.9347924,-8.1483872],[-34.9344137,-8.1485519],[-34.9344981,-8.147893]],[[-34.9373342,-8.1482666],[-34.9378484,-8.1478863],[-34.9377956,-8.1482706],[-34.9373342,-8.1482666]],[[-34.9354385,-8.1479768],[-34.9355324,-8.147629],[-34.9356612,-8.1479396],[-34.9354385,-8.1479768]],[[-34.9341441,-8.1475234],[-34.9341884,-8.1478387],[-34.9339813,-8.1475742],[-34.9341441,-8.1475234]],[[-34.9367071,-8.14769],[-34.9363532,-8.1473537],[-34.93673,-8.1468535],[-34.9367071,-8.14769]],[[-34.9379823,-8.1476344],[-34.9378562,-8.1473795],[-34.9384222,-8.146891],[-34.9388587,-8.1474939],[-34.9379823,-8.1476344]],[[-34.9359079,-8.1471325],[-34.9363934,-8.1467714],[-34.9361118,-8.147552],[-34.9359079,-8.1471325]],[[-34.9366429,-8.1469333],[-34.9357899,-8.1462058],[-34.9366938,-8.1463864],[-34.9366429,-8.1469333]],[[-34.9341265,-8.1468875],[-34.9342061,-8.1465406],[-34.93436,-8.1468349],[-34.9341265,-8.1468875]],[[-34.9344344,-8.1467719],[-34.9346096,-8.1465126],[-34.9348077,-8.146637],[-34.9344344,-8.1467719]],[[-34.9358945,-8.1467103],[-34.9356773,-8.1466174],[-34.9359991,-8.1464952],[-34.9358945,-8.1467103]],[[-34.933992,-8.146637],[-34.9336681,-8.1462884],[-34.933969,-8.1462411],[-34.933992,-8.146637]],[[-34.9374777,-8.1462053],[-34.9373724,-8.1455235],[-34.9376981,-8.1463797],[-34.9370752,-8.1468492],[-34.9374777,-8.1462053]],[[-34.9325336,-8.1457784],[-34.9328021,-8.1459471],[-34.9325103,-8.146102],[-34.9325336,-8.1457784]],[[-34.938397,-8.1451947],[-34.9390461,-8.1461424],[-34.9383083,-8.1463597],[-34.9381047,-8.1454518],[-34.9374985,-8.1457306],[-34.938397,-8.1451947]],[[-34.9378928,-8.1453057],[-34.9376755,-8.1454332],[-34.937823,-8.1451411],[-34.9378928,-8.1453057]],[[-34.9369057,-8.1453695],[-34.9372169,-8.1450747],[-34.9373456,-8.1454252],[-34.9369057,-8.1453695]],[[-34.9389151,-8.1423679],[-34.9387154,-8.1426984],[-34.9386538,-8.1422348],[-34.9389151,-8.1423679]],[[-34.9362752,-8.1420762],[-34.936306,-8.1423446],[-34.935927,-8.142305],[-34.9362752,-8.1420762]],[[-34.9381824,-8.1423019],[-34.9378589,-8.1418993],[-34.9380745,-8.1417011],[-34.9381824,-8.1423019]],[[-34.9378879,-8.1409735],[-34.9380327,-8.1408042],[-34.9380096,-8.141216],[-34.9378879,-8.1409735]],[[-34.9389588,-8.1411582],[-34.938854,-8.1410575],[-34.9390512,-8.1408013],[-34.9389588,-8.1411582]],[[-34.9384689,-8.1408715],[-34.938512,-8.1404445],[-34.9386014,-8.140536],[-34.9384689,-8.1408715]],[[-34.9382563,-8.1401029],[-34.9382656,-8.1403469],[-34.9378866,-8.1401761],[-34.9382563,-8.1401029]],[[-34.9376432,-8.1394319],[-34.937788,-8.1390384],[-34.9378527,-8.1393892],[-34.9376432,-8.1394319]],[[-34.938167,-8.1384681],[-34.9378003,-8.138767],[-34.9378927,-8.1381813],[-34.938167,-8.1384681]],[[-34.9380745,-8.1378946],[-34.9383487,-8.1378458],[-34.9383272,-8.1381295],[-34.9380745,-8.1378946]],[[-34.9017299,-8.0930143],[-34.9023146,-8.0926638],[-34.9024501,-8.0931776],[-34.9030498,-8.0934899],[-34.9035374,-8.0934346],[-34.9038057,-8.0940592],[-34.9033607207808,-8.093833233764293],[-34.9048305,-8.0950252],[-34.9031347,-8.0951201],[-34.9032331,-8.0944146],[-34.90306452274073,-8.093815867378565],[-34.9031795,-8.0944394],[-34.9017929,-8.0944124],[-34.901994,-8.094338],[-34.9018114,-8.093991],[-34.901385717708614,-8.094588877611097],[-34.9019404,-8.094581],[-34.9014745871363,-8.094860528354385],[-34.90158297604249,-8.095136113907317],[-34.90214148727355,-8.09587114673399],[-34.9024098,-8.0957149],[-34.9023843,-8.0962009],[-34.9028173,-8.0961366],[-34.9029889,-8.0958339],[-34.9047071,-8.0965621],[-34.9055799,-8.0963597],[-34.90508571503547,-8.097163527415308],[-34.9055198,-8.0966549],[-34.9057451,-8.097502],[-34.90503164847969,-8.097251470559891],[-34.904904,-8.0974591],[-34.9049915,-8.0978048],[-34.906047541609205,-8.098350832797976],[-34.90640030615899,-8.097999532888425],[-34.9054272,-8.097818],[-34.90641329870164,-8.097987487911093],[-34.90602,-8.0973361],[-34.906519412584856,-8.097889113069966],[-34.9069592,-8.0974814],[-34.9050816,-8.10117],[-34.9079368,-8.09582],[-34.9074326,-8.0924105],[-34.9077866,-8.0922406],[-34.9080488,-8.0951819],[-34.907624,-8.0983206],[-34.90618596996586,-8.099929442617299],[-34.9067485,-8.1000838],[-34.9067594,-8.1007272],[-34.9055068,-8.101553],[-34.9046013,-8.1031101],[-34.9056264,-8.1064627],[-34.9054134,-8.106458],[-34.9048962,-8.1083011],[-34.9042751,-8.1083139],[-34.9041348,-8.1088545],[-34.9035253,-8.1080862],[-34.9025434,-8.1096892],[-34.9025137,-8.1118198],[-34.9015986,-8.1120475],[-34.900706,-8.1113905],[-34.9021469,-8.1127667],[-34.9030119,-8.1144469],[-34.9058737,-8.1175637],[-34.9082716,-8.1190348],[-34.9096342,-8.1211696],[-34.9110767,-8.1328115],[-34.9085399,-8.1357205],[-34.9086364,-8.1388058],[-34.9095338,-8.1395283],[-34.9116244,-8.13922],[-34.912025,-8.1393783],[-34.9117049,-8.1416044],[-34.9143998,-8.1432104],[-34.9155239,-8.1443936],[-34.9213194,-8.1415737],[-34.9273507,-8.1411913],[-34.9325454,-8.1418765],[-34.9335895,-8.1413396],[-34.9372038,-8.1369338],[-34.9410995,-8.1377553],[-34.937554056592965,-8.137119716135592],[-34.9335917,-8.1414183],[-34.9325392,-8.1419517],[-34.9273608,-8.1412857],[-34.9215745,-8.1416175],[-34.9158106,-8.1443896],[-34.9153593,-8.144464],[-34.9114192,-8.1413818],[-34.9118878,-8.1393466],[-34.9096552,-8.1396523],[-34.9084491,-8.138843],[-34.9082341,-8.1358373],[-34.9108948,-8.1328528],[-34.9094419,-8.1211391],[-34.9080463,-8.1190348],[-34.9056216,-8.117569],[-34.9028797,-8.1146065],[-34.9019096,-8.1127195],[-34.9005495,-8.111835],[-34.900326396828845,-8.113420225698565],[-34.90167664755066,-8.114590442990805],[-34.90526197221537,-8.117697724366884],[-34.90473802778463,-8.118302275633116],[-34.90049622820292,-8.114626049328967],[-34.9010799,-8.1176762],[-34.90200998343614,-8.129216395099462],[-34.9026838,-8.1316204],[-34.9020333,-8.1295057],[-34.9027752,-8.1319623],[-34.9026973,-8.1336405],[-34.9067263,-8.1449569],[-34.9044377,-8.139915],[-34.9026,-8.1336476],[-34.9026708,-8.1320627],[-34.9020936,-8.1301937],[-34.901711,-8.127869],[-34.9004024019352,-8.114544733230277],[-34.889689822458905,-8.105260497684153],[-34.877657002829714,-8.085205798302171],[-34.878342997170286,-8.08479420169783],[-34.8887215872068,-8.102091851758695],[-34.8887541,-8.1005064],[-34.8902099,-8.0987956],[-34.8889841,-8.0978139],[-34.8899025,-8.0976299],[-34.8904705,-8.0982351],[-34.890183,-8.0974861],[-34.8913129,-8.0965378],[-34.8930877,-8.095537],[-34.8950215,-8.0929532],[-34.894866,-8.0940393],[-34.8926531,-8.0962672],[-34.8906511,-8.0971535],[-34.8905242,-8.0984047],[-34.889018,-8.1005353],[-34.88918144022166,-8.102858273450131],[-34.890310177541096,-8.104739502315848],[-34.90023370522808,-8.113339892977903],[-34.9003234,-8.1110534],[-34.9012364,-8.1100675],[-34.9000525,-8.1111119],[-34.8990048,-8.1071599],[-34.8985621,-8.1068837],[-34.8980955,-8.107521],[-34.8959621,-8.1070889],[-34.8943855,-8.1075653],[-34.8918248,-8.1049925],[-34.8930208,-8.1041486],[-34.8947712,-8.1041175],[-34.8966927,-8.1052055],[-34.8998014,-8.1030864],[-34.8993588,-8.1003168],[-34.900629,-8.099583],[-34.9008448,-8.098766],[-34.8999221,-8.0968913],[-34.9003607,-8.0936108],[-34.9000402,-8.0916467],[-34.9003854,-8.0903135],[-34.9008624,-8.0894174],[-34.9013256,-8.0892271],[-34.9015274,-8.0887712],[-34.9019503,-8.0890336],[-34.9009286,-8.0894455],[-34.90058575262581,-8.090195601357058],[-34.900516602848306,-8.09112764357131],[-34.901063,-8.0916192],[-34.9006974,-8.0919355],[-34.9012701,-8.091771],[-34.900897230345535,-8.092142365077173],[-34.9013164,-8.0928741],[-34.900775527932716,-8.09272919692207],[-34.900843,-8.0929918],[-34.9013266,-8.0929016],[-34.9013927,-8.0926166],[-34.9017299,-8.0930143]],[[-34.9014475,-8.1135866],[-34.9020108,-8.1139866],[-34.90167664755066,-8.114590442990805],[-34.9014475,-8.1135866]],[[-34.90291935161258,-8.116726089617343],[-34.9028732,-8.1170683],[-34.9026874,-8.1168592],[-34.90291935161258,-8.116726089617343]],[[-34.88185710749174,-8.090651052233587],[-34.8818434,-8.0904402],[-34.8827226,-8.0894968],[-34.88185710749174,-8.090651052233587]],[[-34.9011198,-8.0915817],[-34.901154,-8.0915591],[-34.9013025,-8.0917466],[-34.9011198,-8.0915817]],[[-34.9371648,-8.1364217],[-34.9369356,-8.1370176],[-34.9367498,-8.1364405],[-34.9371648,-8.1364217]],[[-34.9386904,-8.1303445],[-34.9385763,-8.1307626],[-34.9382983,-8.1302787],[-34.9386904,-8.1303445]],[[-34.9378103,-8.1305806],[-34.9378564,-8.1302306],[-34.9381687,-8.1306485],[-34.9378103,-8.1305806]],[[-34.9359514,-8.1262386],[-34.9357441,-8.1298286],[-34.9352765,-8.1299574],[-34.9348578,-8.1277962],[-34.935309,-8.1265002],[-34.9359514,-8.1262386]],[[-34.9362667,-8.1265874],[-34.9365859,-8.1270681],[-34.9363936,-8.1279973],[-34.9360178,-8.127923],[-34.9362667,-8.1265874]],[[-34.936854,-8.1201695],[-34.9369781,-8.1203411],[-34.9367336,-8.1204953],[-34.936854,-8.1201695]],[[-34.9383268,-8.1179678],[-34.9381203,-8.1177368],[-34.9386245,-8.1165924],[-34.9390268,-8.1171553],[-34.9383268,-8.1179678]],[[-34.9388429,-8.1136934],[-34.9389247,-8.1138953],[-34.9386538,-8.1140825],[-34.9388429,-8.1136934]],[[-34.9373751,-8.1124887],[-34.9378391,-8.1123785],[-34.9379263,-8.1125086],[-34.9375333,-8.1128471],[-34.9373751,-8.1124887]],[[-34.9327723,-8.1123374],[-34.9330843,-8.1119891],[-34.9334562,-8.1121622],[-34.9331895,-8.11246],[-34.9327723,-8.1123374]],[[-34.9324198,-8.1108723],[-34.9326316,-8.110614],[-34.9327834,-8.1111804],[-34.9324198,-8.1108723]],[[-34.9335818,-8.1090314],[-34.9328244,-8.1091436],[-34.9331124,-8.109354],[-34.9325731,-8.1092539],[-34.9325483,-8.1102227],[-34.9319237,-8.1096201],[-34.9323342,-8.109126],[-34.9335818,-8.1090314]],[[-34.9361219,-8.1094096],[-34.9365569,-8.1094972],[-34.9364822,-8.1096012],[-34.9361219,-8.1094096]],[[-34.9370164,-8.1091342],[-34.9365303,-8.1089943],[-34.9366339,-8.1088158],[-34.9370164,-8.1091342]],[[-34.9335613,-8.1088524],[-34.9326222,-8.1089671],[-34.9325023,-8.1082447],[-34.9335613,-8.1088524]],[[-34.936158,-8.1081562],[-34.9365544,-8.1083398],[-34.9364836,-8.1086061],[-34.936158,-8.1081562]],[[-34.9371886,-8.1089803],[-34.9366351,-8.1083034],[-34.9366903,-8.1077582],[-34.9371886,-8.1089803]],[[-34.9361568,-8.1013237],[-34.9362459,-8.1010297],[-34.9364894,-8.1013727],[-34.9361568,-8.1013237]],[[-34.9339296,-8.0980605],[-34.9339683,-8.098808],[-34.9329094,-8.0990705],[-34.9339296,-8.0980605]],[[-34.9385122,-8.097874],[-34.9382606,-8.0978226],[-34.9383417,-8.0973328],[-34.9385122,-8.097874]],[[-34.9366122,-8.09759],[-34.9366235,-8.097397],[-34.9373803,-8.0972053],[-34.9373252,-8.0976528],[-34.9366122,-8.09759]],[[-34.9351596,-8.0970206],[-34.9360916,-8.0970001],[-34.9361266,-8.0978051],[-34.9351537,-8.0978159],[-34.9351596,-8.0970206]],[[-34.9337242,-8.0969864],[-34.9339457,-8.0967689],[-34.9339461,-8.0971476],[-34.9337242,-8.0969864]],[[-34.9323821,-8.0968355],[-34.9326005,-8.0965403],[-34.9326219,-8.0970634],[-34.9323821,-8.0968355]],[[-34.9337806,-8.095356],[-34.9338449,-8.0964713],[-34.9332512,-8.0958982],[-34.9337806,-8.095356]],[[-34.9386384,-8.0956625],[-34.9385649,-8.0954912],[-34.9392945,-8.0954025],[-34.9386384,-8.0956625]],[[-34.9368525,-8.0944863],[-34.93729,-8.0960735],[-34.9364604,-8.0946243],[-34.9372489,-8.0942745],[-34.9368525,-8.0944863]],[[-34.9336646,-8.0948293],[-34.9338997,-8.0946106],[-34.9339086,-8.0950545],[-34.9336646,-8.0948293]],[[-34.9342413,-8.0942698],[-34.9343728,-8.0945253],[-34.9339748,-8.0945258],[-34.9342413,-8.0942698]],[[-34.933252,-8.0938982],[-34.9335269,-8.0941689],[-34.932992,-8.0941624],[-34.933252,-8.0938982]],[[-34.9386323,-8.090451],[-34.9386895,-8.0900328],[-34.9388206,-8.0904681],[-34.9386323,-8.090451]],[[-34.9367838,-8.0859195],[-34.9368146,-8.0857578],[-34.9373122,-8.086043],[-34.9367838,-8.0859195]],[[-34.9364555,-8.0858687],[-34.9365815,-8.0856181],[-34.9366748,-8.0859277],[-34.9364555,-8.0858687]],[[-34.9384174,-8.0812138],[-34.9387731,-8.0816796],[-34.9383057,-8.0820341],[-34.937951,-8.0815605],[-34.9384174,-8.0812138]],[[-34.9330519,-8.0705242],[-34.9327155,-8.0704979],[-34.9330167,-8.0703771],[-34.9330519,-8.0705242]],[[-34.9382532,-8.068039],[-34.9381979,-8.0678362],[-34.9384033,-8.0677701],[-34.9382532,-8.068039]],[[-34.9331222,-8.0671109],[-34.9332317,-8.0674538],[-34.9326819,-8.0672547],[-34.9331222,-8.0671109]],[[-34.9365069,-8.0654462],[-34.936003,-8.0650124],[-34.9372065,-8.0659997],[-34.9365069,-8.0654462]],[[-34.9339491,-8.06369],[-34.9348766,-8.0641971],[-34.9336979,-8.0636274],[-34.9339491,-8.06369]],[[-34.9379205,-8.058638],[-34.9369358,-8.0588754],[-34.9366908,-8.0578796],[-34.9376754,-8.0576421],[-34.9379205,-8.058638]],[[-34.9322172,-8.0194349],[-34.9334972,-8.0191763],[-34.9332131,-8.0184758],[-34.9342783,-8.0183179],[-34.9352748,-8.0164363],[-34.9345228,-8.0143867],[-34.9343475,-8.0150676],[-34.9336471,-8.0140539],[-34.9339993,-8.0175193],[-34.9334407,-8.0169766],[-34.9321729,-8.0174753],[-34.9306273,-8.0162234],[-34.9314617,-8.0151591],[-34.9318436,-8.0126804],[-34.9327137,-8.0130509],[-34.933345,-8.012554],[-34.9341009,-8.0127913],[-34.9341469,-8.01183],[-34.9347757,-8.0118967],[-34.9347047,-8.0112932],[-34.936601,-8.0094716],[-34.9373145,-8.0108102],[-34.9371167,-8.0117634],[-34.9354709,-8.0133021],[-34.9365838,-8.0137159],[-34.9372183,-8.0125709],[-34.9376063,-8.0132547],[-34.9370958,-8.0138327],[-34.9372977,-8.0153686],[-34.9365786,-8.017677],[-34.9355098,-8.0195201],[-34.9338845,-8.0204576],[-34.9340863,-8.0210536],[-34.9315828,-8.0214901],[-34.93048,-8.0187951],[-34.9322172,-8.0194349]],[[-34.9358772,-8.0207984],[-34.9358839,-8.0210406],[-34.9349986,-8.0210136],[-34.9358772,-8.0207984]],[[-34.9327441,-8.0179833],[-34.9327739,-8.0176519],[-34.9331677,-8.0176817],[-34.9331073,-8.0183024],[-34.9327441,-8.0179833]],[[-34.9374726,-8.0169692],[-34.938021,-8.0175254],[-34.9387567,-8.0169484],[-34.9382348,-8.0167837],[-34.9397101,-8.0162399],[-34.9407638,-8.0171978],[-34.9409425,-8.0189777],[-34.9406995,-8.0195867],[-34.9395172,-8.0191508],[-34.939046,-8.0195172],[-34.938661,-8.0187633],[-34.9377699,-8.0187458],[-34.9361748,-8.0195544],[-34.9374726,-8.0169692]],[[-34.933941,-8.0088826],[-34.9337833,-8.0100103],[-34.9348001,-8.0108807],[-34.9337713,-8.0117827],[-34.9335094,-8.0089365],[-34.933941,-8.0088826]],[[-34.9342155,-8.0090557],[-34.9351998,-8.0095517],[-34.9342398,-8.0092727],[-34.9338427,-8.009602],[-34.9342155,-8.0090557]],[[-34.9365756,-8.0089102],[-34.9369574,-8.0085351],[-34.9362281,-8.0094553],[-34.9365756,-8.0089102]],[[-34.9343208,-8.0087889],[-34.9345145,-8.0087406],[-34.9346779,-8.0090303],[-34.9343208,-8.0087889]],[[-34.9332521,-8.0082204],[-34.9336516,-8.0081709],[-34.9337016,-8.008523],[-34.9332521,-8.0082204]],[[-34.9377894,-8.0082922],[-34.9378958,-8.0075238],[-34.9383467,-8.007938],[-34.9377894,-8.0082922]],[[-34.9340379,-8.0054925],[-34.9342669,-8.0056013],[-34.9338501,-8.0058621],[-34.9340379,-8.0054925]],[[-34.9351773,-8.0050529],[-34.9355622,-8.0052855],[-34.9356847,-8.0059996],[-34.9351773,-8.0050529]],[[-34.9331896,-8.0055896],[-34.9335595,-8.0052603],[-34.9336671,-8.0052734],[-34.9331896,-8.0055896]],[[-34.934119,-8.0045185],[-34.933778,-8.0045768],[-34.9339312,-8.0043687],[-34.934119,-8.0045185]],[[-34.9348595,-8.0040343],[-34.9351372,-8.0045648],[-34.9348752,-8.0047275],[-34.9348595,-8.0040343]],[[-34.93439,-8.0036572],[-34.9345974,-8.0036683],[-34.9343415,-8.004029],[-34.93439,-8.0036572]],[[-34.9347872,-8.0038195],[-34.9350648,-8.0035035],[-34.9354291,-8.0038573],[-34.9347872,-8.0038195]],[[-34.9337835,-8.0032168],[-34.9340124,-8.0029463],[-34.9345027,-8.0033532],[-34.9337835,-8.0032168]],[[-34.9333904,-8.0033818],[-34.9328352,-8.003512],[-34.9325724,-8.0032118],[-34.9331705,-8.0028878],[-34.9333904,-8.0033818]],[[-34.935608,-8.0032225],[-34.9349672,-8.0032392],[-34.9353539,-8.0029857],[-34.935608,-8.0032225]],[[-34.9358297,-8.0033019],[-34.9356379,-8.0025936],[-34.9364168,-8.0029413],[-34.9358297,-8.0033019]],[[-34.93623,-8.0025936],[-34.936103,-8.0026435],[-34.9359666,-8.0020812],[-34.93623,-8.0025936]],[[-34.9354592,-8.0020106],[-34.9351912,-8.0029656],[-34.9345174,-8.0020009],[-34.9346869,-8.0014928],[-34.9354592,-8.0020106]],[[-34.9373977,-8.0018044],[-34.9373988,-8.0021668],[-34.9371751,-8.0019112],[-34.9373977,-8.0018044]],[[-34.9330109,-8.0021007],[-34.9330251,-8.0016959],[-34.9332622,-8.0019378],[-34.9330109,-8.0021007]],[[-34.9343109,-8.0017461],[-34.9343861,-8.0020299],[-34.9340792,-8.0019665],[-34.9343109,-8.0017461]],[[-34.9360163,-8.0012975],[-34.9357592,-8.0016937],[-34.9356657,-8.0011936],[-34.9360163,-8.0012975]],[[-34.9348615,-8.0014065],[-34.9343192,-8.0010953],[-34.9350279,-8.0010709],[-34.9348615,-8.0014065]],[[-34.9329941,-8.000927],[-34.9332658,-8.0012531],[-34.9326952,-8.0011742],[-34.9329941,-8.000927]],[[-34.9364326,-8.0013319],[-34.937215,-8.000458],[-34.9367448,-7.9996668],[-34.9371699,-7.9999552],[-34.9377266,-7.9992025],[-34.9370018,-8.0017216],[-34.9364326,-8.0013319]],[[-34.9361707,-7.9990607],[-34.9364545,-8.0005827],[-34.9360761,-8.0004978],[-34.9355264,-7.9992129],[-34.9361707,-7.9990607]],[[-34.9348791,-7.9984454],[-34.9341631,-7.9981674],[-34.9343898,-7.9979301],[-34.9348791,-7.9984454]],[[-34.9333521,-7.9978888],[-34.9336003,-7.9983513],[-34.9328939,-7.9982225],[-34.9333521,-7.9978888]],[[-34.9333293,-7.997826],[-34.9338488,-7.9979336],[-34.9341144,-7.9982148],[-34.9333293,-7.997826]],[[-34.9355952,-7.9973409],[-34.9358343,-7.997452],[-34.9356261,-7.9977177],[-34.9355952,-7.9973409]],[[-34.9379913,-7.9967216],[-34.938287,-7.9977641],[-34.9388999,-7.9967585],[-34.9386598,-7.9959349],[-34.9391067,-7.9970905],[-34.9375038,-7.9988903],[-34.9379673,-7.9972435],[-34.9377569,-7.9979501],[-34.937316,-7.9971461],[-34.9379913,-7.9967216]],[[-34.9327939,-7.9972228],[-34.9329965,-7.9968895],[-34.9336173,-7.9974849],[-34.9327939,-7.9972228]],[[-34.9367791,-7.9966678],[-34.9360896,-7.9974826],[-34.9355952,-7.9972861],[-34.9365649,-7.9961102],[-34.9367791,-7.9966678]],[[-34.9379395,-7.9960349],[-34.9380422,-7.9963087],[-34.9377256,-7.9961579],[-34.9379395,-7.9960349]],[[-34.9351781,-7.9970635],[-34.9364731,-7.9955371],[-34.9373056,-7.9948151],[-34.9351781,-7.9970635]],[[-34.9376417,-7.9949372],[-34.9377003,-7.9951666],[-34.9370685,-7.9955411],[-34.9376417,-7.9949372]],[[-34.9365614,-7.9946204],[-34.9367689,-7.9947676],[-34.9365197,-7.9949255],[-34.9365614,-7.9946204]],[[-34.9375996,-7.9944616],[-34.9372656,-7.994763],[-34.937273,-7.9941968],[-34.9375996,-7.9944616]],[[-34.9362486,-7.9940493],[-34.936903,-7.9945374],[-34.9361265,-7.9947237],[-34.9353312,-7.9945708],[-34.9362486,-7.9940493]],[[-34.9365483,-7.9937708],[-34.9372186,-7.9936944],[-34.9370992,-7.9945165],[-34.9371251,-7.9939376],[-34.9365483,-7.9937708]],[[-34.9364694,-7.9930215],[-34.9364808,-7.9929034],[-34.936969,-7.9933288],[-34.9364694,-7.9930215]],[[-34.9383117,-7.9924813],[-34.9375601,-7.9921028],[-34.9381949,-7.9920535],[-34.9383117,-7.9924813]],[[-34.9357568,-7.9916575],[-34.9362812,-7.9929538],[-34.9356978,-7.9916353],[-34.9353473,-7.9902468],[-34.9357568,-7.9916575]],[[-34.9386225,-7.9899691],[-34.9378793,-7.9893814],[-34.9386178,-7.989502],[-34.9386225,-7.9899691]],[[-34.9337926,-7.9882459],[-34.933595,-7.9883116],[-34.9332133,-7.9875925],[-34.9337926,-7.9882459]],[[-34.9339306,-7.9871005],[-34.9345422,-7.9873315],[-34.9345154,-7.9879664],[-34.9339306,-7.9871005]],[[-34.9356052,-7.9869522],[-34.9348917,-7.9870532],[-34.9356588,-7.9863732],[-34.9361523,-7.9870532],[-34.9357339,-7.9884078],[-34.9353442,-7.9886782],[-34.9349232,-7.988344],[-34.9357876,-7.9875047],[-34.9356052,-7.9869522]],[[-34.9364957,-7.9866547],[-34.9372789,-7.9867982],[-34.9368873,-7.9874569],[-34.9362757,-7.9871222],[-34.9364957,-7.9866547]],[[-34.9328268,-7.985655],[-34.9326666,-7.985716],[-34.9323954,-7.985481],[-34.9328268,-7.985655]],[[-34.9334626,-7.953506],[-34.9317004,-7.9544862],[-34.9323669,-7.9534808],[-34.9322046,-7.9527011],[-34.9332936,-7.9523372],[-34.9334626,-7.953506]],[[-34.9247453,-8.1564432],[-34.9252691,-8.1564152],[-34.9252213,-8.1565833],[-34.9246657,-8.1569056],[-34.9247453,-8.1564432]],[[-34.924103,-8.1555291],[-34.9249763,-8.1557985],[-34.9237703,-8.1556446],[-34.924103,-8.1555291]],[[-34.9250686,-8.1550125],[-34.9250662,-8.1553176],[-34.9249127,-8.1550917],[-34.9250686,-8.1550125]],[[-34.9327041,-8.1467816],[-34.932564,-8.1469364],[-34.9324566,-8.1465805],[-34.9327041,-8.1467816]],[[-34.932118,-8.1466567],[-34.9317934,-8.1466891],[-34.932174,-8.1464695],[-34.932118,-8.1466567]],[[-34.9291693,-8.1462011],[-34.9296149,-8.1461482],[-34.9295051,-8.1466845],[-34.9291693,-8.1462011]],[[-34.9310135,-8.1460974],[-34.9310089,-8.1463771],[-34.9306773,-8.1460927],[-34.9310135,-8.1460974]],[[-34.9284801,-8.1457576],[-34.9292569,-8.1458598],[-34.9290449,-8.1460738],[-34.9284801,-8.1457576]],[[-34.9302471,-8.1456129],[-34.9300906,-8.1457354],[-34.9300416,-8.1454488],[-34.9302471,-8.1456129]],[[-34.9289535,-8.1455413],[-34.9287807,-8.1455898],[-34.9289955,-8.1451437],[-34.9289535,-8.1455413]],[[-34.9310083,-8.1444919],[-34.9312231,-8.1444087],[-34.9312254,-8.1447346],[-34.9310083,-8.1444919]],[[-34.928504,-8.1427175],[-34.9279795,-8.1426914],[-34.9285263,-8.1425304],[-34.928504,-8.1427175]],[[-34.9286321,-8.1425425],[-34.9289898,-8.142295],[-34.9289349,-8.1427014],[-34.9286321,-8.1425425]],[[-34.9306613,-8.1406598],[-34.930196,-8.1405295],[-34.9301838,-8.1403777],[-34.930706,-8.1402359],[-34.9306613,-8.1406598]],[[-34.9288511,-8.1387861],[-34.9288271,-8.1393652],[-34.9284739,-8.1393207],[-34.9288511,-8.1387861]],[[-34.9276705,-8.1387692],[-34.9282671,-8.1386883],[-34.9280012,-8.1392479],[-34.9276705,-8.1387692]],[[-34.9268407,-8.1339786],[-34.9265564,-8.1333944],[-34.9279029,-8.1338936],[-34.9302671,-8.1369671],[-34.9282714,-8.1385822],[-34.928088,-8.1372524],[-34.9284796,-8.1369657],[-34.9266503,-8.1358903],[-34.9266675,-8.1368138],[-34.9241711,-8.1344291],[-34.9251027,-8.133806],[-34.9268407,-8.1339786]],[[-34.9325404,-8.1344352],[-34.9318779,-8.1359275],[-34.9304798,-8.1358451],[-34.9305792,-8.1367069],[-34.9276756,-8.1328969],[-34.9266738,-8.133162],[-34.9276732,-8.1314607],[-34.9304192,-8.131285],[-34.9308993,-8.1306746],[-34.9306453,-8.1299559],[-34.9277754,-8.1300167],[-34.9283294,-8.1291722],[-34.9287637,-8.129292],[-34.9295233,-8.1240525],[-34.9323296,-8.1242428],[-34.9321954,-8.1255441],[-34.9333042,-8.1266631],[-34.9328186,-8.1285635],[-34.9321817,-8.1284025],[-34.9313046,-8.1299237],[-34.932333,-8.131132],[-34.9335227,-8.1303985],[-34.9334751,-8.1309732],[-34.9341422,-8.1307006],[-34.9336908,-8.1342554],[-34.9325404,-8.1344352]],[[-34.9323388,-8.1152321],[-34.932197,-8.1153572],[-34.9320338,-8.1151132],[-34.9323388,-8.1152321]],[[-34.9322186,-8.1147045],[-34.9323973,-8.1147533],[-34.9321909,-8.1148936],[-34.9322186,-8.1147045]],[[-34.9287832,-8.1140334],[-34.9290883,-8.1141463],[-34.9287124,-8.1141768],[-34.9287832,-8.1140334]],[[-34.9305613,-8.1145218],[-34.9299069,-8.1139509],[-34.9300732,-8.1136323],[-34.9305613,-8.1145218]],[[-34.9250386,-8.1122676],[-34.9246388,-8.1130959],[-34.9236614,-8.1120491],[-34.9250386,-8.1122676]],[[-34.9312091,-8.1119069],[-34.9314037,-8.1116792],[-34.9313949,-8.1120979],[-34.9312091,-8.1119069]],[[-34.9265275,-8.110315],[-34.9265861,-8.1098933],[-34.9267146,-8.1099031],[-34.9265275,-8.110315]],[[-34.9304025,-8.1108988],[-34.9287765,-8.1099453],[-34.9301951,-8.109247],[-34.9304518,-8.1100875],[-34.9313224,-8.1103537],[-34.9304025,-8.1108988]],[[-34.9249372,-8.1092208],[-34.9247317,-8.1104701],[-34.9248219,-8.1093057],[-34.9249372,-8.1092208]],[[-34.9286052,-8.1095235],[-34.927724,-8.1102568],[-34.9278759,-8.1093279],[-34.9286052,-8.1095235]],[[-34.9242121,-8.1091061],[-34.9242819,-8.1091167],[-34.9240858,-8.1104096],[-34.9242121,-8.1091061]],[[-34.926783,-8.1084743],[-34.9269142,-8.1084768],[-34.926834,-8.1088407],[-34.926783,-8.1084743]],[[-34.9249422,-8.1088356],[-34.925033,-8.1079422],[-34.9251341,-8.107831],[-34.9249422,-8.1088356]],[[-34.9242498,-8.1089818],[-34.924424,-8.1076244],[-34.9245019,-8.10764],[-34.9242498,-8.1089818]],[[-34.9309128,-8.1080428],[-34.9298104,-8.1077362],[-34.9298723,-8.1075435],[-34.9315906,-8.107992],[-34.9309128,-8.1080428]],[[-34.927911,-8.1077864],[-34.9284212,-8.1074523],[-34.9284585,-8.1075656],[-34.927911,-8.1077864]],[[-34.9272538,-8.1078395],[-34.9273706,-8.107072],[-34.9275295,-8.1076766],[-34.9272538,-8.1078395]],[[-34.9263208,-8.1038329],[-34.9270579,-8.1037636],[-34.9270244,-8.1039601],[-34.9263208,-8.1038329]],[[-34.9251731,-8.0986676],[-34.9252841,-8.098009],[-34.9262313,-8.098162],[-34.9262808,-8.0988493],[-34.9251731,-8.0986676]],[[-34.931512,-8.0977075],[-34.9317347,-8.0974697],[-34.9317435,-8.09792],[-34.931512,-8.0977075]],[[-34.9244112,-8.0966399],[-34.9250126,-8.0967097],[-34.9248912,-8.0970974],[-34.9244112,-8.0966399]],[[-34.9318637,-8.096572],[-34.9313953,-8.0970253],[-34.9309534,-8.0966354],[-34.9314394,-8.0957349],[-34.9318637,-8.096572]],[[-34.9323714,-8.0948703],[-34.9326356,-8.0951186],[-34.9321274,-8.0951359],[-34.9323714,-8.0948703]],[[-34.9318657,-8.0943805],[-34.9316177,-8.094634],[-34.9315976,-8.0941296],[-34.9318657,-8.0943805]],[[-34.9282674,-8.0944659],[-34.9285552,-8.0934865],[-34.9287813,-8.0948919],[-34.9282674,-8.0944659]],[[-34.9299601,-8.0930249],[-34.9305234,-8.0934417],[-34.9298038,-8.0940864],[-34.9299601,-8.0930249]],[[-34.9325564,-8.0937447],[-34.9322734,-8.0934565],[-34.9328261,-8.0934741],[-34.9325564,-8.0937447]],[[-34.9243665,-8.0931973],[-34.9243296,-8.0935273],[-34.9241706,-8.0932602],[-34.9243665,-8.0931973]],[[-34.9255833,-8.0927001],[-34.9255497,-8.0929852],[-34.9249596,-8.0929203],[-34.9255833,-8.0927001]],[[-34.9299843,-8.0927593],[-34.9300916,-8.0920741],[-34.9304456,-8.0923901],[-34.9299843,-8.0927593]],[[-34.930513,-8.09155],[-34.9301132,-8.0918478],[-34.9301927,-8.0913052],[-34.930513,-8.09155]],[[-34.9302714,-8.0912141],[-34.9302808,-8.090858],[-34.9306609,-8.0908007],[-34.9302714,-8.0912141]],[[-34.9297773,-8.0898922],[-34.9305553,-8.0906705],[-34.9296256,-8.0909957],[-34.9297773,-8.0898922]],[[-34.9311818,-8.0900895],[-34.9315552,-8.0904868],[-34.9307935,-8.0906886],[-34.9302291,-8.0901299],[-34.9311818,-8.0900895]],[[-34.9254056,-8.0899486],[-34.9259565,-8.0899401],[-34.9254894,-8.0903196],[-34.9254056,-8.0899486]],[[-34.9267555,-8.0892633],[-34.9265012,-8.0893958],[-34.9265869,-8.0889797],[-34.9267555,-8.0892633]],[[-34.9323361,-8.0860133],[-34.9326694,-8.086103],[-34.9325679,-8.0863338],[-34.9323361,-8.0860133]],[[-34.930417,-8.0854489],[-34.9306397,-8.0855233],[-34.9303044,-8.0857397],[-34.930417,-8.0854489]],[[-34.9252962,-8.0831105],[-34.925355,-8.0834421],[-34.9250428,-8.0832456],[-34.9252962,-8.0831105]],[[-34.923227,-8.0799734],[-34.9249947,-8.0788181],[-34.925867,-8.0765771],[-34.9284662,-8.0763694],[-34.9298181,-8.0774848],[-34.9310331,-8.0772216],[-34.9315084,-8.078442],[-34.9299527,-8.0788695],[-34.9284527,-8.0814268],[-34.9265044,-8.083047],[-34.923227,-8.0799734]],[[-34.9245405,-8.0770705],[-34.9251218,-8.0770392],[-34.9248173,-8.0783508],[-34.9245405,-8.0770705]],[[-34.9300174,-8.0769132],[-34.9297315,-8.0761241],[-34.9304678,-8.0759092],[-34.9308631,-8.07683],[-34.9300174,-8.0769132]],[[-34.9314658,-8.0748879],[-34.9315773,-8.0754637],[-34.9311793,-8.0750056],[-34.9314658,-8.0748879]],[[-34.9312905,-8.0738003],[-34.9313626,-8.0741658],[-34.9307817,-8.0739641],[-34.9312905,-8.0738003]],[[-34.9280341,-8.0730445],[-34.9278345,-8.0730128],[-34.9279213,-8.0726902],[-34.9280341,-8.0730445]],[[-34.9307317,-8.072756],[-34.9304396,-8.0721196],[-34.9306656,-8.0720593],[-34.9307317,-8.072756]],[[-34.9248685,-8.0717693],[-34.9246918,-8.0710055],[-34.9256974,-8.0707388],[-34.9258583,-8.0714149],[-34.9248685,-8.0717693]],[[-34.9286508,-8.071257],[-34.9285453,-8.0708719],[-34.9290372,-8.0711518],[-34.9286508,-8.071257]],[[-34.9317981,-8.0692446],[-34.9321038,-8.0694858],[-34.9315389,-8.0696196],[-34.9317981,-8.0692446]],[[-34.9316756,-8.0670789],[-34.9319135,-8.0675394],[-34.931232,-8.067739],[-34.9314771,-8.068488],[-34.9306957,-8.0686916],[-34.9303923,-8.0676761],[-34.9316756,-8.0670789]],[[-34.9274784,-8.0675791],[-34.9272789,-8.0668714],[-34.9277888,-8.0674693],[-34.9274784,-8.0675791]],[[-34.9271244,-8.0665481],[-34.9268464,-8.0668817],[-34.9267572,-8.0665645],[-34.9271244,-8.0665481]],[[-34.9272588,-8.0667842],[-34.9274272,-8.0663716],[-34.9275349,-8.0665589],[-34.9272588,-8.0667842]],[[-34.9235646,-8.0653773],[-34.9239702,-8.0652977],[-34.9238103,-8.0657066],[-34.9235646,-8.0653773]],[[-34.9320084,-8.0652314],[-34.9323922,-8.0649488],[-34.93247,-8.0650788],[-34.9320084,-8.0652314]],[[-34.9327025,-8.0632494],[-34.931764,-8.0629146],[-34.9318891,-8.062892],[-34.9327025,-8.0632494]],[[-34.9319322,-8.0625698],[-34.9307667,-8.0634341],[-34.9301817,-8.0618589],[-34.9319322,-8.0625698]],[[-34.9285566,-8.0603269],[-34.9288959,-8.0601918],[-34.9290018,-8.0605133],[-34.9285566,-8.0603269]],[[-34.930896,-8.0560356],[-34.9322874,-8.0583388],[-34.9315188,-8.0587402],[-34.9301353,-8.0560815],[-34.9312581,-8.0552484],[-34.930896,-8.0560356]],[[-34.9272243,-8.055724],[-34.9274639,-8.0563354],[-34.9270454,-8.0557883],[-34.9272243,-8.055724]],[[-34.9313228,-8.0537233],[-34.9316401,-8.0535572],[-34.931411,-8.0538167],[-34.9313228,-8.0537233]],[[-34.9260876,-8.0504508],[-34.926153,-8.0504872],[-34.9254602,-8.0508443],[-34.9260876,-8.0504508]],[[-34.9262064,-8.0504336],[-34.9268852,-8.0500086],[-34.9269569,-8.0500531],[-34.9262064,-8.0504336]],[[-34.9252365,-8.049048],[-34.9253409,-8.0490314],[-34.925483,-8.0493803],[-34.9252365,-8.049048]],[[-34.9314198,-8.0448709],[-34.9319516,-8.0458962],[-34.9311735,-8.0450209],[-34.9314198,-8.0448709]],[[-34.9258245,-8.0476882],[-34.9244558,-8.0454371],[-34.9236831,-8.045852],[-34.9227097,-8.0441042],[-34.9231434,-8.0429516],[-34.9250926,-8.0418432],[-34.9277383,-8.0465318],[-34.9258245,-8.0476882]],[[-34.9310829,-8.044329],[-34.9308845,-8.044845],[-34.9306901,-8.044067],[-34.9310829,-8.044329]],[[-34.9254011,-8.0368525],[-34.9257233,-8.0372397],[-34.9256304,-8.037324],[-34.9254011,-8.0368525]],[[-34.9260748,-8.0309239],[-34.9257958,-8.0311257],[-34.9259085,-8.0307088],[-34.9260748,-8.0309239]],[[-34.9263218,-8.0295027],[-34.9272487,-8.0291766],[-34.9274926,-8.0301508],[-34.9263218,-8.0295027]],[[-34.9264164,-8.0284857],[-34.9266806,-8.0281838],[-34.9269408,-8.0291298],[-34.9264164,-8.0284857]],[[-34.9253187,-8.0276322],[-34.9257171,-8.0278617],[-34.9258479,-8.0284884],[-34.9253187,-8.0276322]],[[-34.9278233,-8.0279938],[-34.9278471,-8.0278386],[-34.9281817,-8.0279727],[-34.9278233,-8.0279938]],[[-34.9282682,-8.0279791],[-34.9282792,-8.027806],[-34.9289044,-8.0278374],[-34.9282682,-8.0279791]],[[-34.9286631,-8.025327],[-34.9293779,-8.0251928],[-34.9304871,-8.0234172],[-34.9291253,-8.0259677],[-34.9286631,-8.025327]],[[-34.9304501,-8.0222884],[-34.9308691,-8.0225934],[-34.9295196,-8.0230511],[-34.9304501,-8.0222884]],[[-34.9322195,-8.0175816],[-34.9326905,-8.0176204],[-34.9326653,-8.0179631],[-34.9322195,-8.0175816]],[[-34.9283851,-8.0182466],[-34.9296238,-8.0167846],[-34.9304579,-8.016301],[-34.9283851,-8.0182466]],[[-34.9294375,-8.0164983],[-34.9295587,-8.0167246],[-34.9293292,-8.0170397],[-34.9288335,-8.0166964],[-34.9294375,-8.0164983]],[[-34.9286946,-8.0156545],[-34.9288443,-8.0166214],[-34.9286102,-8.0156724],[-34.9286946,-8.0156545]],[[-34.9286447,-8.0156268],[-34.9284421,-8.0155068],[-34.9287644,-8.0154221],[-34.9286447,-8.0156268]],[[-34.9295209,-8.0136994],[-34.9301429,-8.016287],[-34.9294553,-8.0136881],[-34.9295209,-8.0136994]],[[-34.9286037,-8.0152342],[-34.9281287,-8.0139864],[-34.9282224,-8.0139605],[-34.9286037,-8.0152342]],[[-34.9280348,-8.0135823],[-34.9281125,-8.0139414],[-34.927794,-8.0136879],[-34.9280348,-8.0135823]],[[-34.9313073,-8.0135256],[-34.931492,-8.013553],[-34.9312725,-8.0137565],[-34.9313073,-8.0135256]],[[-34.931931,-8.0125825],[-34.9323645,-8.0123766],[-34.9322049,-8.0127815],[-34.931931,-8.0125825]],[[-34.9324344,-8.0117864],[-34.9322449,-8.0122298],[-34.9316627,-8.0120818],[-34.9324344,-8.0117864]],[[-34.9295316,-8.0130738],[-34.9294937,-8.0136102],[-34.9294584,-8.0130855],[-34.9307786,-8.0106805],[-34.9295316,-8.0130738]],[[-34.9315981,-8.0111005],[-34.931652,-8.0105783],[-34.9318153,-8.0111425],[-34.9315981,-8.0111005]],[[-34.9309155,-8.010674],[-34.9307518,-8.0105731],[-34.9308554,-8.0104094],[-34.9309155,-8.010674]],[[-34.928802,-8.01028],[-34.9287116,-8.0106743],[-34.9284653,-8.0107061],[-34.928802,-8.01028]],[[-34.930862,-8.0103415],[-34.9320625,-8.0089432],[-34.9310148,-8.0103761],[-34.930862,-8.0103415]],[[-34.926346,-8.0025989],[-34.926958,-8.0029227],[-34.926534,-8.0028504],[-34.926346,-8.0025989]],[[-34.9314595,-8.0023936],[-34.9314294,-8.0026372],[-34.9311763,-8.0023813],[-34.9314595,-8.0023936]],[[-34.9308436,-8.0025583],[-34.9305747,-8.0024216],[-34.930764,-8.0021535],[-34.9308436,-8.0025583]],[[-34.9318572,-8.0009881],[-34.9318602,-8.0012016],[-34.9314597,-8.0009331],[-34.9318572,-8.0009881]],[[-34.9312395,-8.0010108],[-34.9308032,-8.0011414],[-34.9309895,-8.0008538],[-34.9312395,-8.0010108]],[[-34.9236535,-8.0007395],[-34.9239005,-8.0005806],[-34.9238903,-8.0009362],[-34.9236535,-8.0007395]],[[-34.9323028,-7.9981113],[-34.9326368,-7.9982898],[-34.9321875,-7.9984742],[-34.9323028,-7.9981113]],[[-34.9327928,-7.9979282],[-34.9323199,-7.9980453],[-34.9326303,-7.9977848],[-34.9327928,-7.9979282]],[[-34.9250622,-7.9974117],[-34.9244582,-7.9974499],[-34.924387,-7.9964289],[-34.9254811,-7.9956011],[-34.9250622,-7.9974117]],[[-34.9283429,-7.9952882],[-34.9272778,-7.994269],[-34.9278593,-7.9935313],[-34.9290291,-7.9945311],[-34.9283429,-7.9952882]],[[-34.9263447,-7.9948719],[-34.9258773,-7.9947206],[-34.9266126,-7.9939132],[-34.9269979,-7.9943608],[-34.9263447,-7.9948719]],[[-34.929627,-7.992806],[-34.9289965,-7.992165],[-34.9298613,-7.9924358],[-34.929627,-7.992806]],[[-34.9254346,-7.989379],[-34.9276947,-7.9912683],[-34.9262282,-7.9907252],[-34.9251138,-7.9932397],[-34.9234917,-7.9940506],[-34.923413,-7.9932085],[-34.9253716,-7.9911219],[-34.9247441,-7.9900458],[-34.9254346,-7.989379]],[[-34.9273682,-7.9885528],[-34.9262097,-7.9890471],[-34.9268197,-7.9898587],[-34.9257229,-7.98934],[-34.9260803,-7.988382],[-34.9273682,-7.9885528]],[[-34.9252484,-7.9890166],[-34.9248232,-7.9885406],[-34.9241639,-7.9891447],[-34.9226911,-7.9887237],[-34.9246568,-7.9879365],[-34.9244118,-7.9875391],[-34.9258276,-7.9875887],[-34.9252484,-7.9890166]],[[-34.932112,-7.9842148],[-34.9322341,-7.9853363],[-34.9320403,-7.9847887],[-34.932112,-7.9842148]],[[-34.9315311,-7.984631],[-34.9314497,-7.984638],[-34.9316692,-7.9836251],[-34.9315311,-7.984631]],[[-34.9274427,-7.9793221],[-34.9266228,-7.9787446],[-34.9266814,-7.9778919],[-34.9293022,-7.9802931],[-34.9291908,-7.9809749],[-34.9277047,-7.9824945],[-34.9271469,-7.9822182],[-34.9274427,-7.9793221]],[[-34.9250322,-7.9667073],[-34.924767,-7.9666922],[-34.9247731,-7.9665361],[-34.9250322,-7.9667073]],[[-34.9270768,-7.9568338],[-34.9264133,-7.9581985],[-34.9241742,-7.9594115],[-34.9240008,-7.9608307],[-34.9229958,-7.96062],[-34.9225558,-7.9590433],[-34.9231108,-7.9575396],[-34.924039,-7.957726],[-34.9255785,-7.9556684],[-34.9253484,-7.9542661],[-34.9241736,-7.953857],[-34.9242472,-7.9530721],[-34.9258892,-7.9522053],[-34.9290649,-7.9525896],[-34.9303189,-7.951285],[-34.9314737,-7.9514459],[-34.9313912,-7.952944],[-34.9321851,-7.9528378],[-34.9323394,-7.9534633],[-34.9303398,-7.9553986],[-34.9301252,-7.9550054],[-34.926694,-7.9550521],[-34.9264707,-7.9557471],[-34.9270768,-7.9568338]],[[-34.9151042,-8.1579788],[-34.9156427,-8.1577097],[-34.9156059,-8.1584858],[-34.9151042,-8.1579788]],[[-34.9160127,-8.1571773],[-34.916104,-8.1573917],[-34.9150041,-8.1578709],[-34.9160127,-8.1571773]],[[-34.9197495,-8.1558774],[-34.9198945,-8.1561369],[-34.9193797,-8.1563613],[-34.9197495,-8.1558774]],[[-34.9215169,-8.1512251],[-34.9216909,-8.1511334],[-34.9218408,-8.1517339],[-34.9215169,-8.1512251]],[[-34.9218574,-8.1375735],[-34.9208837,-8.1396206],[-34.9212536,-8.1400118],[-34.9208462,-8.1406694],[-34.9204948,-8.1394428],[-34.9218574,-8.1375735]],[[-34.9169127,-8.1370762],[-34.9162143,-8.1362107],[-34.9165808,-8.1350852],[-34.9169127,-8.1370762]],[[-34.9164636,-8.132364],[-34.9174975,-8.1331491],[-34.9169447,-8.1352265],[-34.9164636,-8.132364]],[[-34.9156164,-8.1294885],[-34.9156806,-8.129796],[-34.9154343,-8.1300144],[-34.9156164,-8.1294885]],[[-34.919665,-8.1252388],[-34.9176999,-8.1274764],[-34.917571,-8.1271805],[-34.919665,-8.1252388]],[[-34.9195679,-8.1246319],[-34.919867,-8.1243955],[-34.919706,-8.1247979],[-34.9195679,-8.1246319]],[[-34.9147682,-8.1229744],[-34.9159441,-8.1228775],[-34.9151291,-8.1236695],[-34.9147682,-8.1229744]],[[-34.9219974,-8.1223391],[-34.9227557,-8.1208582],[-34.9220038,-8.1225723],[-34.9197859,-8.1250912],[-34.9201127,-8.1244899],[-34.9199923,-8.1233197],[-34.9194119,-8.1232391],[-34.920892,-8.1215056],[-34.9219974,-8.1223391]],[[-34.9185166,-8.122664],[-34.9186694,-8.1230938],[-34.9182434,-8.1223372],[-34.9188369,-8.1221842],[-34.9185166,-8.122664]],[[-34.9195752,-8.122313],[-34.919398,-8.1225706],[-34.9193801,-8.1222969],[-34.9195752,-8.122313]],[[-34.9181555,-8.122371],[-34.9180726,-8.1219218],[-34.9181686,-8.1219234],[-34.9181555,-8.122371]],[[-34.9192532,-8.1220603],[-34.9194175,-8.1218301],[-34.9193849,-8.122181],[-34.9192532,-8.1220603]],[[-34.9176279,-8.1219404],[-34.9174679,-8.1216503],[-34.9180441,-8.1216699],[-34.9176279,-8.1219404]],[[-34.9213104,-8.1195493],[-34.9218738,-8.119888],[-34.921774,-8.1220413],[-34.9213104,-8.1195493]],[[-34.9190362,-8.1206093],[-34.9180647,-8.1216054],[-34.9189096,-8.1205944],[-34.9189,-8.1200049],[-34.9190362,-8.1206093]],[[-34.9162592,-8.1202385],[-34.9153915,-8.1191194],[-34.9166454,-8.1181833],[-34.9182869,-8.1194897],[-34.9175627,-8.119904],[-34.9181279,-8.1204687],[-34.9173123,-8.1212046],[-34.9170521,-8.1205939],[-34.9160999,-8.1218296],[-34.9154992,-8.1216703],[-34.9162592,-8.1202385]],[[-34.9192662,-8.1200944],[-34.919086,-8.1199261],[-34.9193316,-8.1196913],[-34.9192662,-8.1200944]],[[-34.9229984,-8.1196392],[-34.9228569,-8.1197878],[-34.922728,-8.1194065],[-34.9229984,-8.1196392]],[[-34.9191912,-8.1189446],[-34.9189096,-8.1186764],[-34.9193486,-8.1187631],[-34.9191912,-8.1189446]],[[-34.9207548,-8.119257],[-34.9195434,-8.1182082],[-34.9195683,-8.1181802],[-34.9207548,-8.119257]],[[-34.9178701,-8.1184525],[-34.917595,-8.1182278],[-34.9180221,-8.1182572],[-34.9178701,-8.1184525]],[[-34.9202588,-8.1181133],[-34.920523,-8.117805],[-34.9205099,-8.1183243],[-34.9202588,-8.1181133]],[[-34.9180752,-8.1170129],[-34.9190234,-8.1178534],[-34.9187101,-8.118236],[-34.9177443,-8.1173846],[-34.9180752,-8.1170129]],[[-34.9162105,-8.1178254],[-34.9159902,-8.1174005],[-34.9164067,-8.1176368],[-34.9162105,-8.1178254]],[[-34.9169085,-8.1171041],[-34.9171257,-8.1168598],[-34.9171485,-8.1173025],[-34.9169085,-8.1171041]],[[-34.9213791,-8.1173223],[-34.921118,-8.1171096],[-34.9216146,-8.1170536],[-34.9213791,-8.1173223]],[[-34.9186456,-8.117142],[-34.9177379,-8.1164433],[-34.9185536,-8.1155254],[-34.9194027,-8.1162799],[-34.9186456,-8.117142]],[[-34.9163304,-8.1153473],[-34.9185785,-8.1173174],[-34.917027,-8.116043],[-34.9163304,-8.1153473]],[[-34.9203861,-8.1160008],[-34.9206522,-8.11623],[-34.9201575,-8.1162519],[-34.9203861,-8.1160008]],[[-34.9158287,-8.1159206],[-34.9163291,-8.1159364],[-34.9158694,-8.1163269],[-34.9158287,-8.1159206]],[[-34.9176098,-8.1152824],[-34.9178828,-8.1155278],[-34.9173396,-8.115581],[-34.9176098,-8.1152824]],[[-34.9194783,-8.115623],[-34.9191984,-8.1154147],[-34.9196988,-8.1153642],[-34.9194783,-8.115623]],[[-34.9207597,-8.1149003],[-34.9210395,-8.1151495],[-34.9204161,-8.115287],[-34.9207597,-8.1149003]],[[-34.9184714,-8.1143066],[-34.9187571,-8.1145528],[-34.9182156,-8.1146144],[-34.9184714,-8.1143066]],[[-34.918069,-8.1133316],[-34.9163388,-8.1151743],[-34.9180042,-8.1132705],[-34.918069,-8.1133316]],[[-34.9216941,-8.1144262],[-34.9214102,-8.1141663],[-34.9221001,-8.1133854],[-34.9223966,-8.1136292],[-34.9216941,-8.1144262]],[[-34.9235632,-8.1089995],[-34.9236301,-8.1090105],[-34.9234424,-8.1103887],[-34.9235632,-8.1089995]],[[-34.922399,-8.108283],[-34.922399,-8.1087224],[-34.9221523,-8.1086539],[-34.922399,-8.108283]],[[-34.9237469,-8.1075404],[-34.9238447,-8.1075488],[-34.9236141,-8.1089252],[-34.9237469,-8.1075404]],[[-34.9162487,-8.1077094],[-34.9167961,-8.1076923],[-34.9163647,-8.1081804],[-34.9162487,-8.1077094]],[[-34.9214957,-8.1074495],[-34.9216509,-8.1075488],[-34.9212097,-8.1078518],[-34.9214957,-8.1074495]],[[-34.9217064,-8.1075081],[-34.9215614,-8.1073869],[-34.9219034,-8.1070405],[-34.9217064,-8.1075081]],[[-34.9228245,-8.1068363],[-34.9228777,-8.106419],[-34.9232389,-8.1068881],[-34.9228245,-8.1068363]],[[-34.9202049,-8.1061893],[-34.9194552,-8.10556],[-34.9200091,-8.1053913],[-34.9205315,-8.1058147],[-34.9202049,-8.1061893]],[[-34.9197185,-8.1014308],[-34.9195842,-8.1015452],[-34.9196028,-8.1013091],[-34.9197185,-8.1014308]],[[-34.9196164,-8.1011252],[-34.9194821,-8.1012396],[-34.9195008,-8.1010035],[-34.9196164,-8.1011252]],[[-34.921971039471764,-8.096675522996433],[-34.9224752,-8.0963376],[-34.9226551,-8.0972298],[-34.92216877830762,-8.096767977028135],[-34.9221066,-8.0971528],[-34.9216466,-8.0968886],[-34.9219202,-8.0961823],[-34.921971039471764,-8.096675522996433]],[[-34.9208439,-8.0959234],[-34.9205646,-8.0964608],[-34.9203514,-8.0962078],[-34.9205341,-8.0963808],[-34.9208439,-8.0959234]],[[-34.9207494,-8.0958543],[-34.9207414,-8.0960694],[-34.9203685,-8.0958702],[-34.9207494,-8.0958543]],[[-34.9209291,-8.0956379],[-34.920516,-8.0957693],[-34.92062,-8.0954108],[-34.9210109,-8.0951426],[-34.9209291,-8.0956379]],[[-34.9218289,-8.0955664],[-34.9221715,-8.0953199],[-34.921681,-8.0947001],[-34.9221,-8.0944439],[-34.9230589,-8.0954029],[-34.9224082,-8.0955932],[-34.9226497,-8.0960447],[-34.9220976,-8.096091],[-34.9211018,-8.0951857],[-34.9216293,-8.0947977],[-34.9218289,-8.0955664]],[[-34.9164287,-8.0938976],[-34.91893981873475,-8.092891362601991],[-34.9183519,-8.0930714],[-34.9189404,-8.0926679],[-34.918413,-8.0903746],[-34.9163692,-8.0891371],[-34.9172114,-8.0890893],[-34.9186115,-8.0895567],[-34.9190101,-8.0928632],[-34.9163683,-8.093989],[-34.916835,-8.0954951],[-34.914838,-8.0967163],[-34.9137346,-8.0960699],[-34.913283,-8.0923288],[-34.9160277,-8.0925575],[-34.9164287,-8.0938976]],[[-34.9188849,-8.092981],[-34.9197636,-8.0947981],[-34.91878,-8.0931462],[-34.9181944,-8.0932667],[-34.9188849,-8.092981]],[[-34.9166867,-8.0938781],[-34.916605,-8.0939103],[-34.9180012,-8.093333],[-34.9166867,-8.0938781]],[[-34.9178665,-8.093189],[-34.9179682,-8.0931855],[-34.916607,-8.093813],[-34.9178665,-8.093189]],[[-34.9229215,-8.0932265],[-34.9222714,-8.0935039],[-34.9221425,-8.0931895],[-34.923211,-8.092716],[-34.9229215,-8.0932265]],[[-34.9166285,-8.0880191],[-34.916473,-8.0883218],[-34.915958,-8.0880775],[-34.9166285,-8.0880191]],[[-34.9155438,-8.0870445],[-34.9160706,-8.0872437],[-34.9155717,-8.0879607],[-34.9155438,-8.0870445]],[[-34.9160223,-8.0877748],[-34.9163773,-8.0868323],[-34.9166428,-8.0870796],[-34.916591,-8.0877482],[-34.9160223,-8.0877748]],[[-34.9168347,-8.0885357],[-34.9176056,-8.0856135],[-34.9205614,-8.0843442],[-34.9199659,-8.0846151],[-34.9206526,-8.0847425],[-34.9190837,-8.0850928],[-34.9195205,-8.0891195],[-34.919113,-8.0895063],[-34.9168347,-8.0885357]],[[-34.9231499,-8.0871406],[-34.9229863,-8.0870822],[-34.9233644,-8.0864953],[-34.9231499,-8.0871406]],[[-34.916141,-8.0867009],[-34.9155205,-8.0868043],[-34.9160455,-8.0865769],[-34.916141,-8.0867009]],[[-34.916144,-8.0865119],[-34.9162156,-8.0862047],[-34.9165884,-8.0864321],[-34.916144,-8.0865119]],[[-34.9169133,-8.0863173],[-34.9166529,-8.0864632],[-34.9165707,-8.0862189],[-34.9169133,-8.0863173]],[[-34.9170926,-8.0857942],[-34.9169315,-8.0862904],[-34.9167465,-8.0857854],[-34.9170926,-8.0857942]],[[-34.9167087,-8.0856265],[-34.9165365,-8.0861412],[-34.916183,-8.0860886],[-34.9162147,-8.0852702],[-34.9167087,-8.0856265]],[[-34.9153651,-8.0850822],[-34.9158496,-8.084851],[-34.9161,-8.0864578],[-34.9156548,-8.0865427],[-34.9153651,-8.0850822]],[[-34.9168047,-8.0856074],[-34.9164941,-8.0853052],[-34.9169335,-8.0855065],[-34.9168047,-8.0856074]],[[-34.9160837,-8.0850657],[-34.9169,-8.0848823],[-34.9166127,-8.0852406],[-34.9160837,-8.0850657]],[[-34.9216797,-8.0833027],[-34.9216586,-8.0831393],[-34.9221595,-8.083152],[-34.9216797,-8.0833027]],[[-34.9190302,-8.0800274],[-34.9191719,-8.0799001],[-34.9192806,-8.0801807],[-34.9190302,-8.0800274]],[[-34.9189576,-8.0730926],[-34.9186934,-8.0739367],[-34.9183401,-8.0731704],[-34.9189576,-8.0730926]],[[-34.9182277,-8.0716866],[-34.9184978,-8.0718156],[-34.9182338,-8.0719175],[-34.9182277,-8.0716866]],[[-34.9216728,-8.064185],[-34.9217357,-8.063642],[-34.9219659,-8.0640565],[-34.9216728,-8.064185]],[[-34.9161448,-8.0540863],[-34.9163008,-8.0543581],[-34.9161897,-8.054429],[-34.9161448,-8.0540863]],[[-34.9233016,-8.0504672],[-34.9232774,-8.0509094],[-34.9230213,-8.0505602],[-34.9233016,-8.0504672]],[[-34.918739,-8.0470694],[-34.9186739,-8.0471411],[-34.9184453,-8.0463637],[-34.918739,-8.0470694]],[[-34.9224751,-8.044289],[-34.9222386,-8.0436576],[-34.9226797,-8.0436105],[-34.9224751,-8.044289]],[[-34.9223166,-8.0435993],[-34.9221995,-8.0433472],[-34.922601,-8.0435595],[-34.9223166,-8.0435993]],[[-34.9159572,-8.0377571],[-34.9158101,-8.0376947],[-34.9159525,-8.0371444],[-34.9159572,-8.0377571]],[[-34.9224393,-8.0371266],[-34.922417,-8.037655],[-34.9222217,-8.03759],[-34.9224393,-8.0371266]],[[-34.9172975,-8.0368808],[-34.917545,-8.0366982],[-34.9177341,-8.0370774],[-34.9172975,-8.0368808]],[[-34.9185,-8.0367976],[-34.918061,-8.036904],[-34.9181731,-8.036578],[-34.9185,-8.0367976]],[[-34.9166343,-8.0364138],[-34.9167838,-8.0365525],[-34.9161831,-8.0368618],[-34.9166343,-8.0364138]],[[-34.9196741,-8.0347748],[-34.9201606,-8.0356649],[-34.9198814,-8.0360353],[-34.9193126,-8.034955],[-34.9196741,-8.0347748]],[[-34.9194339,-8.034336],[-34.9196291,-8.0346968],[-34.9190771,-8.034526],[-34.9194339,-8.034336]],[[-34.9190534,-8.0344568],[-34.9185164,-8.0334655],[-34.9188671,-8.0332993],[-34.9193909,-8.034256],[-34.9190534,-8.0344568]],[[-34.9188325,-8.0265374],[-34.9188565,-8.0269065],[-34.9184659,-8.0267291],[-34.9188325,-8.0265374]],[[-34.9156033,-8.0222452],[-34.915551,-8.0221469],[-34.9158755,-8.0219955],[-34.9156033,-8.0222452]],[[-34.9221254,-8.0221686],[-34.9214791,-8.0216097],[-34.9216164,-8.0214655],[-34.9221254,-8.0221686]],[[-34.9206802,-8.0210765],[-34.9176241,-8.0213828],[-34.9186374,-8.0212048],[-34.9206802,-8.0210765]],[[-34.9174607,-8.0212489],[-34.9172309,-8.0205309],[-34.9175782,-8.0212214],[-34.9174607,-8.0212489]],[[-34.9213584,-8.0161649],[-34.9215682,-8.0159046],[-34.9217325,-8.0160465],[-34.9213584,-8.0161649]],[[-34.9209959,-8.0156059],[-34.9206982,-8.0152606],[-34.9212293,-8.0155634],[-34.9209959,-8.0156059]],[[-34.9212384,-8.0129435],[-34.9212048,-8.0125353],[-34.9215095,-8.0128881],[-34.9212384,-8.0129435]],[[-34.9221575,-8.0106652],[-34.9223155,-8.0099565],[-34.9227322,-8.010091],[-34.9227345,-8.0107522],[-34.9221575,-8.0106652]],[[-34.9192562,-8.0044085],[-34.9187823,-8.0053876],[-34.9178904,-8.0049514],[-34.9198222,-8.0028768],[-34.9207305,-8.0032555],[-34.9200577,-8.0036437],[-34.9206837,-8.0041478],[-34.9204205,-8.0048604],[-34.9192562,-8.0044085]],[[-34.9221129,-8.0008251],[-34.9228534,-8.0013968],[-34.9227812,-8.0024009],[-34.9222154,-8.0022215],[-34.9226021,-8.0026681],[-34.922123,-8.0025144],[-34.921439,-8.003387],[-34.9194147,-8.0025662],[-34.9221129,-8.0008251]],[[-34.9216902,-8.0000318],[-34.9210908,-8.0005334],[-34.9215376,-7.9995434],[-34.9224374,-8.0003672],[-34.9216902,-8.0000318]],[[-34.9240899,-7.9921776],[-34.9231348,-7.9928366],[-34.9220318,-7.9924705],[-34.922155,-7.9919579],[-34.9212985,-7.991427],[-34.9207458,-7.9901785],[-34.9211506,-7.9907069],[-34.9235353,-7.9890959],[-34.9244843,-7.9908595],[-34.9240899,-7.9921776]],[[-34.9172227,-7.989064],[-34.9170521,-7.9892095],[-34.917001,-7.988786],[-34.9172227,-7.989064]],[[-34.917417,-7.9861532],[-34.9186732,-7.9861934],[-34.9180593,-7.986431],[-34.9179943,-7.9871074],[-34.9173967,-7.9869946],[-34.917417,-7.9861532]],[[-34.9199532,-7.9861372],[-34.9192058,-7.9874778],[-34.9189619,-7.987361],[-34.9189131,-7.9853721],[-34.9199532,-7.9861372]],[[-34.9231903,-7.9843666],[-34.9256685,-7.9847989],[-34.9258554,-7.9856059],[-34.9251974,-7.9864175],[-34.92356,-7.9860204],[-34.9231841,-7.9864658],[-34.9241885,-7.9873507],[-34.9238804,-7.987607],[-34.9231533,-7.9872835],[-34.9228637,-7.9878633],[-34.9217483,-7.9876985],[-34.9212738,-7.9868137],[-34.922346,-7.9867893],[-34.9219517,-7.9858251],[-34.9209349,-7.9864841],[-34.9231903,-7.9843666]],[[-34.9180593,-7.9851064],[-34.9186895,-7.985344],[-34.9180899,-7.9857848],[-34.9180593,-7.9851064]],[[-34.91647324239144,-7.985269391634326],[-34.916227,-7.9842784],[-34.9170751,-7.985857],[-34.916208,-7.9863644],[-34.91647324239144,-7.985269391634326]],[[-34.9158102,-7.9842193],[-34.9161415,-7.9852176],[-34.9160819,-7.9854861],[-34.9158102,-7.9842193]],[[-34.9205334,-7.9831077],[-34.9222434,-7.9849942],[-34.9213628,-7.9858373],[-34.9201147,-7.9842148],[-34.9210864,-7.9850482],[-34.920009,-7.9835344],[-34.9205334,-7.9831077]],[[-34.9188315,-7.9839427],[-34.9191641,-7.9842136],[-34.9182043,-7.9843587],[-34.9188315,-7.9839427]],[[-34.917941,-7.98462],[-34.9173563,-7.9843783],[-34.9173938,-7.9836372],[-34.918008,-7.9841924],[-34.917941,-7.98462]],[[-34.9191399,-7.9839772],[-34.9187081,-7.9833796],[-34.9191158,-7.9828589],[-34.9198515,-7.9834265],[-34.9191399,-7.9839772]],[[-34.9226435,-7.9823036],[-34.9243107,-7.9834459],[-34.9244508,-7.9842321],[-34.9220705,-7.983282],[-34.9220476,-7.982423],[-34.9226435,-7.9823036]],[[-34.9177221,-7.9831144],[-34.9180862,-7.982697],[-34.9178565,-7.983232],[-34.9177221,-7.9831144]],[[-34.9197193,-7.9825516],[-34.9193624,-7.9829476],[-34.9195851,-7.9824241],[-34.9197193,-7.9825516]],[[-34.9191658,-7.9827127],[-34.918557,-7.9821484],[-34.9192826,-7.9812406],[-34.9199656,-7.9816997],[-34.9191658,-7.9827127]],[[-34.9176718,-7.9798759],[-34.9179316,-7.9798577],[-34.9176963,-7.9801743],[-34.9176718,-7.9798759]],[[-34.9150552,-7.9789698],[-34.9164179,-7.9777469],[-34.9179211,-7.9786299],[-34.9166426,-7.9786568],[-34.916284,-7.9803941],[-34.9157488,-7.9803618],[-34.9150552,-7.9789698]],[[-34.9178253,-7.9764125],[-34.9166715,-7.9763214],[-34.9174215,-7.9771066],[-34.9161655,-7.977359],[-34.9163813,-7.9755924],[-34.9178395,-7.9758938],[-34.9178253,-7.9764125]],[[-34.913719,-7.9759998],[-34.9130988,-7.9691144],[-34.9142411,-7.9681611],[-34.9170119,-7.9693001],[-34.917917,-7.9720177],[-34.9144454,-7.9787857],[-34.914775,-7.9772021],[-34.9141339,-7.9769666],[-34.9140714,-7.9758186],[-34.913719,-7.9759998]],[[-34.9231443,-7.9648334],[-34.9234353,-7.9647791],[-34.9234244,-7.9650174],[-34.9231443,-7.9648334]],[[-34.9222667,-7.9635123],[-34.9215777,-7.9634428],[-34.9214437,-7.9639483],[-34.9174949,-7.9650476],[-34.9174949,-7.9641504],[-34.9162955,-7.9635629],[-34.9163147,-7.9624193],[-34.9152685,-7.9614906],[-34.9148131,-7.9624456],[-34.913731,-7.9614283],[-34.9145073,-7.9610381],[-34.9144588,-7.9596539],[-34.9141525,-7.9600942],[-34.9127361,-7.9594118],[-34.9151848,-7.9593948],[-34.9155818,-7.9581886],[-34.9192717,-7.957179],[-34.9203002,-7.9557047],[-34.9217757,-7.9559077],[-34.9223336,-7.9565665],[-34.9214008,-7.959693],[-34.9232405,-7.9616465],[-34.9231041,-7.9646303],[-34.9225989,-7.9645856],[-34.9222667,-7.9635123]],[[-34.9146868,-8.1595848],[-34.9144675,-8.1596942],[-34.9146166,-8.1593834],[-34.9146868,-8.1595848]],[[-34.911615,-8.1587751],[-34.9120372,-8.1591502],[-34.9115175,-8.1590234],[-34.911615,-8.1587751]],[[-34.9112734,-8.1587784],[-34.9110868,-8.1588429],[-34.9110079,-8.1586552],[-34.9112734,-8.1587784]],[[-34.9152708,-8.158623],[-34.9150498,-8.1587254],[-34.915141,-8.1583521],[-34.9152708,-8.158623]],[[-34.9109851,-8.1585651],[-34.9108243,-8.1577345],[-34.911131,-8.15809],[-34.9109851,-8.1585651]],[[-34.9122265,-8.1576883],[-34.9125251,-8.1581836],[-34.9119879,-8.1585381],[-34.9122265,-8.1576883]],[[-34.9120062,-8.1573711],[-34.9115877,-8.1575441],[-34.9117786,-8.1568048],[-34.9120062,-8.1573711]],[[-34.9121534,-8.1555312],[-34.9122414,-8.1560959],[-34.9119622,-8.1556543],[-34.9121534,-8.1555312]],[[-34.9122991,-8.1554786],[-34.9123916,-8.1554621],[-34.912311,-8.1560184],[-34.9122991,-8.1554786]],[[-34.9097667,-8.1558631],[-34.9097743,-8.1555537],[-34.9104176,-8.1556033],[-34.9097667,-8.1558631]],[[-34.9105223,-8.1556859],[-34.9104389,-8.1554666],[-34.9108539,-8.155559],[-34.9105223,-8.1556859]],[[-34.9106665,-8.1547021],[-34.9108387,-8.1546947],[-34.9108182,-8.155034],[-34.9106665,-8.1547021]],[[-34.9087667,-8.1507656],[-34.9090885,-8.150713],[-34.9088965,-8.1508893],[-34.9087667,-8.1507656]],[[-34.910506,-8.150161],[-34.9108488,-8.1510701],[-34.9104762,-8.1512255],[-34.9100995,-8.1503174],[-34.910506,-8.150161]],[[-34.908491,-8.1478543],[-34.9078741,-8.1468731],[-34.9079531,-8.1468121],[-34.908491,-8.1478543]],[[-34.9098082,-8.1313964],[-34.9106017,-8.1314881],[-34.9106928,-8.1320355],[-34.9097464,-8.1319421],[-34.9098082,-8.1313964]],[[-34.9097473,-8.1300659],[-34.9099654,-8.1300891],[-34.9096174,-8.13043],[-34.9097473,-8.1300659]],[[-34.9087028,-8.1315335],[-34.9067285,-8.1309831],[-34.9066688,-8.1290784],[-34.9074286,-8.1293842],[-34.9077255,-8.1286356],[-34.9099125,-8.1284976],[-34.9087028,-8.1315335]],[[-34.9116012,-8.1233625],[-34.9119905,-8.1234851],[-34.9120042,-8.1250179],[-34.9116012,-8.1233625]],[[-34.9078463,-8.1239358],[-34.9083532,-8.1240919],[-34.9078465,-8.1242054],[-34.9078463,-8.1239358]],[[-34.9078864,-8.1227006],[-34.9084376,-8.1225026],[-34.9083531,-8.1225364],[-34.9078864,-8.1227006]],[[-34.9094246,-8.1185475],[-34.9102513,-8.1219958],[-34.908284,-8.1188628],[-34.9075658,-8.1183503],[-34.9086908,-8.1181052],[-34.9088382,-8.118675],[-34.9094246,-8.1185475]],[[-34.907458,-8.1182905],[-34.9060514,-8.1175419],[-34.9053929,-8.1167999],[-34.9082423,-8.1165891],[-34.9083527,-8.1180016],[-34.907458,-8.1182905]],[[-34.9072838,-8.1145084],[-34.9071511,-8.1139305],[-34.9076961,-8.1137022],[-34.9078113,-8.1142604],[-34.9072838,-8.1145084]],[[-34.9085626,-8.1118725],[-34.9086277,-8.1120878],[-34.9083532,-8.1119329],[-34.9085626,-8.1118725]],[[-34.9079365,-8.1121019],[-34.9073938,-8.1120375],[-34.9076946,-8.1119389],[-34.9079365,-8.1121019]],[[-34.9073003,-8.1116149],[-34.9074284,-8.1115284],[-34.9073714,-8.1118725],[-34.9073003,-8.1116149]],[[-34.9070833,-8.1107975],[-34.9074329,-8.1106626],[-34.9072546,-8.1111331],[-34.9070833,-8.1107975]],[[-34.9086602,-8.1103572],[-34.9085525,-8.1099506],[-34.9088391,-8.1103109],[-34.9086602,-8.1103572]],[[-34.9075879,-8.108586],[-34.9075738,-8.1089452],[-34.9073119,-8.1086981],[-34.9075879,-8.108586]],[[-34.908302,-8.1081448],[-34.9084683,-8.1081814],[-34.9083004,-8.1084285],[-34.908302,-8.1081448]],[[-34.9076133,-8.108003],[-34.9073838,-8.1077285],[-34.9077273,-8.1077178],[-34.9076133,-8.108003]],[[-34.905945,-8.1071718],[-34.9061853,-8.106853],[-34.9063347,-8.1073838],[-34.9075486,-8.1083995],[-34.905945,-8.1071718]],[[-34.9077996,-8.1077036],[-34.9079506,-8.107455],[-34.9081238,-8.1077484],[-34.9077996,-8.1077036]],[[-34.9137568,-8.1004562],[-34.9141498,-8.1007045],[-34.9135932,-8.1006819],[-34.9137568,-8.1004562]],[[-34.9086778,-8.1001378],[-34.9088436,-8.0996277],[-34.9090342,-8.1002286],[-34.9086778,-8.1001378]],[[-34.9068367,-8.0974728],[-34.9065471,-8.0977065],[-34.90613,-8.0972723],[-34.9068367,-8.0974728]],[[-34.9058242,-8.09672],[-34.9065645,-8.0972232],[-34.9069817,-8.0972737],[-34.9069627,-8.0974488],[-34.9065551,-8.09734],[-34.9058242,-8.09672]],[[-34.9069682,-8.0968289],[-34.9070004,-8.0970373],[-34.9064063,-8.0969271],[-34.9069682,-8.0968289]],[[-34.909371,-8.0968063],[-34.9095625,-8.0968156],[-34.9094271,-8.0971045],[-34.909371,-8.0968063]],[[-34.9068864,-8.0968143],[-34.9064505,-8.0963336],[-34.907231,-8.0961225],[-34.9068864,-8.0968143]],[[-34.9063969,-8.0959087],[-34.9068917,-8.0956684],[-34.9069239,-8.0958198],[-34.9065551,-8.0962765],[-34.9063969,-8.0959087]],[[-34.9072042,-8.0950032],[-34.9072391,-8.0954533],[-34.9061099,-8.0959964],[-34.9055976,-8.0954825],[-34.9067026,-8.0952794],[-34.9072042,-8.0950032]],[[-34.9070138,-8.0956259],[-34.9072941,-8.0954281],[-34.9074242,-8.0950577],[-34.907396,-8.0957136],[-34.9070138,-8.0956259]],[[-34.9067603,-8.0949581],[-34.9070607,-8.0944907],[-34.9070768,-8.0943699],[-34.9072579,-8.0943818],[-34.9072444,-8.0949661],[-34.9067603,-8.0949581]],[[-34.907278,-8.0941521],[-34.9072739,-8.0943354],[-34.9070822,-8.0941349],[-34.907278,-8.0941521]],[[-34.9072605,-8.0941017],[-34.9065524,-8.092908],[-34.9071586,-8.0934285],[-34.9072605,-8.0941017]],[[-34.9104949,-8.0891339],[-34.9106317,-8.089219],[-34.9104293,-8.0894814],[-34.9104949,-8.0891339]],[[-34.9146169,-8.0883112],[-34.9151962,-8.0882899],[-34.9152606,-8.0884705],[-34.9146169,-8.0883112]],[[-34.9147295,-8.0882793],[-34.9145793,-8.0881944],[-34.91459,-8.0881147],[-34.9152231,-8.08812],[-34.9147295,-8.0882793]],[[-34.9146104,-8.0867365],[-34.9154644,-8.087095],[-34.9155396,-8.0880085],[-34.9144656,-8.0880164],[-34.9146104,-8.0867365]],[[-34.9143727,-8.0878519],[-34.9139184,-8.0877509],[-34.913846,-8.0871374],[-34.914547,-8.0868534],[-34.9143727,-8.0878519]],[[-34.9137826,-8.0871562],[-34.9135599,-8.0874801],[-34.9134902,-8.0869597],[-34.9137826,-8.0871562]],[[-34.9129595,-8.0866057],[-34.9131299,-8.0870536],[-34.9126403,-8.0866118],[-34.9129595,-8.0866057]],[[-34.9131818,-8.0869358],[-34.9130745,-8.086633],[-34.9132919,-8.0868347],[-34.9131818,-8.0869358]],[[-34.9063057,-8.0862711],[-34.9064439,-8.0862672],[-34.9065492,-8.0868131],[-34.9063057,-8.0862711]],[[-34.9146811,-8.0867233],[-34.915163,-8.0858442],[-34.9155421,-8.0859851],[-34.915348,-8.0869834],[-34.9146811,-8.0867233]],[[-34.9130637,-8.0861869],[-34.9133454,-8.0863808],[-34.9128626,-8.0864631],[-34.9130637,-8.0861869]],[[-34.913839,-8.085576],[-34.9148797,-8.0861018],[-34.9138229,-8.0871003],[-34.9132425,-8.0866462],[-34.913839,-8.085576]],[[-34.9146409,-8.0855947],[-34.9150959,-8.0858097],[-34.9149252,-8.0860462],[-34.9146409,-8.0855947]],[[-34.9133883,-8.0863356],[-34.9125505,-8.0858708],[-34.9128241,-8.0853025],[-34.9137772,-8.0855761],[-34.9133883,-8.0863356]],[[-34.9109897,-8.0860631],[-34.9104265,-8.0861906],[-34.9104108,-8.085217],[-34.9109897,-8.0860631]],[[-34.9123654,-8.0856689],[-34.912707,-8.0854062],[-34.9125461,-8.0857833],[-34.9123654,-8.0856689]],[[-34.9136806,-8.0854646],[-34.9137226,-8.085175],[-34.9143887,-8.0852495],[-34.9143288,-8.0856902],[-34.9136806,-8.0854646]],[[-34.9150673,-8.0848405],[-34.9152766,-8.0848565],[-34.9154571,-8.0855994],[-34.9149896,-8.0855018],[-34.9150673,-8.0848405]],[[-34.9128304,-8.0848618],[-34.913678,-8.0851964],[-34.9127731,-8.0852361],[-34.9128304,-8.0848618]],[[-34.9141384,-8.0851511],[-34.9136941,-8.0851486],[-34.9141545,-8.084705],[-34.9141384,-8.0851511]],[[-34.9131191,-8.0849015],[-34.9137387,-8.0847076],[-34.9136538,-8.0851114],[-34.9131191,-8.0849015]],[[-34.9063713,-8.0849269],[-34.90624,-8.0843272],[-34.9068244,-8.0842018],[-34.9069557,-8.0848014],[-34.9063713,-8.0849269]],[[-34.9065898,-8.0827221],[-34.9067186,-8.0831657],[-34.9060941,-8.0827184],[-34.9065898,-8.0827221]],[[-34.9082481,-8.0820235],[-34.9081806,-8.0824102],[-34.9078392,-8.0819222],[-34.9082481,-8.0820235]],[[-34.9125718,-8.0807308],[-34.9127443,-8.0806881],[-34.9130986,-8.0816154],[-34.912464,-8.0814537],[-34.9125718,-8.0807308]],[[-34.9136859,-8.0779095],[-34.9149612,-8.0779892],[-34.9148489,-8.0785214],[-34.9136492,-8.0782971],[-34.9136859,-8.0779095]],[[-34.9128881,-8.0755182],[-34.9127969,-8.0755395],[-34.9126815,-8.074849],[-34.9128881,-8.0755182]],[[-34.9112041,-8.0715227],[-34.9114328,-8.0714342],[-34.9113973,-8.0718927],[-34.9112041,-8.0715227]],[[-34.9140743,-8.0700209],[-34.9140824,-8.069503],[-34.914482,-8.0698297],[-34.9140743,-8.0700209]],[[-34.9085772,-8.0654385],[-34.9089266,-8.0653592],[-34.9089627,-8.0661734],[-34.9085772,-8.0654385]],[[-34.9136232,-8.0614364],[-34.9134973,-8.0616315],[-34.9129743,-8.061179],[-34.9136232,-8.0614364]],[[-34.9125357,-8.0611353],[-34.9126694,-8.0610857],[-34.9127821,-8.0614893],[-34.9125357,-8.0611353]],[[-34.9124842,-8.0565164],[-34.9125379,-8.0567516],[-34.9123899,-8.0566594],[-34.9124842,-8.0565164]],[[-34.9119585,-8.0556287],[-34.9120061,-8.0555988],[-34.9124419,-8.0564179],[-34.9119585,-8.0556287]],[[-34.915719,-8.0534511],[-34.9106339,-8.056234],[-34.9156834,-8.0533914],[-34.915719,-8.0534511]],[[-34.9137496,-8.0546564],[-34.9150896,-8.0539183],[-34.9155024,-8.054775],[-34.9140612,-8.0552489],[-34.9137496,-8.0546564]],[[-34.9087442,-8.0536896],[-34.9089005,-8.0536731],[-34.9089567,-8.0549097],[-34.9087442,-8.0536896]],[[-34.9083666,-8.0513452],[-34.9088715,-8.0525888],[-34.9088516,-8.0535004],[-34.9083666,-8.0513452]],[[-34.9111581,-8.0515359],[-34.9109272,-8.0516084],[-34.9111484,-8.0512944],[-34.9111581,-8.0515359]],[[-34.9113533,-8.0508774],[-34.911376,-8.0512622],[-34.9111484,-8.0512944],[-34.9113533,-8.0508774]],[[-34.9072864,-8.0505591],[-34.9072889,-8.0507889],[-34.9066598,-8.0506437],[-34.9072864,-8.0505591]],[[-34.9099282,-8.0503426],[-34.9104478,-8.05024],[-34.910453,-8.0508296],[-34.9099574,-8.05086],[-34.9099282,-8.0503426]],[[-34.9148822,-8.0476402],[-34.914992,-8.0485055],[-34.9145955,-8.0476486],[-34.9148822,-8.0476402]],[[-34.9146846,-8.0474772],[-34.9144693,-8.0475263],[-34.9135043,-8.0464941],[-34.9146846,-8.0474772]],[[-34.9135609,-8.0455208],[-34.9145297,-8.0460972],[-34.913963,-8.0467162],[-34.9132502,-8.0461016],[-34.9135609,-8.0455208]],[[-34.9149763,-8.0447488],[-34.9133802,-8.0439018],[-34.9165977,-8.0449852],[-34.9149763,-8.0447488]],[[-34.9109996,-8.0383423],[-34.9105943,-8.0379128],[-34.911275,-8.037872],[-34.9109996,-8.0383423]],[[-34.913719,-8.0374119],[-34.9139844,-8.0373592],[-34.9138541,-8.0376179],[-34.913719,-8.0374119]],[[-34.9142451,-8.0369416],[-34.914413,-8.0370412],[-34.9142904,-8.0372083],[-34.9142451,-8.0369416]],[[-34.9140636,-8.0372164],[-34.9137144,-8.0372554],[-34.913898,-8.0366178],[-34.9140636,-8.0372164]],[[-34.909315,-8.0369599],[-34.9095134,-8.0364432],[-34.9097347,-8.0363884],[-34.909315,-8.0369599]],[[-34.9091043,-8.0369795],[-34.9095709,-8.0360236],[-34.909794,-8.0363107],[-34.9093521,-8.0364974],[-34.9092948,-8.0370727],[-34.9091043,-8.0369795]],[[-34.9085426,-8.0345254],[-34.9110354,-8.036903],[-34.9103672,-8.0377791],[-34.910266,-8.0367749],[-34.9090523,-8.0354138],[-34.9081383,-8.0348368],[-34.9085426,-8.0345254]],[[-34.9133246,-8.0358496],[-34.9135711,-8.0356635],[-34.9135804,-8.036115],[-34.9133246,-8.0358496]],[[-34.9119121,-8.0340778],[-34.9114612,-8.0344198],[-34.9116736,-8.033766],[-34.9119121,-8.0340778]],[[-34.9128969,-8.0341661],[-34.9119283,-8.0329628],[-34.911911,-8.032614],[-34.9128969,-8.0341661]],[[-34.9102539,-8.0328922],[-34.9105244,-8.0333145],[-34.910124,-8.0329393],[-34.9102539,-8.0328922]],[[-34.9072276,-8.032847],[-34.9074598,-8.0330893],[-34.9070847,-8.0331873],[-34.9072276,-8.032847]],[[-34.9110427,-8.0283244],[-34.9121021,-8.0280277],[-34.9146647,-8.0316907],[-34.9136016,-8.0320243],[-34.9110427,-8.0283244]],[[-34.909391,-8.0266559],[-34.9095411,-8.027173],[-34.9088026,-8.0271562],[-34.909391,-8.0266559]],[[-34.9144293,-8.0228391],[-34.914797,-8.0234915],[-34.9142471,-8.0229391],[-34.9144293,-8.0228391]],[[-34.9158979,-8.0190134],[-34.9159848,-8.0193351],[-34.9155515,-8.0194923],[-34.9143137,-8.0195373],[-34.9158979,-8.0190134]],[[-34.9137986,-8.012346],[-34.9137657,-8.0126416],[-34.9134174,-8.0121811],[-34.9137986,-8.012346]],[[-34.9140848,-7.9997996],[-34.9137487,-7.999966],[-34.9135361,-7.9995742],[-34.9138026,-7.9992965],[-34.9140848,-7.9997996]],[[-34.9091875,-7.9967725],[-34.9126515,-7.9936454],[-34.9158055,-7.9959894],[-34.9158593,-7.9969023],[-34.913653,-7.9994256],[-34.9093445,-8.0008403],[-34.9077574,-7.9988377],[-34.9083313,-7.997578],[-34.9093151,-7.9979855],[-34.9091875,-7.9967725]],[[-34.9060651,-7.989093],[-34.906167,-7.990708],[-34.9079552,-7.9904062],[-34.910118,-7.9915173],[-34.9069643,-7.9914553],[-34.9065454,-7.9920096],[-34.9068346,-7.9933907],[-34.9063601,-7.9938475],[-34.9051854,-7.993451],[-34.9048031,-7.9924381],[-34.9049976,-7.9900386],[-34.9060651,-7.989093]],[[-34.9146982,-7.9898683],[-34.913414,-7.9906452],[-34.9145768,-7.9897596],[-34.9146982,-7.9898683]],[[-34.9132062,-7.9896764],[-34.913379,-7.9896024],[-34.9132575,-7.9901897],[-34.9132062,-7.9896764]],[[-34.9137923,-7.9898336],[-34.9135704,-7.9899539],[-34.9135751,-7.9895584],[-34.9137923,-7.9898336]],[[-34.9146469,-7.9897064],[-34.9152726,-7.9892948],[-34.9152773,-7.9899099],[-34.9146469,-7.9897064]],[[-34.9139557,-7.9893642],[-34.9142522,-7.9896255],[-34.9138997,-7.9896671],[-34.9139557,-7.9893642]],[[-34.9122278,-7.9890312],[-34.9121157,-7.9895931],[-34.912013,-7.9891283],[-34.9122278,-7.9890312]],[[-34.9121951,-7.9889133],[-34.912445,-7.988615],[-34.9123049,-7.9890798],[-34.9121951,-7.9889133]],[[-34.9120596,-7.9883152],[-34.9119458,-7.9886514],[-34.9116978,-7.9884722],[-34.9120596,-7.9883152]],[[-34.9130544,-7.9880852],[-34.9131252,-7.9884778],[-34.9128739,-7.9884953],[-34.9130544,-7.9880852]],[[-34.9141881,-7.9884795],[-34.9138425,-7.9877895],[-34.9144239,-7.9883121],[-34.9141881,-7.9884795]],[[-34.912019,-7.9878442],[-34.9115799,-7.9878402],[-34.9118157,-7.987202],[-34.9121165,-7.9871598],[-34.912019,-7.9878442]],[[-34.9138472,-7.9876253],[-34.9131584,-7.987875],[-34.913128,-7.9877733],[-34.9142698,-7.9871073],[-34.9138472,-7.9876253]],[[-34.9122361,-7.9875425],[-34.9121451,-7.9868997],[-34.9130347,-7.9867933],[-34.9129273,-7.9874385],[-34.9122361,-7.9875425]],[[-34.9151828,-7.9873247],[-34.9147765,-7.9871305],[-34.9151618,-7.9867975],[-34.9151828,-7.9873247]],[[-34.907923,-7.9820551],[-34.910278,-7.9845333],[-34.9116996,-7.9845333],[-34.9110585,-7.9859119],[-34.907923,-7.9820551]],[[-34.9150866,-7.9811595],[-34.9145906,-7.9825848],[-34.9154606,-7.982617],[-34.9137514,-7.9831172],[-34.9127751,-7.9822725],[-34.9140765,-7.9805238],[-34.9150866,-7.9811595]],[[-34.91251,-7.981688],[-34.9116923,-7.9830527],[-34.9109236,-7.9828621],[-34.9108054,-7.9802984],[-34.9124274,-7.9795561],[-34.9135776,-7.9801365],[-34.9124746,-7.9812472],[-34.9116604,-7.9809221],[-34.9114582,-7.9812115],[-34.91251,-7.981688]],[[-34.9092659,-7.9810303],[-34.910014,-7.9808814],[-34.910266,-7.9801687],[-34.9107457,-7.9806881],[-34.9101237,-7.9816342],[-34.9092659,-7.9810303]],[[-34.9139662,-7.9789554],[-34.914094,-7.9785328],[-34.9141403,-7.9790531],[-34.9139662,-7.9789554]],[[-34.9133054,-7.9786602],[-34.9125682,-7.9785595],[-34.912978,-7.978146],[-34.9133054,-7.9786602]],[[-34.9139894,-7.9776508],[-34.9135247,-7.9780899],[-34.9129843,-7.9767816],[-34.9136121,-7.9762164],[-34.9141322,-7.9770665],[-34.9135859,-7.977076],[-34.9139894,-7.9776508]],[[-34.9138834,-7.9612433],[-34.9134969,-7.9607355],[-34.9136586,-7.960698],[-34.9138834,-7.9612433]],[[-34.9141662,-7.9610382],[-34.9141006,-7.9610932],[-34.9138025,-7.9605629],[-34.9141662,-7.9610382]],[[-34.9091854,-7.9507518],[-34.9107298,-7.9487297],[-34.910447,-7.9481093],[-34.9118816,-7.9482594],[-34.9115583,-7.94932],[-34.9126191,-7.9527119],[-34.9122048,-7.9532823],[-34.9146901,-7.9566641],[-34.9143769,-7.9583451],[-34.9134576,-7.9584651],[-34.9134576,-7.9575846],[-34.9122857,-7.9575046],[-34.9119119,-7.9552133],[-34.9097398,-7.9519715],[-34.9101944,-7.9506608],[-34.9091854,-7.9507518]],[[-34.9095137,-7.9496119],[-34.9096559,-7.9495602],[-34.9097139,-7.9498964],[-34.9095137,-7.9496119]],[[-34.9112588,-7.942121],[-34.9106287,-7.9412778],[-34.9114341,-7.9405793],[-34.91201,-7.9413605],[-34.9112588,-7.942121]],[[-34.906625,-7.9319262],[-34.9084646,-7.9345801],[-34.9060784,-7.9346263],[-34.9059673,-7.9339056],[-34.9051853,-7.9334974],[-34.9059451,-7.9332069],[-34.9050719,-7.9324016],[-34.9051386,-7.9314311],[-34.906525,-7.9315367],[-34.9062317,-7.9320979],[-34.906625,-7.9319262]],[[-34.904409,-8.1400847],[-34.9051713,-8.1421877],[-34.9040006,-8.1426579],[-34.9031377,-8.1405498],[-34.904409,-8.1400847]],[[-34.9023896,-8.1381904],[-34.9029638,-8.1379896],[-34.9024795,-8.1384424],[-34.9023896,-8.1381904]],[[-34.902478,-8.1299547],[-34.9023101,-8.1295038],[-34.9025866,-8.1294507],[-34.902478,-8.1299547]],[[-34.9062521,-8.1287658],[-34.9062532,-8.1292075],[-34.9056575,-8.1288303],[-34.9062521,-8.1287658]],[[-34.9052984,-8.1217007],[-34.9058442,-8.1216855],[-34.9052853,-8.1220061],[-34.9052984,-8.1217007]],[[-34.905108,-8.1219356],[-34.9048802,-8.1219007],[-34.9049319,-8.1217031],[-34.905108,-8.1219356]],[[-34.9047981,-8.1208071],[-34.904399,-8.1207997],[-34.9052889,-8.1207498],[-34.9047981,-8.1208071]],[[-34.9030524,-8.1208778],[-34.9030088,-8.119997],[-34.9031096,-8.120871],[-34.9030524,-8.1208778]],[[-34.9044871,-8.1201057],[-34.90448,-8.1207123],[-34.904415,-8.1201134],[-34.9044871,-8.1201057]],[[-34.9031526,-8.1199392],[-34.903253,-8.1208465],[-34.9030977,-8.1199683],[-34.9031526,-8.1199392]],[[-34.9038771,-8.1206676],[-34.9038318,-8.1201079],[-34.9039586,-8.1206594],[-34.9038771,-8.1206676]],[[-34.9033284,-8.119939],[-34.9033646,-8.1207934],[-34.9032571,-8.1199097],[-34.9033284,-8.119939]],[[-34.9047003,-8.120039],[-34.9047621,-8.1200242],[-34.9048346,-8.1206753],[-34.9047003,-8.120039]],[[-34.9033718,-8.119957],[-34.9035177,-8.1206964],[-34.9034537,-8.1207376],[-34.9033718,-8.119957]],[[-34.9037996,-8.1206683],[-34.9037278,-8.1206756],[-34.903655,-8.1199771],[-34.9037996,-8.1206683]],[[-34.9023689,-8.1192976],[-34.9023015,-8.1196457],[-34.902122,-8.119688],[-34.9023689,-8.1192976]],[[-34.9023587,-8.1185096],[-34.9024824,-8.1179467],[-34.9027486,-8.1182299],[-34.9023587,-8.1185096]],[[-34.9048927,-8.1173042],[-34.9046722,-8.1168755],[-34.9057955,-8.1180676],[-34.9048927,-8.1173042]],[[-34.9046254,-8.1166561],[-34.904137,-8.1164522],[-34.9041565,-8.1161639],[-34.9046254,-8.1166561]],[[-34.9046177,-8.1160373],[-34.9050527,-8.1156675],[-34.9053389,-8.1166776],[-34.9046177,-8.1160373]],[[-34.9033526,-8.1135075],[-34.9028013,-8.1136217],[-34.9031931,-8.113224],[-34.9033526,-8.1135075]],[[-34.9026158,-8.1122539],[-34.9029227,-8.1126289],[-34.9023364,-8.112391],[-34.9026158,-8.1122539]],[[-34.9029381,-8.112344],[-34.9031525,-8.1122733],[-34.903052,-8.1125565],[-34.9029381,-8.112344]],[[-34.903439,-8.1113459],[-34.9035281,-8.1116308],[-34.903108,-8.1114999],[-34.903439,-8.1113459]],[[-34.9036548,-8.1112588],[-34.9043802,-8.1108127],[-34.9038108,-8.1115026],[-34.9036548,-8.1112588]],[[-34.9029511,-8.1105976],[-34.903061,-8.1106178],[-34.9029308,-8.1109883],[-34.9029511,-8.1105976]],[[-34.903211,-8.1104649],[-34.9035107,-8.1100043],[-34.903348,-8.1105454],[-34.903211,-8.1104649]],[[-34.9036224,-8.1099491],[-34.9037323,-8.1095504],[-34.9038259,-8.1099975],[-34.9036224,-8.1099491]],[[-34.9035164,-8.1099563],[-34.9034964,-8.109507],[-34.903622,-8.1095536],[-34.9035164,-8.1099563]],[[-34.9056823,-8.1071892],[-34.9056388,-8.1072676],[-34.9053725,-8.1069701],[-34.9056823,-8.1071892]],[[-34.9062125,-8.1065445],[-34.9060205,-8.1060875],[-34.9064415,-8.1064038],[-34.9062125,-8.1065445]],[[-34.9047818,-8.1034801],[-34.9051615,-8.1034693],[-34.9049191,-8.1041447],[-34.9047818,-8.1034801]],[[-34.9065509,-8.103341],[-34.9051255,-8.1030663],[-34.9058234,-8.1015853],[-34.9070983,-8.1008594],[-34.9065509,-8.103341]],[[-34.9050491,-8.0977224],[-34.905151,-8.0975525],[-34.9053481,-8.0978579],[-34.9050491,-8.0977224]],[[-34.9050383,-8.0973055],[-34.9057317,-8.0975405],[-34.9049766,-8.0974423],[-34.9050383,-8.0973055]],[[-34.9058577,-8.0962832],[-34.9059717,-8.0966921],[-34.9056566,-8.0963974],[-34.9058577,-8.0962832]],[[-34.906071,-8.0960521],[-34.9067576,-8.0968421],[-34.9058604,-8.0961902],[-34.906071,-8.0960521]],[[-34.906413,-8.0962659],[-34.9061461,-8.0960402],[-34.9064411,-8.0961331],[-34.906413,-8.0962659]],[[-34.9047111,-8.0965301],[-34.9048533,-8.0955038],[-34.9052958,-8.0960734],[-34.9057464,-8.0962367],[-34.9047111,-8.0965301]],[[-34.9040861,-8.0962925],[-34.9042404,-8.095306],[-34.9042659,-8.0963535],[-34.9040861,-8.0962925]],[[-34.9043289,-8.0953046],[-34.9053521,-8.0955025],[-34.9048331,-8.0954613],[-34.9046789,-8.0965089],[-34.9042913,-8.0963708],[-34.9044442,-8.0958171],[-34.9043289,-8.0953046]],[[-34.9050155,-8.095537],[-34.905391,-8.0955503],[-34.9050598,-8.0956937],[-34.9050155,-8.095537]],[[-34.9056499,-8.095934],[-34.9054112,-8.0955224],[-34.9057893,-8.0958052],[-34.9056499,-8.095934]],[[-34.9035014,-8.0958477],[-34.9035645,-8.0952382],[-34.904117,-8.0959234],[-34.9035014,-8.0958477]],[[-34.9034572,-8.0958689],[-34.902965,-8.0957839],[-34.9029784,-8.0952741],[-34.9034867,-8.0952077],[-34.9034572,-8.0958689]],[[-34.9027008,-8.096015],[-34.9022408,-8.0952064],[-34.9031715,-8.0945359],[-34.9027008,-8.096015]],[[-34.906299,-8.0928363],[-34.9070352,-8.0944496],[-34.9067523,-8.0948426],[-34.9067,-8.0952329],[-34.9055171,-8.0954281],[-34.9049056,-8.0949382],[-34.906299,-8.0928363]],[[-34.9030032,-8.0926897],[-34.9049217,-8.0919855],[-34.9059181,-8.0931424],[-34.9048493,-8.0948468],[-34.9030032,-8.0926897]],[[-34.9031737,-8.0934192],[-34.9024948,-8.0931624],[-34.9031782,-8.0933209],[-34.9031737,-8.0934192]],[[-34.9035232,-8.093373],[-34.9025616,-8.0927795],[-34.9029063,-8.0927104],[-34.9035232,-8.093373]],[[-34.9024987,-8.0927661],[-34.9018757,-8.0921811],[-34.9022861,-8.0919408],[-34.9028941,-8.0926525],[-34.9024987,-8.0927661]],[[-34.902934,-8.0926554],[-34.9023109,-8.0917949],[-34.9026648,-8.0915778],[-34.902934,-8.0916635],[-34.9034686,-8.0914331],[-34.9039552,-8.0921623],[-34.902934,-8.0926554]],[[-34.9063568,-8.0922591],[-34.9054926,-8.0923331],[-34.9053579,-8.0912924],[-34.9063568,-8.0922591]],[[-34.9039898,-8.092149],[-34.9035206,-8.0914141],[-34.9041052,-8.0920709],[-34.9039898,-8.092149]],[[-34.9041402,-8.0908897],[-34.9042129,-8.0909999],[-34.905244,-8.0920275],[-34.9048715,-8.0919173],[-34.9041675,-8.0920432],[-34.9036247,-8.0912787],[-34.9041402,-8.0908897]],[[-34.9025051,-8.0910306],[-34.9027387,-8.0913501],[-34.9022588,-8.0918084],[-34.9019955,-8.0913557],[-34.9025051,-8.0910306]],[[-34.9028194,-8.0914819],[-34.9025277,-8.0907811],[-34.9031889,-8.091273],[-34.9028194,-8.0914819]],[[-34.9042655,-8.0902307],[-34.9053044,-8.091285],[-34.90494384210873,-8.09115121889072],[-34.9042655,-8.0902307]],[[-34.9042426,-8.090962],[-34.9043094,-8.0903881],[-34.9046921,-8.0911345],[-34.9042426,-8.090962]],[[-34.9037155,-8.0899791],[-34.903234,-8.091236],[-34.9029978,-8.0907031],[-34.9025254,-8.0907121],[-34.9024868,-8.090395],[-34.9037155,-8.0899791]],[[-34.902677,-8.0897683],[-34.902845,-8.0902484],[-34.9023747,-8.0898498],[-34.902677,-8.0897683]],[[-34.9039812,-8.0899318],[-34.9037814,-8.0900038],[-34.9038064,-8.0895001],[-34.9039812,-8.0899318]],[[-34.904113,-8.0898756],[-34.9040198,-8.0899228],[-34.9038313,-8.0894304],[-34.904113,-8.0898756]],[[-34.9041505,-8.0898983],[-34.9035872,-8.0888468],[-34.9034478,-8.0887724],[-34.9031688,-8.0888335],[-34.9035418,-8.0886428],[-34.9034097,-8.0882653],[-34.9033632,-8.0882157],[-34.9030089,-8.0882369],[-34.9028657,-8.0883263],[-34.9026819,-8.0875858],[-34.9037083,-8.0881422],[-34.9043225,-8.0900037],[-34.9035631,-8.091242],[-34.9028443,-8.0916297],[-34.902737,-8.0914757],[-34.9029355,-8.0915182],[-34.903657,-8.091011],[-34.9041505,-8.0898983]],[[-34.9027283,-8.0867711],[-34.9033791,-8.0872697],[-34.903364,-8.0877696],[-34.9025568,-8.0875051],[-34.9027283,-8.0867711]],[[-34.9025161,-8.0889372],[-34.9021461,-8.0889277],[-34.903017,-8.0887284],[-34.9036549,-8.0899161],[-34.9028702,-8.0902256],[-34.9025161,-8.0889372]],[[-34.9026802,-8.0897314],[-34.9023501,-8.0898246],[-34.9024418,-8.0890185],[-34.9026802,-8.0897314]],[[-34.9034931,-8.0888377],[-34.9035181,-8.0893499],[-34.9032142,-8.0889139],[-34.9034931,-8.0888377]],[[-34.9033592,-8.0882532],[-34.9035101,-8.08862],[-34.9028355,-8.0884229],[-34.9033592,-8.0882532]],[[-34.9027521,-8.0885603],[-34.9015263,-8.0886931],[-34.9015461,-8.0883764],[-34.902567,-8.0878084],[-34.9027521,-8.0885603]],[[-34.9048553,-8.0873165],[-34.9053215,-8.0870424],[-34.9053819,-8.0872364],[-34.9048553,-8.0873165]],[[-34.905222,-8.0870281],[-34.9051694,-8.0868554],[-34.9056995,-8.0867463],[-34.905222,-8.0870281]],[[-34.902968,-8.0853006],[-34.9029891,-8.0851048],[-34.9030213,-8.0856598],[-34.9023722,-8.0857421],[-34.9029784,-8.085681],[-34.9029097,-8.0866298],[-34.9024029,-8.086875],[-34.90291995460395,-8.085922114807062],[-34.9010392,-8.0865175],[-34.9004635,-8.0864262],[-34.9019776,-8.0860946],[-34.902099,-8.0858284],[-34.902968,-8.0853006]],[[-34.9057114,-8.0864238],[-34.9055171,-8.0856502],[-34.9057469,-8.0861489],[-34.9057114,-8.0864238]],[[-34.9027538,-8.0853962],[-34.9020604,-8.085537],[-34.9026357,-8.0850988],[-34.9027538,-8.0853962]],[[-34.9029415,-8.0852873],[-34.9027953,-8.0853073],[-34.902802,-8.084982],[-34.9029415,-8.0852873]],[[-34.9023246,-8.0851506],[-34.9023058,-8.0847124],[-34.9027766,-8.0849049],[-34.9023246,-8.0851506]],[[-34.9022435,-8.0845816],[-34.9026324,-8.084741],[-34.9022609,-8.0846772],[-34.9022435,-8.0845816]],[[-34.9020369,-8.084964],[-34.9019323,-8.0844329],[-34.9022435,-8.0845816],[-34.9020369,-8.084964]],[[-34.9016279,-8.084501],[-34.901349,-8.0842005],[-34.9019323,-8.0844329],[-34.9016279,-8.084501]],[[-34.9057034,-8.0810224],[-34.905804,-8.0811442],[-34.9054229,-8.0813816],[-34.9057034,-8.0810224]],[[-34.9023454,-8.0821763],[-34.9019554,-8.081221],[-34.9021619,-8.0798088],[-34.9025498,-8.080892],[-34.9023454,-8.0821763]],[[-34.9063821,-8.0804031],[-34.9061186,-8.0811551],[-34.9058551,-8.0803211],[-34.9063821,-8.0804031]],[[-34.9032854,-8.0771515],[-34.904034,-8.0759961],[-34.9026997,-8.0786143],[-34.9032854,-8.0771515]],[[-34.9041934,-8.0731038],[-34.9042041,-8.072671],[-34.9047057,-8.0723257],[-34.9041934,-8.0731038]],[[-34.904813,-8.0723948],[-34.9046789,-8.0717946],[-34.905336,-8.0720628],[-34.904813,-8.0723948]],[[-34.9056927,-8.0717388],[-34.9054004,-8.0718849],[-34.9055211,-8.0716193],[-34.9056927,-8.0717388]],[[-34.9054755,-8.0716007],[-34.9053146,-8.0719778],[-34.9049471,-8.0714733],[-34.9054755,-8.0716007]],[[-34.9032314,-8.071091],[-34.9039771,-8.071245],[-34.9037625,-8.0719249],[-34.9032314,-8.071091]],[[-34.9055958,-8.0715662],[-34.9043244,-8.0705252],[-34.906084,-8.0704508],[-34.9055958,-8.0715662]],[[-34.9060217,-8.0708907],[-34.9061424,-8.0705827],[-34.9064482,-8.0705349],[-34.9064562,-8.0709969],[-34.9060217,-8.0708907]],[[-34.9044759,-8.070437],[-34.9044384,-8.0700121],[-34.9048514,-8.0699139],[-34.9049694,-8.0704423],[-34.9044759,-8.070437]],[[-34.9055461,-8.0697811],[-34.9056239,-8.0703706],[-34.9050016,-8.0704503],[-34.9048756,-8.0699059],[-34.9055461,-8.0697811]],[[-34.9058232,-8.0697329],[-34.9058688,-8.0702773],[-34.9062041,-8.0704366],[-34.9056596,-8.0703569],[-34.9058232,-8.0697329]],[[-34.9063275,-8.0704286],[-34.9059281,-8.0702743],[-34.9058447,-8.0694487],[-34.9065179,-8.0696054],[-34.9063275,-8.0704286]],[[-34.9022563,-8.0655081],[-34.9035259,-8.0656891],[-34.9038827,-8.0674378],[-34.9051791,-8.0681581],[-34.90421954184957,-8.068047074099455],[-34.9041757,-8.0686108],[-34.9049696,-8.0689401],[-34.9042458,-8.0692536],[-34.9045277,-8.0697935],[-34.9058119,-8.0695987],[-34.9037895,-8.0701935],[-34.9027059,-8.0698377],[-34.9007767,-8.0678654],[-34.9010334,-8.0669981],[-34.9022563,-8.0655081]],[[-34.9058077,-8.0685812],[-34.9059901,-8.0685919],[-34.9063227,-8.0692027],[-34.9057326,-8.0693753],[-34.9058077,-8.0685812]],[[-34.9057487,-8.0685812],[-34.9056387,-8.0690008],[-34.9051801,-8.0682838],[-34.9057487,-8.0685812]],[[-34.9065095,-8.0654546],[-34.9067536,-8.0654413],[-34.9070258,-8.066534],[-34.9058499,-8.0673607],[-34.9065095,-8.0654546]],[[-34.9059812,-8.0643616],[-34.9060559,-8.0639362],[-34.9066536,-8.064061],[-34.9067237,-8.0645997],[-34.9059812,-8.0643616]],[[-34.9042374,-8.0618608],[-34.9040772,-8.0623758],[-34.9035676,-8.0619109],[-34.9047898,-8.0616889],[-34.9047746,-8.0624114],[-34.9042374,-8.0618608]],[[-34.9023631,-8.0589409],[-34.9019599,-8.058592],[-34.9024232,-8.058644],[-34.9023631,-8.0589409]],[[-34.9061195,-8.0582391],[-34.9061789,-8.0585985],[-34.9057799,-8.0582856],[-34.9061195,-8.0582391]],[[-34.9050338,-8.0584936],[-34.905135,-8.0581856],[-34.9057581,-8.0586084],[-34.9050338,-8.0584936]],[[-34.9050274,-8.0581823],[-34.9049363,-8.0586315],[-34.9044417,-8.0581465],[-34.9050274,-8.0581823]],[[-34.9029368,-8.0586289],[-34.9037552,-8.0580199],[-34.9035612,-8.0587023],[-34.9029368,-8.0586289]],[[-34.9025587,-8.0575342],[-34.9018479,-8.0579757],[-34.9032909,-8.0566536],[-34.9025587,-8.0575342]],[[-34.9036041,-8.0564585],[-34.9038194,-8.0561552],[-34.9039201,-8.0566223],[-34.9036041,-8.0564585]],[[-34.9050653,-8.049607],[-34.9050715,-8.049885],[-34.9048454,-8.0497318],[-34.9050653,-8.049607]],[[-34.9045069,-8.0469411],[-34.904377,-8.0477684],[-34.9042583,-8.0469268],[-34.9045069,-8.0469411]],[[-34.9048819,-8.0448283],[-34.9046317,-8.0456131],[-34.9045824,-8.0448846],[-34.9048819,-8.0448283]],[[-34.9049036,-8.0447778],[-34.9046092,-8.044697],[-34.9050884,-8.0443619],[-34.9049036,-8.0447778]],[[-34.9031482,-8.0372016],[-34.9048028,-8.0352356],[-34.9064309,-8.0364183],[-34.9049651,-8.0385288],[-34.9031482,-8.0372016]],[[-34.9037039,-8.0363467],[-34.9035279,-8.0365005],[-34.9022131,-8.0356964],[-34.9037039,-8.0363467]],[[-34.9058451,-8.0348677],[-34.9063143,-8.0353603],[-34.9060648,-8.0356026],[-34.9055186,-8.0352954],[-34.9058451,-8.0348677]],[[-34.9069755,-8.0329611],[-34.905752,-8.033701],[-34.9062891,-8.0326328],[-34.9069755,-8.0329611]],[[-34.9062505,-8.0276492],[-34.9063299,-8.0282457],[-34.9057415,-8.0279729],[-34.9062505,-8.0276492]],[[-34.9057034,-8.0282526],[-34.9054571,-8.027551],[-34.9057855,-8.0282184],[-34.9057034,-8.0282526]],[[-34.9065811,-8.0222014],[-34.9061992,-8.0225152],[-34.9061379,-8.0224082],[-34.9065811,-8.0222014]],[[-34.9029163,-8.0146784],[-34.9030199,-8.0150085],[-34.902902,-8.0151172],[-34.9029163,-8.0146784]],[[-34.904642,-8.014767],[-34.9043473,-8.0151716],[-34.904575,-8.0145315],[-34.904642,-8.014767]],[[-34.9034082,-8.0147267],[-34.9036541,-8.0146281],[-34.9037781,-8.0149038],[-34.9034082,-8.0147267]],[[-34.9057396,-8.0110007],[-34.9053441,-8.0113764],[-34.9056218,-8.0108926],[-34.9057396,-8.0110007]],[[-34.9030788,-8.0097542],[-34.9032645,-8.0097519],[-34.9031254,-8.0104245],[-34.9030788,-8.0097542]],[[-34.9027453,-8.0063032],[-34.9028565,-8.0061638],[-34.9031176,-8.0065943],[-34.9027453,-8.0063032]],[[-34.9041202,-7.9995167],[-34.9039615,-7.9992879],[-34.9043838,-7.9993374],[-34.9041202,-7.9995167]],[[-34.9000435,-7.9591355],[-34.8998497,-7.9585351],[-34.9003785,-7.9579779],[-34.9017839,-7.9576668],[-34.902149,-7.9587219],[-34.9011541,-7.958775],[-34.9008024,-7.9593189],[-34.9021217,-7.9597281],[-34.904471,-7.9576535],[-34.9029689,-7.9551884],[-34.9043687,-7.949372],[-34.9043234,-7.9488342],[-34.9032729,-7.9483541],[-34.9046825,-7.94829],[-34.9054983,-7.9492175],[-34.90631,-7.9489959],[-34.9054138,-7.9476139],[-34.907338,-7.9492476],[-34.9112301,-7.9554646],[-34.9115305,-7.9577173],[-34.9108653,-7.9583973],[-34.912067,-7.9657926],[-34.9059515,-7.9658351],[-34.8996859,-7.96456],[-34.9005264,-7.9633423],[-34.8987508,-7.9618481],[-34.8995081,-7.9608127],[-34.8980845,-7.9604592],[-34.9000435,-7.9591355]],[[-34.9013922,-8.1320395],[-34.9002899,-8.132424],[-34.9001008,-8.1319642],[-34.9013701,-8.1316449],[-34.9013922,-8.1320395]],[[-34.9001513,-8.1294557],[-34.9001769,-8.1291829],[-34.9005106,-8.1290985],[-34.9001513,-8.1294557]],[[-34.9012868,-8.1272683],[-34.9012139,-8.1270181],[-34.90152,-8.127078],[-34.9012868,-8.1272683]],[[-34.8985735,-8.1217837],[-34.8989562,-8.1217459],[-34.8988301,-8.1224061],[-34.8985735,-8.1217837]],[[-34.9018712,-8.1199906],[-34.9020591,-8.119934],[-34.9022952,-8.1206918],[-34.9019594,-8.1211306],[-34.9018712,-8.1199906]],[[-34.8990385,-8.1204941],[-34.8984963,-8.1203535],[-34.8989533,-8.1202209],[-34.8990385,-8.1204941]],[[-34.898381,-8.1195902],[-34.8982528,-8.1192503],[-34.8983599,-8.1192069],[-34.898381,-8.1195902]],[[-34.8951101,-8.1205243],[-34.895048,-8.120563],[-34.8935223,-8.1180575],[-34.8951101,-8.1205243]],[[-34.9021715,-8.1187991],[-34.9019172,-8.1192081],[-34.9018561,-8.11878],[-34.9021715,-8.1187991]],[[-34.9019177,-8.1174549],[-34.9024216,-8.1178355],[-34.9019815,-8.1182582],[-34.9019177,-8.1174549]],[[-34.8999697,-8.1175155],[-34.9000794,-8.117818],[-34.8997346,-8.1175749],[-34.8999697,-8.1175155]],[[-34.8998247,-8.1173823],[-34.8997386,-8.1174754],[-34.8995502,-8.1171133],[-34.8998247,-8.1173823]],[[-34.9012064,-8.1172946],[-34.9010867,-8.116727],[-34.9013401,-8.1172014],[-34.9012064,-8.1172946]],[[-34.9020712,-8.1162401],[-34.902315,-8.1167559],[-34.9019285,-8.1169349],[-34.9013597,-8.1166117],[-34.9020712,-8.1162401]],[[-34.9013139,-8.1164277],[-34.9009221,-8.11559],[-34.9015177,-8.1163439],[-34.9013139,-8.1164277]],[[-34.9008072,-8.1155357],[-34.9009757,-8.1158098],[-34.9009535,-8.1161214],[-34.9008072,-8.1155357]],[[-34.899094,-8.1075045],[-34.899069,-8.109281],[-34.8981464,-8.1082396],[-34.8982998,-8.107768],[-34.8975399,-8.1077318],[-34.899094,-8.1075045]],[[-34.896457,-8.1078141],[-34.8972425,-8.1079246],[-34.8969435,-8.108222],[-34.896457,-8.1078141]],[[-34.8965851,-8.1075237],[-34.8954241,-8.1076656],[-34.8958253,-8.1072244],[-34.8965851,-8.1075237]],[[-34.8967946,-8.1048682],[-34.8945281,-8.1038087],[-34.8932299,-8.1038565],[-34.8916462,-8.1048227],[-34.8907784,-8.1041725],[-34.89106,-8.102558],[-34.8902312,-8.1019579],[-34.8896009,-8.1003965],[-34.891524,-8.0987793],[-34.8915535,-8.0974994],[-34.8940185,-8.0953113],[-34.8970065,-8.0940951],[-34.8965853,-8.0925203],[-34.8954883,-8.0920875],[-34.8961052,-8.0907412],[-34.8980874,-8.09055],[-34.8993078,-8.0910333],[-34.8995626,-8.0968169],[-34.9001304,-8.0985735],[-34.9001648,-8.0979484],[-34.9003887,-8.0993555],[-34.8989081,-8.1001389],[-34.8993829,-8.1031634],[-34.8967946,-8.1048682]],[[-34.9022113,-8.0952568],[-34.9023843,-8.0956498],[-34.9018867,-8.0954228],[-34.9022113,-8.0952568]],[[-34.9018492,-8.095452],[-34.9015823,-8.0949368],[-34.901754,-8.0948731],[-34.9022944,-8.0950895],[-34.9018492,-8.095452]],[[-34.9023105,-8.095051],[-34.9018224,-8.0948399],[-34.9024446,-8.0948373],[-34.9023105,-8.095051]],[[-34.9018089,-8.0943287],[-34.9018103,-8.0940751],[-34.9019645,-8.0942916],[-34.9018089,-8.0943287]],[[-34.9021703,-8.0926631],[-34.9017047,-8.0929265],[-34.9018346,-8.0921958],[-34.9021703,-8.0926631]],[[-34.9012904,-8.0918155],[-34.9016939,-8.0922654],[-34.9014094,-8.0926186],[-34.9009417,-8.0921406],[-34.9012904,-8.0918155]],[[-34.9021427,-8.0917314],[-34.9017859,-8.0921827],[-34.9009974,-8.0913922],[-34.9018836,-8.0912927],[-34.9017803,-8.0919991],[-34.9021427,-8.0917314]],[[-34.901735,-8.0912746],[-34.9011396,-8.0912258],[-34.9020859,-8.0911971],[-34.901735,-8.0912746]],[[-34.9008531,-8.0910038],[-34.9024818,-8.0909793],[-34.9008757,-8.0911068],[-34.9008531,-8.0910038]],[[-34.9009818,-8.0906422],[-34.9007422,-8.0907193],[-34.9007422,-8.0909413],[-34.9009738,-8.0913685],[-34.9006824,-8.0911299],[-34.9006469,-8.0906213],[-34.9009818,-8.0906422]],[[-34.9024103,-8.0906287],[-34.9009925,-8.0906879],[-34.9017173,-8.090625],[-34.9024103,-8.0906287]],[[-34.9007748,-8.0908731],[-34.9021127,-8.0907414],[-34.9021148,-8.0908147],[-34.9007748,-8.0908731]],[[-34.9009516,-8.0894704],[-34.9013955,-8.0893204],[-34.9016208,-8.0905273],[-34.9008698,-8.0905233],[-34.9009516,-8.0894704]],[[-34.9014286,-8.0893199],[-34.9021275,-8.0891706],[-34.9024528,-8.0903624],[-34.9016911,-8.0905404],[-34.9014286,-8.0893199]],[[-34.8996911,-8.0900588],[-34.8977894,-8.0897667],[-34.8991879,-8.0898623],[-34.8998772,-8.0889233],[-34.8996911,-8.0900588]],[[-34.9009507,-8.0892191],[-34.9008648,-8.0888234],[-34.9009641,-8.0887663],[-34.9013114,-8.0890186],[-34.9009507,-8.0892191]],[[-34.9009067,-8.0885258],[-34.9014495,-8.0883047],[-34.9012799,-8.0889474],[-34.9009067,-8.0885258]],[[-34.9007798,-8.0878327],[-34.9011054,-8.0881879],[-34.9008866,-8.0884291],[-34.9007798,-8.0878327]],[[-34.8985189,-8.0881346],[-34.8978698,-8.0886126],[-34.8974005,-8.0868812],[-34.8984519,-8.086681],[-34.8985189,-8.0881346]],[[-34.8995033,-8.0878478],[-34.8985404,-8.0879726],[-34.8984787,-8.0866874],[-34.8991895,-8.0868759],[-34.8995033,-8.0878478]],[[-34.9005042,-8.0876491],[-34.900463,-8.0864318],[-34.9006486,-8.0870231],[-34.9005042,-8.0876491]],[[-34.9016264,-8.0863988],[-34.901593,-8.0865365],[-34.9012561,-8.0865996],[-34.9016264,-8.0863988]],[[-34.8973305,-8.0854179],[-34.8993709,-8.0860913],[-34.8993116,-8.0867999],[-34.8983468,-8.0866276],[-34.8973463,-8.0868469],[-34.8973305,-8.0854179]],[[-34.9007978,-8.0858151],[-34.9008729,-8.0857421],[-34.9010194,-8.085925],[-34.9004507,-8.0861534],[-34.9007978,-8.0858151]],[[-34.9020299,-8.0859788],[-34.901067,-8.0861129],[-34.9018488,-8.0856654],[-34.9020299,-8.0859788]],[[-34.901768,-8.0856498],[-34.9009822,-8.0858291],[-34.9015186,-8.0854825],[-34.901768,-8.0856498]],[[-34.9008014,-8.0857385],[-34.9007411,-8.0854384],[-34.9010522,-8.0856203],[-34.9008014,-8.0857385]],[[-34.9007679,-8.0857345],[-34.9005735,-8.0857916],[-34.9006767,-8.0853096],[-34.9007679,-8.0857345]],[[-34.899573,-8.0861244],[-34.8983097,-8.0852401],[-34.8980211,-8.0852767],[-34.8987399,-8.0851259],[-34.8990994,-8.084555],[-34.899573,-8.0861244]],[[-34.902161,-8.0850231],[-34.90222,-8.0853829],[-34.9015481,-8.0851519],[-34.902161,-8.0850231]],[[-34.9010619,-8.0848432],[-34.9011022,-8.0853451],[-34.9006663,-8.084802],[-34.9010619,-8.0848432]],[[-34.9006281,-8.0848233],[-34.9005061,-8.085298],[-34.900498,-8.0846494],[-34.9008718,-8.0847045],[-34.90079081961777,-8.084725246168265],[-34.9006281,-8.0848233]],[[-34.8944967,-8.0846423],[-34.8932819,-8.0853056],[-34.8944076,-8.0846084],[-34.8956815,-8.0845866],[-34.8944967,-8.0846423]],[[-34.9011652,-8.0851818],[-34.9010821,-8.0848193],[-34.9014965,-8.0851592],[-34.9011652,-8.0851818]],[[-34.9015219,-8.08513],[-34.9012712,-8.0846069],[-34.9019243,-8.0849866],[-34.9015219,-8.08513]],[[-34.8987319,-8.0844689],[-34.8986085,-8.0850292],[-34.8974364,-8.0853267],[-34.8976268,-8.0843946],[-34.8987319,-8.0844689]],[[-34.9011049,-8.0845657],[-34.900559,-8.0846547],[-34.9010123,-8.0841953],[-34.9011049,-8.0845657]],[[-34.9011632,-8.0845703],[-34.901072,-8.0842304],[-34.9014958,-8.0845504],[-34.9011632,-8.0845703]],[[-34.8947771,-8.079999],[-34.8950802,-8.0791572],[-34.8964079,-8.079513],[-34.8961397,-8.0803894],[-34.8947771,-8.079999]],[[-34.8944253,-8.0758114],[-34.8946157,-8.0751173],[-34.8948438,-8.0757246],[-34.8944253,-8.0758114]],[[-34.9000156,-8.0721056],[-34.9005524,-8.0721614],[-34.8999963,-8.0724864],[-34.9000156,-8.0721056]],[[-34.900471,-8.0701013],[-34.8999489,-8.0700482],[-34.9003999,-8.0698726],[-34.900471,-8.0701013]],[[-34.9004076,-8.0679045],[-34.9010027,-8.0686055],[-34.8961007,-8.0705751],[-34.8967536,-8.0688895],[-34.8958705,-8.0706194],[-34.8953488,-8.0694682],[-34.8965052,-8.0686996],[-34.9004076,-8.0679045]],[[-34.8964254,-8.0656631],[-34.8962923,-8.0654219],[-34.8967065,-8.0656355],[-34.8964254,-8.0656631]],[[-34.8969148,-8.064979],[-34.8958463,-8.0651227],[-34.8959851,-8.0645987],[-34.8969148,-8.064979]],[[-34.8962751,-8.0636577],[-34.8969468,-8.0638765],[-34.8962569,-8.0637427],[-34.8962751,-8.0636577]],[[-34.9012488,-8.0618142],[-34.9012041,-8.0626023],[-34.9010512,-8.0619039],[-34.9012488,-8.0618142]],[[-34.9018802,-8.0619759],[-34.9015679,-8.0621988],[-34.9018818,-8.0616985],[-34.9018802,-8.0619759]],[[-34.9013983,-8.0615833],[-34.9013447,-8.0612609],[-34.901892,-8.0614925],[-34.9013983,-8.0615833]],[[-34.8950489,-8.0606722],[-34.8944442,-8.0598423],[-34.8952555,-8.0604543],[-34.8950489,-8.0606722]],[[-34.8958157,-8.0561544],[-34.895649,-8.0565268],[-34.895651,-8.0561041],[-34.8958157,-8.0561544]],[[-34.8953278,-8.0523677],[-34.8946939,-8.0520152],[-34.8949669,-8.051822],[-34.8953278,-8.0523677]],[[-34.8948384,-8.0402112],[-34.8947419,-8.0407777],[-34.8945161,-8.0409501],[-34.8948384,-8.0402112]],[[-34.9008206,-8.0349086],[-34.9006259,-8.0346426],[-34.9014818,-8.0347818],[-34.9008206,-8.0349086]],[[-34.8961423,-8.0328483],[-34.8966555,-8.0328253],[-34.8964369,-8.0333577],[-34.8961423,-8.0328483]],[[-34.8946547,-8.0305826],[-34.8950104,-8.0305435],[-34.8949785,-8.0310873],[-34.8946547,-8.0305826]],[[-34.8981367,-8.0303582],[-34.8975588,-8.0296386],[-34.8976843,-8.0295228],[-34.8981367,-8.0303582]],[[-34.8951563,-8.0285192],[-34.8948159,-8.0283756],[-34.8951892,-8.028309],[-34.8951563,-8.0285192]],[[-34.8945238,-8.0228414],[-34.8943204,-8.0229421],[-34.8945114,-8.02264],[-34.8945238,-8.0228414]],[[-34.8941017,-8.0226065],[-34.8945854,-8.0221489],[-34.8949058,-8.0226156],[-34.8941017,-8.0226065]],[[-34.8944958,-8.0214748],[-34.8948303,-8.0216685],[-34.8946896,-8.0217314],[-34.8944958,-8.0214748]],[[-34.8954462,-8.0214077],[-34.8955162,-8.0216528],[-34.8949585,-8.0216032],[-34.8954462,-8.0214077]],[[-34.8980928,-8.0204317],[-34.8988254,-8.0196432],[-34.9006375,-8.0196187],[-34.8980928,-8.0204317]],[[-34.8983785,-8.0198087],[-34.8981169,-8.0199821],[-34.8980562,-8.019818],[-34.8983785,-8.0198087]],[[-34.8966949,-8.0195428],[-34.8967626,-8.0193879],[-34.8972273,-8.0197879],[-34.8966949,-8.0195428]],[[-34.8998402,-8.0050732],[-34.9010249,-8.0044117],[-34.9003317,-8.0053518],[-34.8998402,-8.0050732]],[[-34.8985902,-8.0019652],[-34.8989989,-8.0021039],[-34.9018118,-8.0049256],[-34.8985902,-8.0019652]],[[-34.89769,-8.0028401],[-34.8974064,-8.002541],[-34.8979711,-8.0029643],[-34.8976798,-8.0032741],[-34.89769,-8.0028401]],[[-34.9016469,-8.0007152],[-34.9017114,-8.0010357],[-34.9015295,-8.0010607],[-34.9016469,-8.0007152]],[[-34.8949627,-7.9993445],[-34.8948757,-7.998965],[-34.8956657,-7.9987275],[-34.8960678,-7.999107],[-34.8949627,-7.9993445]],[[-34.8974785,-7.988847],[-34.8971218,-7.9881723],[-34.897905,-7.9876464],[-34.8974785,-7.988847]],[[-34.8986137,-7.987221],[-34.8988119,-7.9872052],[-34.8985872,-7.9880569],[-34.8986137,-7.987221]],[[-34.8984012,-7.9873622],[-34.8981169,-7.987402],[-34.8983476,-7.9863953],[-34.8984012,-7.9873622]],[[-34.8941767,-7.986738],[-34.896183,-7.9853727],[-34.8970199,-7.9860766],[-34.8979157,-7.9856888],[-34.8973793,-7.9867353],[-34.8941767,-7.986738]],[[-34.8994392,-7.9855374],[-34.8984093,-7.9861483],[-34.8992032,-7.9843261],[-34.8994392,-7.9855374]],[[-34.897103,-7.9810776],[-34.8966336,-7.9816062],[-34.895778,-7.9815743],[-34.895255,-7.9804401],[-34.8949546,-7.981051],[-34.8937744,-7.980456],[-34.893297,-7.9793643],[-34.8956975,-7.9795821],[-34.8959792,-7.9787906],[-34.8950619,-7.9784399],[-34.8959792,-7.9780867],[-34.8964593,-7.9795131],[-34.8961991,-7.9808784],[-34.897103,-7.9810776]],[[-34.8949751,-7.9696972],[-34.8944086,-7.9698042],[-34.8947152,-7.969596],[-34.8949751,-7.9696972]],[[-34.8977183,-7.961155],[-34.8976197,-7.960891],[-34.8980526,-7.9612206],[-34.8977183,-7.961155]],[[-34.8989495,-7.9581752],[-34.8989406,-7.9578019],[-34.8992379,-7.9581681],[-34.8989495,-7.9581752]],[[-34.9005401,-7.9549522],[-34.9003436,-7.955613],[-34.8998574,-7.9556744],[-34.9001341,-7.954842],[-34.9005401,-7.9549522]],[[-34.8967642,-7.9495444],[-34.8967652,-7.9504114],[-34.8965487,-7.9507163],[-34.8955319,-7.9497831],[-34.8967642,-7.9495444]],[[-34.8968278,-7.949681],[-34.9007404,-7.9457675],[-34.904338,-7.9454643],[-34.9043415,-7.9458306],[-34.9007315,-7.9459094],[-34.8968278,-7.949681]],[[-34.8881126,-8.1075333],[-34.8887618,-8.1087302],[-34.8887607,-8.1089642],[-34.8881126,-8.1075333]],[[-34.8890409,-8.1082058],[-34.8888713,-8.1078188],[-34.8892777,-8.1078177],[-34.8890409,-8.1082058]],[[-34.8892469,-8.1063893],[-34.889436,-8.1062568],[-34.8893219,-8.1065759],[-34.8892469,-8.1063893]],[[-34.8897752,-8.1060432],[-34.8892351,-8.1062856],[-34.8897082,-8.1058082],[-34.8897752,-8.1060432]],[[-34.8890768,-8.1059655],[-34.889141,-8.1056836],[-34.8893747,-8.1058473],[-34.8890768,-8.1059655]],[[-34.8874195,-8.1060403],[-34.8864517,-8.103899],[-34.8873899,-8.1052218],[-34.8874195,-8.1060403]],[[-34.8907806,-8.1025052],[-34.8907716,-8.1043699],[-34.8895459,-8.1031936],[-34.8893149,-8.101965],[-34.8907806,-8.1025052]],[[-34.8850951,-8.1009896],[-34.885711,-8.102117],[-34.8857565,-8.1024011],[-34.8850951,-8.1009896]],[[-34.8863124,-8.1012447],[-34.8860535,-8.1016468],[-34.8858513,-8.1012484],[-34.8863124,-8.1012447]],[[-34.889393,-8.099649],[-34.8887922,-8.0985403],[-34.8898798,-8.099005],[-34.889393,-8.099649]],[[-34.8869367,-8.0980509],[-34.88698,-8.0981816],[-34.886634,-8.0981853],[-34.8869367,-8.0980509]],[[-34.8867365,-8.097583],[-34.8868252,-8.0978143],[-34.8864444,-8.0976738],[-34.8867365,-8.097583]],[[-34.885815,-8.0959114],[-34.8853735,-8.0959521],[-34.8857676,-8.0952995],[-34.885815,-8.0959114]],[[-34.8848108,-8.0947189],[-34.885036,-8.0946467],[-34.8848676,-8.0949036],[-34.8848108,-8.0947189]],[[-34.8842825,-8.0938568],[-34.8845277,-8.0938009],[-34.8846009,-8.0944279],[-34.8842825,-8.0938568]],[[-34.8941247,-8.0912134],[-34.8939823,-8.0928462],[-34.8915699,-8.0956254],[-34.8907043,-8.0946978],[-34.8936002,-8.0905364],[-34.8941247,-8.0912134]],[[-34.8850803,-8.0915392],[-34.8850945,-8.0913943],[-34.885316,-8.091328],[-34.8850803,-8.0915392]],[[-34.8913551,-8.091729],[-34.8911466,-8.0916367],[-34.8918003,-8.0901383],[-34.8923201,-8.0900628],[-34.8913551,-8.091729]],[[-34.8851243,-8.0906448],[-34.8848811,-8.0906577],[-34.8849988,-8.0901768],[-34.8851243,-8.0906448]],[[-34.8849544,-8.0871999],[-34.8829194,-8.0893606],[-34.8849254,-8.0871978],[-34.8849544,-8.0871999]],[[-34.8885538,-8.087322],[-34.8880138,-8.0878694],[-34.8878959,-8.087706],[-34.8885538,-8.087322]],[[-34.8923424,-8.0856304],[-34.8940559,-8.0851072],[-34.8922814,-8.0856732],[-34.8913729,-8.0855549],[-34.8923424,-8.0856304]],[[-34.8845335,-8.0852507],[-34.8846325,-8.0851335],[-34.8848572,-8.0853195],[-34.8845335,-8.0852507]],[[-34.893612,-8.0838053],[-34.8949515,-8.0836694],[-34.8937844,-8.0839],[-34.8936903,-8.0849422],[-34.8922571,-8.0855029],[-34.8902727,-8.085311],[-34.892368,-8.0853264],[-34.8933296,-8.0849378],[-34.893612,-8.0838053]],[[-34.8885044,-8.0836219],[-34.8894597,-8.0841703],[-34.8889216,-8.0848466],[-34.8880215,-8.0841726],[-34.8885044,-8.0836219]],[[-34.8936772,-8.0810197],[-34.893658,-8.0811602],[-34.8935098,-8.0809843],[-34.8936772,-8.0810197]],[[-34.8933547,-8.0809103],[-34.8933042,-8.0810722],[-34.8932214,-8.0808584],[-34.8933547,-8.0809103]],[[-34.8920956,-8.0800704],[-34.8918164,-8.0817189],[-34.8907703,-8.0816167],[-34.8893075,-8.0807305],[-34.8898427,-8.0803242],[-34.891016149008884,-8.080986118809419],[-34.8920956,-8.0800704]],[[-34.8937854,-8.0807312],[-34.8937661,-8.0808717],[-34.893618,-8.0806958],[-34.8937854,-8.0807312]],[[-34.8934521,-8.0806138],[-34.8934328,-8.0807543],[-34.8932846,-8.0805784],[-34.8934521,-8.0806138]],[[-34.8924904,-8.0800427],[-34.8922612,-8.0807632],[-34.8921527,-8.0796394],[-34.8924904,-8.0800427]],[[-34.8931667,-8.0794917],[-34.8929406,-8.0796349],[-34.8929388,-8.0793268],[-34.8931667,-8.0794917]],[[-34.8912099,-8.0779199],[-34.8925088,-8.0780815],[-34.8921605,-8.0794182],[-34.8912099,-8.0779199]],[[-34.8914,-8.077534],[-34.8914362,-8.0774547],[-34.8927352,-8.0779728],[-34.8914,-8.077534]],[[-34.8911103,-8.0777651],[-34.8907311,-8.0772126],[-34.8914356,-8.0774536],[-34.8911103,-8.0777651]],[[-34.8927559,-8.0779056],[-34.8915624,-8.0774331],[-34.8919464,-8.0763098],[-34.8931331,-8.0766954],[-34.8927559,-8.0779056]],[[-34.886723,-8.0752018],[-34.8907203,-8.0771719],[-34.8855486,-8.0751627],[-34.886723,-8.0752018]],[[-34.8920021,-8.0735003],[-34.8916977,-8.0732725],[-34.8920622,-8.07329],[-34.8920021,-8.0735003]],[[-34.8845902,-8.0720205],[-34.8854293,-8.0732835],[-34.8849052,-8.0731587],[-34.8841664,-8.0723034],[-34.8845902,-8.0720205]],[[-34.8856954,-8.0723722],[-34.8855014,-8.072967],[-34.8847829,-8.0720605],[-34.8856954,-8.0723722]],[[-34.8871321,-8.0723162],[-34.8872314,-8.0719948],[-34.8874387,-8.0724153],[-34.8871321,-8.0723162]],[[-34.8930958,-8.0723312],[-34.8923503,-8.0723882],[-34.892306,-8.0721749],[-34.8930349,-8.0718571],[-34.8930958,-8.0723312]],[[-34.8922591,-8.0723783],[-34.8917951,-8.0708106],[-34.8918536,-8.0707257],[-34.8922591,-8.0723783]],[[-34.8904367,-8.0718983],[-34.8887867,-8.0715227],[-34.8885477,-8.0717405],[-34.8886017,-8.0714502],[-34.8905847,-8.0708842],[-34.8904367,-8.0718983]],[[-34.891663,-8.0704818],[-34.8908475,-8.0707546],[-34.8914524,-8.0703508],[-34.891663,-8.0704818]],[[-34.8879856,-8.0703812],[-34.8874384,-8.0696535],[-34.8885971,-8.0706732],[-34.8879856,-8.0703812]],[[-34.8898028,-8.0702822],[-34.8897859,-8.0701737],[-34.8905343,-8.0697886],[-34.8898028,-8.0702822]],[[-34.89379,-8.0688538],[-34.8965876,-8.06802],[-34.8960082,-8.0686228],[-34.8927171,-8.0699559],[-34.8927145,-8.0703091],[-34.8917837,-8.0703277],[-34.89379,-8.0688538]],[[-34.8897553,-8.0684815],[-34.8896908,-8.0687625],[-34.8895153,-8.0685337],[-34.8897553,-8.0684815]],[[-34.8937022,-8.0673516],[-34.8939364,-8.0672509],[-34.8939225,-8.0677893],[-34.8937022,-8.0673516]],[[-34.890763,-8.0674273],[-34.8905877,-8.0671711],[-34.8911378,-8.0671759],[-34.890763,-8.0674273]],[[-34.8829661,-8.0672379],[-34.8828225,-8.0667443],[-34.8832306,-8.0668982],[-34.8829661,-8.0672379]],[[-34.8933275,-8.0663305],[-34.8934566,-8.0662583],[-34.893686,-8.0673242],[-34.8933275,-8.0663305]],[[-34.8902707,-8.0663349],[-34.8908226,-8.0664594],[-34.8905362,-8.0666171],[-34.8902707,-8.0663349]],[[-34.8844403,-8.0658848],[-34.8845917,-8.0656546],[-34.8855937,-8.0663495],[-34.8856323,-8.0667481],[-34.8844403,-8.0658848]],[[-34.8934006,-8.0662755],[-34.8931067,-8.0661975],[-34.8934604,-8.0660029],[-34.8934006,-8.0662755]],[[-34.89347,-8.0659817],[-34.8926879,-8.0656809],[-34.893175,-8.0649812],[-34.893816,-8.065406],[-34.89347,-8.0659817]],[[-34.8811383,-8.0639093],[-34.881856,-8.064573],[-34.8844045,-8.0655813],[-34.882421,-8.0652713],[-34.8811383,-8.0639093]],[[-34.8852451,-8.0648869],[-34.885021,-8.0648067],[-34.8853819,-8.0644237],[-34.8852451,-8.0648869]],[[-34.893462,-8.0630451],[-34.8936369,-8.0630904],[-34.8935904,-8.0632532],[-34.893462,-8.0630451]],[[-34.8828002,-8.062754],[-34.8822654,-8.0628395],[-34.8826428,-8.0623948],[-34.8828002,-8.062754]],[[-34.8851881,-8.0625741],[-34.8850764,-8.0626348],[-34.884638,-8.0620423],[-34.8851881,-8.0625741]],[[-34.8854676,-8.0624816],[-34.8858822,-8.0621439],[-34.8859794,-8.062391],[-34.8854676,-8.0624816]],[[-34.8899749,-8.0595825],[-34.8894769,-8.0597878],[-34.8895745,-8.0596509],[-34.8899749,-8.0595825]],[[-34.8833821,-8.0590812],[-34.8825915,-8.0595948],[-34.8818201,-8.0584396],[-34.8829044,-8.0578832],[-34.8833821,-8.0590812]],[[-34.8903733,-8.0585669],[-34.8904425,-8.058713],[-34.8899343,-8.0588298],[-34.8903733,-8.0585669]],[[-34.8833851,-8.0579261],[-34.8833366,-8.0584536],[-34.8830887,-8.0579847],[-34.8833851,-8.0579261]],[[-34.882897,-8.0567846],[-34.8833221,-8.0575104],[-34.8829653,-8.0575769],[-34.882897,-8.0567846]],[[-34.8903473,-8.0569292],[-34.8905826,-8.0564783],[-34.8909164,-8.0566992],[-34.8903473,-8.0569292]],[[-34.8913486,-8.0545151],[-34.892065,-8.0557063],[-34.8911539,-8.0548013],[-34.8913486,-8.0545151]],[[-34.8928073,-8.0553183],[-34.8927244,-8.0547487],[-34.8929736,-8.0548455],[-34.8928073,-8.0553183]],[[-34.8901025,-8.0538201],[-34.8901236,-8.0536707],[-34.8902232,-8.0537952],[-34.8901025,-8.0538201]],[[-34.8901346,-8.0532296],[-34.8903921,-8.0532275],[-34.8901275,-8.0535987],[-34.8901346,-8.0532296]],[[-34.8836421,-8.0526447],[-34.8825631,-8.0533856],[-34.8825138,-8.05336],[-34.8836421,-8.0526447]],[[-34.8938752,-8.0518053],[-34.8939061,-8.0516648],[-34.8946555,-8.0518419],[-34.8938752,-8.0518053]],[[-34.8874491,-8.0498716],[-34.8852324,-8.0514463],[-34.8874631,-8.0497741],[-34.8874491,-8.0498716]],[[-34.8879956,-8.0496231],[-34.8875218,-8.0497137],[-34.8877423,-8.0494559],[-34.8879956,-8.0496231]],[[-34.8829002,-8.0410644],[-34.8847216,-8.0420712],[-34.8827913,-8.0411819],[-34.8829002,-8.0410644]],[[-34.8872972,-8.0397236],[-34.8874151,-8.0398667],[-34.8867983,-8.0400526],[-34.8872972,-8.0397236]],[[-34.8923466,-8.039851],[-34.8920808,-8.0398536],[-34.8921638,-8.0395969],[-34.8923466,-8.039851]],[[-34.8851452,-8.0390936],[-34.8855236,-8.0394167],[-34.8849093,-8.039544],[-34.8851452,-8.0390936]],[[-34.891025,-8.0372461],[-34.8910917,-8.036906],[-34.8911886,-8.0373383],[-34.8914965,-8.0378033],[-34.891025,-8.0372461]],[[-34.8915745,-8.0377517],[-34.8911628,-8.0368933],[-34.8917875,-8.0375852],[-34.8915745,-8.0377517]],[[-34.8926119,-8.0351853],[-34.8930501,-8.035456],[-34.8924629,-8.0360743],[-34.8926119,-8.0351853]],[[-34.8879655,-8.0330104],[-34.8877611,-8.0335487],[-34.886547,-8.032703],[-34.8872279,-8.0319161],[-34.8879655,-8.0330104]],[[-34.8872038,-8.0317964],[-34.8864559,-8.0326443],[-34.8858871,-8.0322834],[-34.8866989,-8.0310528],[-34.8872038,-8.0317964]],[[-34.889233,-8.0295189],[-34.8895171,-8.0289929],[-34.8896392,-8.0296059],[-34.889233,-8.0295189]],[[-34.8914496,-8.028454],[-34.8897644,-8.0280546],[-34.8915066,-8.0280335],[-34.8914496,-8.028454]],[[-34.8832297,-8.0227293],[-34.8831126,-8.0234349],[-34.8829715,-8.0226492],[-34.8832297,-8.0227293]],[[-34.8893167,-8.0226294],[-34.8895024,-8.0225631],[-34.8896752,-8.0229883],[-34.8893167,-8.0226294]],[[-34.8836718,-8.0224192],[-34.8837751,-8.0227017],[-34.8833782,-8.0228185],[-34.8836718,-8.0224192]],[[-34.8914674,-8.0208766],[-34.8919018,-8.0209071],[-34.8920682,-8.0214227],[-34.8915968,-8.0216546],[-34.8914674,-8.0208766]],[[-34.8826946,-8.0183382],[-34.8829853,-8.0182637],[-34.8828103,-8.0187331],[-34.8826946,-8.0183382]],[[-34.8828875,-8.0136163],[-34.8834784,-8.0143373],[-34.8830719,-8.0146215],[-34.8828875,-8.0136163]],[[-34.8896432,-8.0144441],[-34.8893018,-8.0138408],[-34.8894187,-8.0130743],[-34.8896432,-8.0144441]],[[-34.8929879,-8.0151779],[-34.8916664,-8.0136494],[-34.8939758,-8.0114604],[-34.8952926,-8.0131381],[-34.8929879,-8.0151779]],[[-34.8828131,-8.0129494],[-34.8831211,-8.0126384],[-34.8833274,-8.0128684],[-34.8828131,-8.0129494]],[[-34.8863988,-8.0125126],[-34.8865849,-8.0127208],[-34.8863843,-8.0127166],[-34.8863988,-8.0125126]],[[-34.8836233,-8.0110706],[-34.883809,-8.0109058],[-34.8837842,-8.0112524],[-34.8836233,-8.0110706]],[[-34.8887211,-8.0096869],[-34.8889788,-8.0097904],[-34.8889577,-8.0102212],[-34.8887211,-8.0096869]],[[-34.8830136,-8.009979],[-34.8828363,-8.0101274],[-34.8827518,-8.009683],[-34.8830136,-8.009979]],[[-34.8886718,-8.0093021],[-34.8890128,-8.0093537],[-34.888764,-8.0096559],[-34.8886718,-8.0093021]],[[-34.8886935,-8.0092083],[-34.8885737,-8.009315],[-34.8884607,-8.0090865],[-34.8886935,-8.0092083]],[[-34.8851269,-8.0089002],[-34.8857981,-8.0089475],[-34.884752,-8.0092696],[-34.8851269,-8.0089002]],[[-34.8885985,-8.007776],[-34.8885543,-8.0080761],[-34.8883102,-8.0077547],[-34.8885985,-8.007776]],[[-34.8879325,-8.007275],[-34.8876563,-8.0067863],[-34.8885655,-8.0067491],[-34.8885736,-8.0074052],[-34.8879325,-8.007275]],[[-34.8890294,-8.0070822],[-34.8886311,-8.0070991],[-34.8890296,-8.0068448],[-34.8890294,-8.0070822]],[[-34.89272,-8.005826],[-34.8927811,-8.0059436],[-34.8916509,-8.0063825],[-34.89272,-8.005826]],[[-34.8908343,-8.0068516],[-34.8903312,-8.0073396],[-34.8886254,-8.005159],[-34.8892078,-8.0048144],[-34.8908343,-8.0068516]],[[-34.8940457,-8.003278],[-34.8908271,-8.0034723],[-34.8899777,-8.0041423],[-34.8890694,-8.004229],[-34.8908895,-8.0033648],[-34.8940457,-8.003278]],[[-34.8900602,-8.0009861],[-34.8902291,-8.001119],[-34.8898349,-8.0011216],[-34.8900602,-8.0009861]],[[-34.8938039,-7.9933266],[-34.8941321,-7.9922453],[-34.8942686,-7.992831],[-34.8938039,-7.9933266]],[[-34.884561,-7.9913172],[-34.8861972,-7.9888842],[-34.8861891,-7.9906505],[-34.8867604,-7.9910941],[-34.8843813,-7.9931579],[-34.8838824,-7.9953174],[-34.8830214,-7.9923372],[-34.8820773,-7.9915536],[-34.8818305,-7.9919361],[-34.8819137,-7.9913677],[-34.8829302,-7.9910383],[-34.8837322,-7.9916121],[-34.884561,-7.9913172]],[[-34.8835042,-7.9900343],[-34.8841721,-7.990438],[-34.8839361,-7.9908922],[-34.8829651,-7.9900821],[-34.8830482,-7.988677],[-34.8825011,-7.9888656],[-34.8826486,-7.989673],[-34.8817635,-7.9914553],[-34.881624,-7.9938087],[-34.8811117,-7.9924355],[-34.8811948,-7.9897049],[-34.8818788,-7.9891498],[-34.8808059,-7.9876729],[-34.8804814,-7.9878722],[-34.8809975,-7.9885694],[-34.8793469,-7.9939239],[-34.8780948,-7.9939561],[-34.8757368,-7.9924424],[-34.8754766,-7.9893504],[-34.8761515,-7.9881184],[-34.8752815,-7.9846883],[-34.8760946,-7.9825786],[-34.8774118,-7.9816848],[-34.8816589,-7.9811918],[-34.8820639,-7.9803657],[-34.8825225,-7.9809395],[-34.8830429,-7.9798504],[-34.8832789,-7.9811546],[-34.8826271,-7.9826873],[-34.8833674,-7.9833805],[-34.8840326,-7.9814601],[-34.8850894,-7.980294],[-34.8855373,-7.9819834],[-34.886401,-7.9817416],[-34.8866934,-7.9805995],[-34.8873639,-7.9821374],[-34.8905933,-7.9810723],[-34.8903492,-7.9800151],[-34.8896357,-7.9796565],[-34.8898101,-7.978424],[-34.8912424,-7.9797362],[-34.892672,-7.9797867],[-34.8917654,-7.9812688],[-34.8924118,-7.9814601],[-34.8920175,-7.982419],[-34.8927444,-7.9820551],[-34.8926559,-7.9830166],[-34.8936403,-7.9827138],[-34.8924306,-7.9849344],[-34.8922536,-7.983678],[-34.8904565,-7.9838002],[-34.8908883,-7.9824774],[-34.8900032,-7.9828679],[-34.8899737,-7.9837869],[-34.8890832,-7.982929],[-34.8885521,-7.9836621],[-34.8877931,-7.9823791],[-34.8873505,-7.9831494],[-34.8865351,-7.9831813],[-34.886798,-7.9844005],[-34.8861542,-7.984953],[-34.8869321,-7.9866052],[-34.8888338,-7.98588],[-34.8883027,-7.9854099],[-34.888528,-7.9842518],[-34.8901856,-7.9848521],[-34.8898557,-7.9860845],[-34.8913899,-7.9859916],[-34.8908079,-7.9865892],[-34.8896492,-7.9866158],[-34.8896036,-7.9894313],[-34.8889545,-7.9878642],[-34.8881525,-7.9882281],[-34.8881847,-7.9866848],[-34.8873666,-7.9876145],[-34.8860496,-7.9870328],[-34.8880264,-7.9894021],[-34.8873478,-7.9900423],[-34.8844028,-7.985633],[-34.8838744,-7.9856117],[-34.8838931,-7.986552],[-34.8829275,-7.9854046],[-34.881734,-7.985981],[-34.8793602,-7.9850699],[-34.87976754381968,-7.985975996677658],[-34.8816025,-7.986212],[-34.8824689,-7.987147],[-34.8832065,-7.9865334],[-34.8835015,-7.9873675],[-34.8852718,-7.9882493],[-34.8833835,-7.9884592],[-34.8842552,-7.9895004],[-34.8835042,-7.9900343]],[[-34.894273,-7.9818343],[-34.8935417,-7.9822485],[-34.8932219,-7.9818253],[-34.8941968,-7.9812848],[-34.894273,-7.9818343]],[[-34.8909672,-7.9591124],[-34.8913761,-7.9591845],[-34.8912521,-7.9593085],[-34.8909672,-7.9591124]],[[-34.879468,-7.9496176],[-34.8802809,-7.9471247],[-34.8839781,-7.94839],[-34.8875945,-7.9490201],[-34.8871377,-7.9496014],[-34.8874703,-7.9499308],[-34.8862419,-7.9504939],[-34.8853254,-7.9501836],[-34.8848104,-7.9521972],[-34.8872297,-7.9542745],[-34.8836938,-7.9549833],[-34.8833022,-7.9542288],[-34.8814254,-7.9534385],[-34.881125,-7.9515419],[-34.879468,-7.9496176]],[[-34.895112,-7.9492841],[-34.8950639,-7.9493387],[-34.8929901,-7.9476669],[-34.895112,-7.9492841]],[[-34.886875,-7.9434052],[-34.8858737,-7.9430845],[-34.8857406,-7.9427145],[-34.886875,-7.9434052]],[[-34.8871704,-7.9424429],[-34.8869971,-7.9423534],[-34.8873249,-7.9421294],[-34.8871704,-7.9424429]],[[-34.887768,-7.941362],[-34.8888847,-7.9423948],[-34.8882343,-7.9429973],[-34.8873249,-7.9421294],[-34.887768,-7.941362]],[[-34.8876674,-7.9409232],[-34.8879317,-7.9410641],[-34.887768,-7.941362],[-34.8876674,-7.9409232]],[[-34.8862795,-7.9419219],[-34.8859893,-7.9417688],[-34.8864459,-7.9416328],[-34.8862795,-7.9419219]],[[-34.8847198,-7.9405062],[-34.8870395,-7.9405402],[-34.8864459,-7.9416328],[-34.8847198,-7.9405062]],[[-34.8805296,-7.9398806],[-34.8821926,-7.9396994],[-34.8839159,-7.9403332],[-34.8837429,-7.9408251],[-34.8805296,-7.9398806]],[[-34.8830837,-7.9397731],[-34.8830973,-7.9399528],[-34.8824948,-7.9397054],[-34.8830837,-7.9397731]],[[-34.8918192,-7.9396968],[-34.8917356,-7.9398348],[-34.8915087,-7.9393177],[-34.8918192,-7.9396968]],[[-34.8858671,-7.9376602],[-34.8831243,-7.9384628],[-34.8814881,-7.9381467],[-34.884124,-7.9345739],[-34.8835863,-7.9353975],[-34.8848126,-7.9361922],[-34.8860021,-7.9343747],[-34.8876382,-7.9356828],[-34.8867875,-7.9367764],[-34.8871471,-7.9374099],[-34.8894695,-7.9376299],[-34.8870569,-7.9383946],[-34.8877117,-7.9394139],[-34.886663,-7.9397487],[-34.8858671,-7.9376602]],[[-34.8930913,-7.9326463],[-34.8929863,-7.9323803],[-34.8932685,-7.9320336],[-34.8930913,-7.9326463]],[[-34.8869011,-7.931339],[-34.8873991,-7.9315321],[-34.8867133,-7.9319782],[-34.8869011,-7.931339]],[[-34.877628609323644,-8.095148556270543],[-34.867628609323646,-8.070148556270542],[-34.86837139067636,-8.069851443729458],[-34.87837139067636,-8.094851443729459],[-34.877628609323644,-8.095148556270543]],[[-34.8812167,-8.0724319],[-34.8820595,-8.0719813],[-34.8819446,-8.0726224],[-34.8812167,-8.0724319]],[[-34.8774389,-8.0721999],[-34.8758389,-8.0715763],[-34.8757472,-8.0712648],[-34.8774389,-8.0721999]],[[-34.8791472,-8.0721322],[-34.880265,-8.0711394],[-34.8817686,-8.0712866],[-34.8816397,-8.0714046],[-34.8819379,-8.0718982],[-34.8811515,-8.0724401],[-34.8791472,-8.0721322]],[[-34.8819991,-8.0718243],[-34.8816925,-8.071384],[-34.8819024,-8.0714514],[-34.8819991,-8.0718243]],[[-34.8811841,-8.0710702],[-34.8814724,-8.0707892],[-34.8817036,-8.0711562],[-34.8811841,-8.0710702]],[[-34.8785393,-8.0683072],[-34.8783443,-8.0684059],[-34.87818,-8.0680351],[-34.8785393,-8.0683072]],[[-34.876327,-8.0654333],[-34.8763594,-8.0650601],[-34.8770826,-8.0655293],[-34.876327,-8.0654333]],[[-34.8741037,-8.0662106],[-34.874575,-8.0636777],[-34.8745269,-8.0657786],[-34.8742721,-8.0663708],[-34.8736167,-8.0665613],[-34.8741037,-8.0662106]],[[-34.8689603,-8.0635219],[-34.8690408,-8.0634912],[-34.8699994,-8.0658786],[-34.8689603,-8.0635219]],[[-34.8815279,-8.0646807],[-34.8811814,-8.0647862],[-34.8811592,-8.0642348],[-34.8815279,-8.0646807]],[[-34.8783868,-8.0638199],[-34.8784431,-8.0644016],[-34.8775027,-8.0643079],[-34.8783868,-8.0638199]],[[-34.8789546,-8.0629978],[-34.8790644,-8.0631875],[-34.8786889,-8.0630175],[-34.8789546,-8.0629978]],[[-34.8745721,-8.0635071],[-34.8740273,-8.062568],[-34.8740923,-8.0624457],[-34.8745721,-8.0635071]],[[-34.8805509,-8.0624814],[-34.8804696,-8.0624905],[-34.8800886,-8.0617837],[-34.8805509,-8.0624814]],[[-34.8766492,-8.0605668],[-34.8770978,-8.0604935],[-34.8770716,-8.0614121],[-34.8766397,-8.0615043],[-34.8766492,-8.0605668]],[[-34.8778407,-8.0603946],[-34.8780116,-8.0612098],[-34.8771914,-8.0613714],[-34.8772248,-8.0604938],[-34.8778407,-8.0603946]],[[-34.8780284,-8.0604219],[-34.8785474,-8.0604],[-34.8789228,-8.0610033],[-34.8781668,-8.0611789],[-34.8780284,-8.0604219]],[[-34.872454,-8.058889],[-34.8717908,-8.0590793],[-34.8716832,-8.0584473],[-34.8723654,-8.0583347],[-34.872454,-8.058889]],[[-34.8811772,-8.0586655],[-34.8799179,-8.0566679],[-34.8822224,-8.0552011],[-34.8828376,-8.0576307],[-34.8811772,-8.0586655]],[[-34.8796306,-8.0553332],[-34.8795492,-8.0556717],[-34.8792578,-8.0555829],[-34.8796306,-8.0553332]],[[-34.8810495,-8.0556147],[-34.8807573,-8.0553351],[-34.8809396,-8.0550995],[-34.8810495,-8.0556147]],[[-34.8804652,-8.0551623],[-34.8808805,-8.055057],[-34.8801724,-8.0556439],[-34.8804652,-8.0551623]],[[-34.870847,-8.0535666],[-34.8713311,-8.0536429],[-34.8709161,-8.0540073],[-34.870847,-8.0535666]],[[-34.881915,-8.0538062],[-34.8816507,-8.0539105],[-34.8824951,-8.0534227],[-34.881915,-8.0538062]],[[-34.8818551,-8.053654],[-34.8816099,-8.0538195],[-34.8815075,-8.0531426],[-34.8818551,-8.053654]],[[-34.8705565,-8.0522191],[-34.8713847,-8.0523129],[-34.8712689,-8.0528484],[-34.8713771,-8.0533842],[-34.8705173,-8.0534621],[-34.8705565,-8.0522191]],[[-34.8714568,-8.0534159],[-34.8713378,-8.0528616],[-34.871486,-8.0521434],[-34.8714568,-8.0534159]],[[-34.8717866,-8.0517748],[-34.87167,-8.0520467],[-34.8715813,-8.0518819],[-34.8717866,-8.0517748]],[[-34.8714464,-8.0519347],[-34.8712776,-8.0517296],[-34.8715719,-8.0516632],[-34.8714464,-8.0519347]],[[-34.8816469,-8.0405776],[-34.8799414,-8.0399284],[-34.8800459,-8.0397365],[-34.8816469,-8.0405776]],[[-34.8792386,-8.0391968],[-34.8794872,-8.0385696],[-34.8797549,-8.0394314],[-34.8792386,-8.0391968]],[[-34.8766478,-8.0382516],[-34.8746292,-8.0373964],[-34.8747447,-8.0372682],[-34.8766478,-8.0382516]],[[-34.8737703,-8.0369715],[-34.874247,-8.0371106],[-34.8741597,-8.037277],[-34.8737703,-8.0369715]],[[-34.8744767,-8.0364153],[-34.874703,-8.0362586],[-34.8746426,-8.0365871],[-34.8744767,-8.0364153]],[[-34.872492,-8.0359673],[-34.872622,-8.0356696],[-34.8728612,-8.035919],[-34.872492,-8.0359673]],[[-34.8773693,-8.0358087],[-34.8774096,-8.035484],[-34.877587,-8.0355286],[-34.8773693,-8.0358087]],[[-34.8692637,-8.0365226],[-34.8679581,-8.0347601],[-34.8704898,-8.0361555],[-34.8692637,-8.0365226]],[[-34.8731522,-8.0357758],[-34.8727656,-8.0352245],[-34.873595,-8.0354751],[-34.8731522,-8.0357758]],[[-34.8710623,-8.0356664],[-34.8711371,-8.0350027],[-34.8714997,-8.0346604],[-34.8720323,-8.0355106],[-34.8710623,-8.0356664]],[[-34.872201,-8.0352537],[-34.8721601,-8.0348846],[-34.8725278,-8.0351222],[-34.872201,-8.0352537]],[[-34.8737348,-8.0346468],[-34.8739782,-8.0350901],[-34.8735424,-8.0349788],[-34.8737348,-8.0346468]],[[-34.8709761,-8.035053],[-34.8699193,-8.0340079],[-34.8709466,-8.0347303],[-34.8709761,-8.035053]],[[-34.8776976,-8.0343702],[-34.8776793,-8.0341294],[-34.8780252,-8.0342046],[-34.8776976,-8.0343702]],[[-34.8760177,-8.034217],[-34.8759836,-8.0340333],[-34.8763888,-8.034153],[-34.8760177,-8.034217]],[[-34.8771756,-8.0337578],[-34.8771439,-8.0338755],[-34.8768185,-8.0337272],[-34.8771756,-8.0337578]],[[-34.8796011,-8.0329812],[-34.8792157,-8.0330134],[-34.8794122,-8.0326137],[-34.8796011,-8.0329812]],[[-34.8770001,-8.032333],[-34.8770993,-8.0320415],[-34.8778125,-8.0321542],[-34.8777068,-8.0327256],[-34.8770001,-8.032333]],[[-34.8752721,-8.0323288],[-34.8751016,-8.031978],[-34.8753631,-8.0320293],[-34.8752721,-8.0323288]],[[-34.8727865,-8.0291558],[-34.8728456,-8.0288433],[-34.8731792,-8.0292257],[-34.8727865,-8.0291558]],[[-34.8791394,-8.0259805],[-34.878664,-8.0261177],[-34.8784818,-8.0255923],[-34.8790021,-8.0254372],[-34.8791394,-8.0259805]],[[-34.8803636,-8.0252274],[-34.8800477,-8.0253616],[-34.8799991,-8.0252527],[-34.8803636,-8.0252274]],[[-34.8804563,-8.0251622],[-34.8808585,-8.0249504],[-34.881297,-8.0252137],[-34.8804563,-8.0251622]],[[-34.8704271,-8.0233347],[-34.8705491,-8.0227105],[-34.8710239,-8.0231753],[-34.8705934,-8.0236959],[-34.8704271,-8.0233347]],[[-34.8797751,-8.0214394],[-34.879472,-8.0203006],[-34.8804914,-8.0200681],[-34.8806333,-8.020624],[-34.8796354,-8.0208986],[-34.8797751,-8.0214394]],[[-34.8743674,-8.0202814],[-34.8746702,-8.0203609],[-34.8744933,-8.0207024],[-34.8743674,-8.0202814]],[[-34.8762083,-8.0207134],[-34.8749623,-8.0200325],[-34.8770575,-8.0195969],[-34.8762083,-8.0207134]],[[-34.8712718,-8.0190752],[-34.8712292,-8.0187544],[-34.8724481,-8.018925],[-34.8712718,-8.0190752]],[[-34.8880271,-8.0275047],[-34.874378,-8.0200891],[-34.866969,-8.0223628],[-34.86288987510234,-8.024605442440922],[-34.8646277,-8.0269611],[-34.8645552,-8.0290702],[-34.861671,-8.0257436],[-34.86214552397717,-8.02525839983995],[-34.8606089,-8.0261951],[-34.8629612,-8.0241686],[-34.8662093,-8.0224091],[-34.8785515,-8.0186701],[-34.8792784,-8.0175274],[-34.8798671,-8.01155],[-34.8821524,-8.0093063],[-34.8798873,-8.0116516],[-34.8794045,-8.0171131],[-34.8791309,-8.0181157],[-34.8787252,-8.0186124],[-34.8747093,-8.0200479],[-34.8897609,-8.0277742],[-34.8880271,-8.0275047]],[[-34.8719522,-8.0177877],[-34.8711098,-8.0179645],[-34.8711014,-8.0179045],[-34.8719522,-8.0177877]],[[-34.8780665,-8.0179535],[-34.8779099,-8.0178526],[-34.8781515,-8.0177984],[-34.8780665,-8.0179535]],[[-34.8729652,-8.0176938],[-34.8720773,-8.0178291],[-34.872068,-8.0177694],[-34.8729652,-8.0176938]],[[-34.8778009,-8.0178006],[-34.8776443,-8.0176997],[-34.8778859,-8.0176455],[-34.8778009,-8.0178006]],[[-34.8783933,-8.0173815],[-34.8784206,-8.0176539],[-34.8781625,-8.0173852],[-34.8783933,-8.0173815]],[[-34.8780229,-8.0171819],[-34.8780502,-8.0174543],[-34.8777921,-8.0171856],[-34.8780229,-8.0171819]],[[-34.8787027,-8.0168771],[-34.878546,-8.0167762],[-34.8787876,-8.016722],[-34.8787027,-8.0168771]],[[-34.8784423,-8.0167229],[-34.8782857,-8.016622],[-34.8785273,-8.0165677],[-34.8784423,-8.0167229]],[[-34.8826178,-8.0168522],[-34.8814611,-8.0171092],[-34.8812545,-8.0162916],[-34.8824459,-8.0161143],[-34.8826178,-8.0168522]],[[-34.8737168,-8.0146509],[-34.8736833,-8.0139869],[-34.874032,-8.0146098],[-34.8737168,-8.0146509]],[[-34.8792341,-8.007662],[-34.878954,-8.0078287],[-34.8791339,-8.0075131],[-34.8792341,-8.007662]],[[-34.8705172,-8.0069778],[-34.8706606,-8.0072004],[-34.8697394,-8.0074691],[-34.8705172,-8.0069778]],[[-34.8790948,-8.0082515],[-34.877856,-8.0062418],[-34.8791303,-8.0082292],[-34.8790948,-8.0082515]],[[-34.8714309,-8.0073298],[-34.8709371,-8.0067013],[-34.8712883,-8.0064912],[-34.8714309,-8.0073298]],[[-34.8777487,-8.0061441],[-34.8770534,-8.0050606],[-34.877786,-8.0061206],[-34.8777487,-8.0061441]],[[-34.8721947,-8.0012655],[-34.8717548,-8.0014461],[-34.871549,-8.0010027],[-34.8721947,-8.0012655]],[[-34.8706193,-7.9968518],[-34.8702452,-7.9967063],[-34.8701908,-7.9964328],[-34.8706193,-7.9968518]],[[-34.8780808,-7.9951607],[-34.878915,-7.9950836],[-34.8788184,-7.9956308],[-34.8771876,-7.9953413],[-34.8760182,-7.9963825],[-34.8759028,-7.9952138],[-34.8756185,-7.9961753],[-34.8751599,-7.9948526],[-34.8749802,-7.9957158],[-34.874323,-7.9949774],[-34.8747924,-7.9945869],[-34.8738509,-7.9938273],[-34.8747709,-7.9930437],[-34.876391,-7.9930065],[-34.8780808,-7.9951607]],[[-34.8625652,-7.9811027],[-34.8661123,-7.9816481],[-34.8671155,-7.9812261],[-34.8678236,-7.9798496],[-34.8687612,-7.9799989],[-34.8689841,-7.9812131],[-34.8709576,-7.9806872],[-34.8720132,-7.9809469],[-34.873142,-7.9817121],[-34.8733508,-7.9832259],[-34.8751211,-7.9834222],[-34.8750494,-7.9842072],[-34.8737235,-7.9852943],[-34.8749374,-7.9857063],[-34.8733835,-7.9870568],[-34.8711019,-7.9866932],[-34.8675031,-7.9878329],[-34.8669767,-7.9868881],[-34.8661357,-7.9869806],[-34.8663669,-7.9860913],[-34.865476,-7.9864256],[-34.8653606,-7.9855085],[-34.8641998,-7.9854875],[-34.864129,-7.9847094],[-34.8651129,-7.985116],[-34.8656579,-7.9846674],[-34.8652675,-7.9836092],[-34.8627685,-7.9826546],[-34.8625652,-7.9811027]],[[-34.8738978,-7.9815674],[-34.8739005,-7.9814107],[-34.8742089,-7.9814824],[-34.8738978,-7.9815674]],[[-34.8747655,-7.9815302],[-34.8747467,-7.9813895],[-34.875884,-7.9813656],[-34.8747655,-7.9815302]],[[-34.8718008,-7.9764618],[-34.8721838,-7.9783028],[-34.8706248,-7.9781076],[-34.8701319,-7.9787666],[-34.8688656,-7.9766033],[-34.8701226,-7.9761029],[-34.8718008,-7.9764618]],[[-34.8703876,-7.9740647],[-34.8706556,-7.973607],[-34.8710842,-7.9738609],[-34.8711178,-7.9748244],[-34.8714167,-7.9751357],[-34.8709545,-7.9755994],[-34.8708991,-7.974205],[-34.8703876,-7.9740647]],[[-34.8711609,-7.974385],[-34.8714136,-7.9742844],[-34.8713027,-7.9747878],[-34.8711609,-7.974385]],[[-34.871823,-7.970547],[-34.8727597,-7.9691983],[-34.8732034,-7.9690335],[-34.8748425,-7.9704066],[-34.8740476,-7.9726524],[-34.8774244,-7.9723777],[-34.8788786,-7.9712305],[-34.8786506,-7.9745136],[-34.8775415,-7.9765335],[-34.8758839,-7.9772781],[-34.8749287,-7.9770889],[-34.8737271,-7.9743855],[-34.8720141,-7.973165],[-34.8725748,-7.9728171],[-34.8721558,-7.9717736],[-34.8724701,-7.970431],[-34.871823,-7.970547]],[[-34.8701173,-7.9713554],[-34.8709808,-7.9719793],[-34.8705066,-7.9723648],[-34.8698023,-7.9716218],[-34.8701173,-7.9713554]],[[-34.8710399,-7.9714948],[-34.8709032,-7.9711125],[-34.8712432,-7.971446],[-34.8710399,-7.9714948]],[[-34.8717985,-7.9703788],[-34.8715463,-7.9700296],[-34.8720507,-7.969877],[-34.8717985,-7.9703788]],[[-34.8711813,-7.9699076],[-34.8713395,-7.9699421],[-34.8709291,-7.9699129],[-34.8711813,-7.9699076]],[[-34.8709426,-7.9694932],[-34.8709828,-7.9696367],[-34.8706019,-7.9698359],[-34.8709426,-7.9694932]],[[-34.8696792,-7.9697217],[-34.8698536,-7.9695437],[-34.8699394,-7.9697084],[-34.8696792,-7.9697217]],[[-34.8703766,-7.9695835],[-34.8702452,-7.9696898],[-34.8699904,-7.969371],[-34.8703766,-7.9695835]],[[-34.8716373,-7.9691718],[-34.871994,-7.9689673],[-34.8718491,-7.9695649],[-34.8716373,-7.9691718]],[[-34.8698589,-7.9690656],[-34.8697409,-7.9691904],[-34.8693386,-7.9687734],[-34.8698589,-7.9690656]],[[-34.8703221,-7.9681064],[-34.87258988151548,-7.967616560292612],[-34.8728916,-7.9669954],[-34.8733163,-7.9670339],[-34.8736454,-7.9665046],[-34.8741834,-7.9660104],[-34.874533,-7.966006],[-34.8733482,-7.9671005],[-34.872835,-7.9671566],[-34.8729624,-7.9685761],[-34.8723572,-7.9688285],[-34.8713730829351,-7.968038848644717],[-34.8708566,-7.9682992],[-34.8703221,-7.9681064]],[[-34.8708147,-7.9666779],[-34.8703292,-7.9666407],[-34.8708093,-7.9664495],[-34.8708147,-7.9666779]],[[-34.8702863,-7.9663751],[-34.870187,-7.9665956],[-34.8699349,-7.9663963],[-34.869546,-7.9656526],[-34.8702863,-7.9663751]],[[-34.8689479,-7.9646671],[-34.8696882,-7.9622046],[-34.8709863,-7.9629909],[-34.8695781,-7.962094],[-34.8706751,-7.9602445],[-34.873549,-7.9623113],[-34.8714879,-7.9655065],[-34.8702809,-7.9645396],[-34.8701495,-7.9634345],[-34.8694575,-7.9637453],[-34.8698062,-7.9651186],[-34.8694548,-7.9654029],[-34.8689479,-7.9646671]],[[-34.8727501,-7.9574275],[-34.872931,-7.957043],[-34.8731358,-7.9573914],[-34.8727501,-7.9574275]],[[-34.8753905,-7.9557895],[-34.8746503,-7.9565412],[-34.8746368,-7.9559302],[-34.8753905,-7.9557895]],[[-34.8700148,-7.9560398],[-34.8701236,-7.9555037],[-34.871442,-7.9558291],[-34.8713352,-7.9562278],[-34.8700148,-7.9560398]],[[-34.8753554,-7.9497154],[-34.8760455,-7.9497925],[-34.8759712,-7.9502394],[-34.8753554,-7.9497154]],[[-34.8732105,-7.9492665],[-34.8740735,-7.949439],[-34.8731931,-7.9494272],[-34.8732655,-7.9493595],[-34.8732105,-7.9492665]],[[-34.8786001,-7.9503518],[-34.8799481,-7.9473567],[-34.879419,-7.9496018],[-34.8802019,-7.951145],[-34.8790432,-7.9510323],[-34.8786001,-7.9503518]],[[-34.8729839,-7.9493701],[-34.8725561,-7.9490713],[-34.8732065,-7.9493449],[-34.8729839,-7.9493701]],[[-34.8769819,-7.9495976],[-34.8764918,-7.949437],[-34.8766182,-7.9485911],[-34.8770261,-7.948646],[-34.8769819,-7.9495976]],[[-34.8766398,-7.9484983],[-34.8759129,-7.9493663],[-34.8765345,-7.9485508],[-34.8771748,-7.9481269],[-34.8771072,-7.948567],[-34.8766398,-7.9484983]],[[-34.8783989,-7.9496682],[-34.8775393,-7.9497056],[-34.87799,-7.9478888],[-34.8793537,-7.9479044],[-34.8783989,-7.9496682]],[[-34.8797312,-7.9470751],[-34.8794837,-7.9478267],[-34.8790704,-7.9474428],[-34.8797312,-7.9470751]],[[-34.8751552,-7.9486055],[-34.8739843,-7.9470755],[-34.8749356,-7.9457145],[-34.8763341,-7.9458514],[-34.8761056,-7.9484123],[-34.8751552,-7.9486055]],[[-34.8804689,-7.945854],[-34.8814624,-7.945978],[-34.8823326,-7.9470739],[-34.8839466,-7.9476577],[-34.8837677,-7.9482093],[-34.8806389,-7.9469032],[-34.8804689,-7.945854]],[[-34.8786571,-7.9452585],[-34.8792295,-7.9453853],[-34.8797569,-7.9469416],[-34.8782032,-7.9476707],[-34.878327,-7.9461109],[-34.879003,-7.9462686],[-34.8786571,-7.9452585]],[[-34.8718831,-7.9466298],[-34.8715227,-7.9466786],[-34.8717568,-7.9462392],[-34.8718831,-7.9466298]],[[-34.870616,-7.9466735],[-34.8694113,-7.9456177],[-34.8700953,-7.9453705],[-34.8718638,-7.947325],[-34.8709364,-7.9463226],[-34.870616,-7.9466735]],[[-34.8707348,-7.9457523],[-34.870841,-7.9453703],[-34.8714573,-7.9459614],[-34.8710379,-7.9462112],[-34.8707348,-7.9457523]],[[-34.8778481,-7.9451239],[-34.8784335,-7.9452667],[-34.8781861,-7.9463008],[-34.8778481,-7.9451239]],[[-34.8819454,-7.9432299],[-34.8830703,-7.9447463],[-34.8798549,-7.9445248],[-34.8795892,-7.9442251],[-34.8797716,-7.9436886],[-34.8816082,-7.9436646],[-34.8819454,-7.9432299]],[[-34.8800708,-7.94343],[-34.8798634,-7.9429629],[-34.88027,-7.9433797],[-34.8800708,-7.94343]],[[-34.8764651,-7.9442259],[-34.8753251,-7.9433898],[-34.8732053,-7.9442991],[-34.8727526,-7.9430645],[-34.8747458,-7.941687],[-34.8743515,-7.9414429],[-34.8747828,-7.9410401],[-34.8756886,-7.9414307],[-34.8762617,-7.940265],[-34.8770617,-7.9422469],[-34.8770073,-7.9436461],[-34.8764651,-7.9442259]],[[-34.8706003,-7.942284],[-34.8709892,-7.9422203],[-34.8703267,-7.942717],[-34.8695488,-7.9417554],[-34.8706003,-7.942284]],[[-34.8800418,-7.941484],[-34.8807168,-7.9417982],[-34.879956,-7.941655],[-34.8800418,-7.941484]],[[-34.8801093,-7.940004],[-34.8796503,-7.940775],[-34.8789566,-7.94024],[-34.8801093,-7.940004]],[[-34.8810639,-7.9384304],[-34.8805014,-7.9380182],[-34.8811533,-7.9381064],[-34.8810639,-7.9384304]],[[-34.882,-7.9371576],[-34.8813881,-7.9380609],[-34.8805031,-7.937804],[-34.8814017,-7.9367377],[-34.882,-7.9371576]],[[-34.8746718,-7.937521],[-34.874745,-7.9372208],[-34.8753075,-7.9375741],[-34.8746718,-7.937521]],[[-34.8727298,-7.9352949],[-34.8719332,-7.9345537],[-34.8713002,-7.9358926],[-34.8675799,-7.9384695],[-34.868618,-7.9390778],[-34.8684543,-7.9395958],[-34.8665312,-7.9401776],[-34.8651552,-7.9371518],[-34.8665661,-7.9354251],[-34.8663381,-7.9346441],[-34.8676041,-7.93343],[-34.8674431,-7.9325321],[-34.868162,-7.9326623],[-34.8681781,-7.9336186],[-34.8688459,-7.9342057],[-34.8717749,-7.9335469],[-34.8739931,-7.9353746],[-34.8727298,-7.9352949]],[[-34.8677195,-8.0321071],[-34.8707342,-8.0360251],[-34.8676068,-8.0342292],[-34.8646366,-8.0291378],[-34.8677195,-8.0321071]],[[-34.8646454,-8.0286843],[-34.8658062,-8.0285868],[-34.8677621,-8.0320193],[-34.8646366,-8.0291378],[-34.8646454,-8.0286843]],[[-34.8604173,-8.0275818],[-34.8614034,-8.0259311],[-34.866784,-8.0334024],[-34.8653562,-8.0362888],[-34.864136,-8.0330115],[-34.8604173,-8.0275818]],[[-34.8647427,-8.0303424],[-34.8615984,-8.0259408],[-34.8645531,-8.0291233],[-34.8647427,-8.0303424]],[[-34.862193,-8.0239122],[-34.8623665,-8.0240524],[-34.8620656,-8.024522],[-34.8616622,-8.0246376],[-34.862193,-8.0239122]],[[-34.8614441,-8.0236579],[-34.8597973,-8.0229247],[-34.8609072,-8.0231304],[-34.8614441,-8.0236579]],[[-34.8614627,-8.0224472],[-34.8622024,-8.0236843],[-34.8615441,-8.0228502],[-34.8608752,-8.0228993],[-34.8614627,-8.0224472]],[[-34.8572828,-8.0217198],[-34.8565084,-8.0218137],[-34.8566759,-8.0213559],[-34.8572828,-8.0217198]],[[-34.8589186,-8.0204836],[-34.8584911,-8.0211306],[-34.8582792,-8.0202621],[-34.8601215,-8.0191026],[-34.8614488,-8.0224086],[-34.8596719,-8.0228012],[-34.8592578,-8.0225629],[-34.8600854,-8.0221178],[-34.8589186,-8.0204836]],[[-34.8652411,-8.0227012],[-34.8648281,-8.0220959],[-34.8636425,-8.0227118],[-34.8627199,-8.0223084],[-34.8625428,-8.0216656],[-34.86309,-8.0215541],[-34.8627842,-8.0192009],[-34.8655952,-8.0204226],[-34.8662282,-8.0194983],[-34.86730524369088,-8.019323902837593],[-34.8661649,-8.0184915],[-34.8666364,-8.0180809],[-34.867604,-8.018564],[-34.8674615,-8.0193716],[-34.8697848,-8.0203642],[-34.8693771,-8.0206404],[-34.8697204,-8.0210098],[-34.8652411,-8.0227012]],[[-34.8584208,-8.0193728],[-34.8580597,-8.0198712],[-34.8576335,-8.0195457],[-34.8584208,-8.0193728]],[[-34.8634665,-8.0187254],[-34.8635952,-8.0192645],[-34.8632598,-8.0189374],[-34.8634665,-8.0187254]],[[-34.863024,-8.0191104],[-34.8627074,-8.0190043],[-34.8630775,-8.0188157],[-34.863024,-8.0191104]],[[-34.8596337,-8.0182205],[-34.8602212,-8.0177088],[-34.8601965,-8.0186586],[-34.8585153,-8.0191772],[-34.858848,-8.0175897],[-34.8595311,-8.0175967],[-34.8596337,-8.0182205]],[[-34.8611905,-8.0171612],[-34.8610504,-8.0170289],[-34.8615222,-8.0169513],[-34.8611905,-8.0171612]],[[-34.8574973,-8.0157903],[-34.8573434,-8.0155095],[-34.8577749,-8.0157863],[-34.8574973,-8.0157903]],[[-34.8563184,-8.0154513],[-34.8569322,-8.0153109],[-34.8569079,-8.0158244],[-34.8563184,-8.0154513]],[[-34.8587697,-8.0170968],[-34.8582333,-8.0151426],[-34.8585441,-8.0138925],[-34.8591806,-8.0143015],[-34.8587037,-8.0147463],[-34.859385,-8.01478],[-34.8594765,-8.0143225],[-34.8595212,-8.0148011],[-34.8584696,-8.0152185],[-34.8598171,-8.0161819],[-34.8597724,-8.0171895],[-34.859104,-8.0171073],[-34.8591274,-8.0165803],[-34.8587697,-8.0170968]],[[-34.8567681,-8.0147111],[-34.8567174,-8.0148575],[-34.8563913,-8.0147011],[-34.8567681,-8.0147111]],[[-34.8690498,-8.0102233],[-34.868728,-8.0104081],[-34.8684168,-8.0095301],[-34.8686743,-8.0092101],[-34.8690498,-8.0102233]],[[-34.865318,-8.0082154],[-34.8656431,-8.0080264],[-34.8657721,-8.0089127],[-34.865318,-8.0082154]],[[-34.8576691,-8.0082967],[-34.8577566,-8.0077445],[-34.8579248,-8.008254],[-34.8576691,-8.0082967]],[[-34.8569977,-8.0084134],[-34.8564492,-8.0080945],[-34.8571889,-8.0073129],[-34.8569977,-8.0084134]],[[-34.858081,-8.0076699],[-34.8579607,-8.0071638],[-34.8585641,-8.0075114],[-34.858081,-8.0076699]],[[-34.8680682,-8.0079485],[-34.8668129,-8.0055209],[-34.8679555,-8.0046712],[-34.8677946,-8.0053934],[-34.8689158,-8.0072579],[-34.8680682,-8.0079485]],[[-34.8592638,-8.0048592],[-34.860115,-8.0045998],[-34.8598548,-8.0052269],[-34.8592638,-8.0048592]],[[-34.867065,-8.0037398],[-34.8671669,-8.0039018],[-34.8665152,-8.0040878],[-34.867065,-8.0037398]],[[-34.8617836,-8.0039419],[-34.8616983,-8.0029922],[-34.8601636,-8.0032593],[-34.8607885,-8.0021942],[-34.8619633,-8.0022234],[-34.8621672,-8.0027174],[-34.862371,-8.0020826],[-34.8613357,-8.0012699],[-34.8612311,-8.0018595],[-34.8602816,-8.0016869],[-34.8594528,-8.0022978],[-34.8589727,-8.0017161],[-34.8593428,-8.0013389],[-34.8607751,-8.0010839],[-34.8604827,-8.0005129],[-34.859316,-8.0010122],[-34.8586052,-7.9995646],[-34.8610353,-7.9989723],[-34.8626017,-7.9992618],[-34.8650314,-7.9979594],[-34.8659566,-8.001677],[-34.8650344,-8.0012327],[-34.8624488,-8.0038303],[-34.8617836,-8.0039419]],[[-34.8600336,-7.9980323],[-34.8597841,-7.9984412],[-34.8596947,-7.9981513],[-34.8600336,-7.9980323]],[[-34.8643131,-7.9976361],[-34.8641575,-7.9970969],[-34.8646482,-7.9975192],[-34.8643131,-7.9976361]],[[-34.8557072,-7.9974988],[-34.8554819,-7.9975572],[-34.8558279,-7.9972996],[-34.8557072,-7.9974988]],[[-34.8655708,-7.9970048],[-34.8657077,-7.9972645],[-34.864962,-7.9970473],[-34.8655708,-7.9970048]],[[-34.8663428,-7.9963223],[-34.8659919,-7.9961413],[-34.8660939,-7.9957995],[-34.8663428,-7.9963223]],[[-34.8555919,-7.9960884],[-34.8553398,-7.9961043],[-34.8555221,-7.995775],[-34.8555919,-7.9960884]],[[-34.8657222,-7.9949313],[-34.8656977,-7.9948617],[-34.8663584,-7.9946407],[-34.8657222,-7.9949313]],[[-34.8652197,-7.9940397],[-34.8649031,-7.9939369],[-34.8649273,-7.9934316],[-34.8652197,-7.9940397]],[[-34.8570651,-7.9919702],[-34.85703,-7.99227],[-34.8567289,-7.991952],[-34.8570651,-7.9919702]],[[-34.8635862,-7.9921592],[-34.8626367,-7.9920822],[-34.8626819,-7.9913832],[-34.8635862,-7.9921592]],[[-34.857226,-7.9923118],[-34.8571103,-7.9923302],[-34.857226,-7.9907617],[-34.857226,-7.9923118]],[[-34.8612981,-7.9908735],[-34.8614233,-7.9901192],[-34.8613812,-7.9908762],[-34.8612981,-7.9908735]],[[-34.8592883,-7.9898808],[-34.8614635,-7.9899818],[-34.8628207,-7.9903882],[-34.8616646,-7.9900668],[-34.8592883,-7.9898808]],[[-34.8573554,-7.9898671],[-34.8573614,-7.989758],[-34.8591528,-7.9899826],[-34.8573554,-7.9898671]],[[-34.8572952,-7.9898558],[-34.8556281,-7.9897714],[-34.8556388,-7.9896758],[-34.8572952,-7.9898558]],[[-34.8592673,-7.9898026],[-34.859313,-7.9890685],[-34.8593727,-7.9898065],[-34.8592673,-7.9898026]],[[-34.8635149,-7.9892763],[-34.8635796,-7.9891634],[-34.863863,-7.9894396],[-34.8635149,-7.9892763]],[[-34.8639519,-7.9889545],[-34.8643625,-7.9887302],[-34.8642705,-7.9891648],[-34.8639519,-7.9889545]],[[-34.860418,-7.9890624],[-34.8595646,-7.9890279],[-34.8599915,-7.9885923],[-34.860418,-7.9890624]],[[-34.8605069,-7.9878918],[-34.8605727,-7.9879636],[-34.8595306,-7.988953],[-34.8605069,-7.9878918]],[[-34.8592947,-7.9883582],[-34.8596004,-7.9878881],[-34.8597319,-7.9880262],[-34.8592947,-7.9883582]],[[-34.8653539,-7.9875408],[-34.8649712,-7.9883902],[-34.864858,-7.9877523],[-34.8653539,-7.9875408]],[[-34.8561031,-7.9870783],[-34.857385,-7.987867],[-34.8573523,-7.9882743],[-34.8569101,-7.9876527],[-34.856022,-7.9878108],[-34.8561031,-7.9870783]],[[-34.8572997,-7.9872284],[-34.858085,-7.9873595],[-34.8579455,-7.9876225],[-34.8572997,-7.9872284]],[[-34.8553612,-7.9870442],[-34.8555865,-7.9870654],[-34.8554926,-7.9875993],[-34.8552217,-7.9875435],[-34.8553612,-7.9870442]],[[-34.8649705,-7.9805937],[-34.8648471,-7.979765],[-34.8654747,-7.9798845],[-34.8655632,-7.9805937],[-34.8649705,-7.9805937]],[[-34.8588248,-7.979059],[-34.8590091,-7.9789503],[-34.8591137,-7.97924],[-34.8588248,-7.979059]],[[-34.8624318,-7.9795196],[-34.8636789,-7.9784343],[-34.8633707,-7.9776967],[-34.8644267,-7.9777956],[-34.8639615,-7.9780867],[-34.8647434,-7.9792172],[-34.864127,-7.9803619],[-34.8630939,-7.9802573],[-34.8624318,-7.9795196]],[[-34.8618908,-7.9771984],[-34.8614236,-7.9773698],[-34.8614236,-7.9771127],[-34.8618908,-7.9771984]],[[-34.8657849,-7.977307],[-34.8656856,-7.976981],[-34.8659693,-7.9771404],[-34.8657849,-7.977307]],[[-34.8639015,-7.9769726],[-34.8638962,-7.9771824],[-34.863746,-7.977209],[-34.8639015,-7.9769726]],[[-34.8618627,-7.9771192],[-34.8615686,-7.9764851],[-34.8617762,-7.976815],[-34.8622672,-7.9768557],[-34.8618627,-7.9771192]],[[-34.8564795,-7.9750667],[-34.8578153,-7.9739298],[-34.8598966,-7.9736695],[-34.8606745,-7.9754492],[-34.861227,-7.9754758],[-34.8613504,-7.9761824],[-34.8602775,-7.9772183],[-34.8610339,-7.9778505],[-34.8597786,-7.9788174],[-34.8585058,-7.9782341],[-34.8570803,-7.9796408],[-34.8558036,-7.9799117],[-34.8550848,-7.9783658],[-34.8561952,-7.976703],[-34.8551599,-7.9756405],[-34.8554656,-7.9751677],[-34.8564795,-7.9750667]],[[-34.8619116,-7.975791],[-34.8622657,-7.9752553],[-34.8630361,-7.9763072],[-34.8626457,-7.9766228],[-34.8619116,-7.975791]],[[-34.8628954,-7.9743609],[-34.8635886,-7.9745922],[-34.8625695,-7.9751367],[-34.863251,-7.975487],[-34.8622171,-7.9751335],[-34.8628954,-7.9743609]],[[-34.8641522,-7.9749621],[-34.8643614,-7.9743153],[-34.8645452,-7.9743073],[-34.8641522,-7.9749621]],[[-34.8643681,-7.974294],[-34.8649169,-7.9731455],[-34.8651232,-7.9733131],[-34.8643681,-7.974294]],[[-34.8648844,-7.9731332],[-34.8643453,-7.9742701],[-34.8648014,-7.9731194],[-34.8648844,-7.9731332]],[[-34.8639866,-7.9728413],[-34.8643538,-7.9729646],[-34.8638129,-7.9737211],[-34.863131,-7.9732081],[-34.8639866,-7.9728413]],[[-34.867896,-7.9730448],[-34.8677163,-7.9733477],[-34.8676812,-7.972839],[-34.867896,-7.9730448]],[[-34.8652377,-7.9728983],[-34.8651272,-7.9732501],[-34.8649274,-7.9731067],[-34.8652377,-7.9728983]],[[-34.8570529,-7.9724185],[-34.8576327,-7.9721811],[-34.8580136,-7.9732993],[-34.8576408,-7.9731692],[-34.8575523,-7.973812],[-34.8574745,-7.9733126],[-34.8568737,-7.9735729],[-34.8570529,-7.9724185]],[[-34.8568729,-7.9728312],[-34.8565127,-7.97276],[-34.8568313,-7.9725214],[-34.8568729,-7.9728312]],[[-34.8682392,-7.9720623],[-34.8683809,-7.9721264],[-34.8677154,-7.9727885],[-34.8682392,-7.9720623]],[[-34.8652381,-7.9728136],[-34.8649849,-7.9729672],[-34.8655483,-7.971829],[-34.8652381,-7.9728136]],[[-34.8557304,-7.9726259],[-34.8556526,-7.9720601],[-34.8563661,-7.9719778],[-34.8565887,-7.9725887],[-34.8557304,-7.9726259]],[[-34.856824,-7.9717441],[-34.8562896,-7.9707872],[-34.8569409,-7.9708723],[-34.8579813,-7.9717371],[-34.856824,-7.9717441]],[[-34.8636514,-7.9713095],[-34.8622367,-7.9705808],[-34.8629197,-7.9694857],[-34.8642613,-7.9708546],[-34.8638613,-7.9717066],[-34.8647752,-7.9724593],[-34.8643693,-7.9728427],[-34.8625143,-7.9723057],[-34.8625771,-7.9716274],[-34.8636514,-7.9713095]],[[-34.8597402,-7.9712997],[-34.8588652,-7.9714919],[-34.8588374,-7.9709763],[-34.8597772,-7.9704148],[-34.8597402,-7.9712997]],[[-34.8611667,-7.9706864],[-34.8613208,-7.9703782],[-34.8621342,-7.9705064],[-34.8611667,-7.9706864]],[[-34.8668526,-7.9698632],[-34.8669041,-7.970088],[-34.8663204,-7.970722],[-34.8668526,-7.9698632]],[[-34.8657374,-7.9692166],[-34.8661648,-7.9692278],[-34.8660104,-7.9697145],[-34.8657374,-7.9692166]],[[-34.8672807,-7.9690923],[-34.8674276,-7.9692974],[-34.8671376,-7.9693421],[-34.8672807,-7.9690923]],[[-34.8662715,-7.9691296],[-34.8664033,-7.9688573],[-34.8666029,-7.9688648],[-34.8662715,-7.9691296]],[[-34.8657009,-7.9688557],[-34.8657682,-7.9685798],[-34.8659845,-7.9687502],[-34.8657009,-7.9688557]],[[-34.8662119,-7.9683806],[-34.8656928,-7.9680571],[-34.8665233,-7.9679993],[-34.8662119,-7.9683806]],[[-34.8580159,-7.9675238],[-34.8577199,-7.9683871],[-34.8569069,-7.9675045],[-34.8580159,-7.9675238]],[[-34.8668295,-7.9677099],[-34.8668717,-7.9673925],[-34.8671649,-7.9676705],[-34.8668295,-7.9677099]],[[-34.8692889,-7.967425],[-34.8679479,-7.9670266],[-34.8685189,-7.9662683],[-34.8692889,-7.967425]],[[-34.8575313,-7.9662322],[-34.8577395,-7.9669602],[-34.8569014,-7.9664735],[-34.8575313,-7.9662322]],[[-34.8599377,-7.9660296],[-34.8598272,-7.9663743],[-34.8597637,-7.9660796],[-34.8599377,-7.9660296]],[[-34.8565663,-7.9660181],[-34.8564097,-7.96537],[-34.8568045,-7.9650342],[-34.8571629,-7.9658354],[-34.8565663,-7.9660181]],[[-34.8578078,-7.9652498],[-34.8575476,-7.965092],[-34.8575443,-7.9642481],[-34.8578078,-7.9652498]],[[-34.859317,-7.964311],[-34.8584144,-7.9659214],[-34.8578973,-7.964681],[-34.8589692,-7.9644332],[-34.8584802,-7.9643924],[-34.8586371,-7.9632639],[-34.8596458,-7.9635414],[-34.8593506,-7.9641112],[-34.8599274,-7.964421],[-34.859317,-7.964311]],[[-34.8670992,-7.9646864],[-34.8668582,-7.9646902],[-34.8669636,-7.964403],[-34.8677318,-7.9639443],[-34.8670992,-7.9646864]],[[-34.8681399,-7.9635141],[-34.8672778,-7.9640899],[-34.8675759,-7.9634428],[-34.8681399,-7.9635141]],[[-34.8629148,-7.963941],[-34.8612037,-7.9643702],[-34.8606993,-7.9630974],[-34.861779,-7.9626312],[-34.8629148,-7.963941]],[[-34.8668342,-7.9624443],[-34.8670082,-7.9637361],[-34.8664741,-7.9632101],[-34.8668342,-7.9624443]],[[-34.8570151,-7.957396],[-34.8600074,-7.9601886],[-34.8577546,-7.9600861],[-34.8575081,-7.9591927],[-34.856603,-7.9591197],[-34.8560834,-7.9575279],[-34.8570151,-7.957396]],[[-34.8605685,-7.9511163],[-34.8608272,-7.9513615],[-34.8603319,-7.9513531],[-34.8605685,-7.9511163]],[[-34.8588366,-7.9502714],[-34.8589824,-7.9504083],[-34.8586299,-7.9504805],[-34.8588366,-7.9502714]],[[-34.8614485,-7.9493928],[-34.8615799,-7.9495389],[-34.8610649,-7.9497408],[-34.8614485,-7.9493928]],[[-34.8622534,-7.9489913],[-34.8620861,-7.9488114],[-34.8625047,-7.94872],[-34.8622534,-7.9489913]],[[-34.8572483,-7.9478967],[-34.8564393,-7.9474333],[-34.8576565,-7.9466674],[-34.8580685,-7.9473602],[-34.8572483,-7.9478967]],[[-34.856625,-7.9463358],[-34.8571135,-7.9460369],[-34.8571738,-7.9461335],[-34.856625,-7.9463358]],[[-34.857717,-7.9456726],[-34.8577773,-7.9457692],[-34.8572887,-7.9460682],[-34.857717,-7.9456726]],[[-34.8567447,-7.9452888],[-34.856805,-7.9453854],[-34.8563164,-7.9456843],[-34.8567447,-7.9452888]],[[-34.8569226,-7.9453244],[-34.8573509,-7.9449288],[-34.8574112,-7.9450254],[-34.8569226,-7.9453244]],[[-34.8559329,-7.9449232],[-34.8563612,-7.9445277],[-34.8564214,-7.9446243],[-34.8559329,-7.9449232]],[[-34.8647985,-7.9440321],[-34.8650905,-7.9445982],[-34.8644659,-7.9451027],[-34.863759736940615,-7.944319461878591],[-34.8647985,-7.9440321]],[[-34.8564895,-7.9444707],[-34.8569781,-7.9441717],[-34.8570383,-7.9442683],[-34.8564895,-7.9444707]],[[-34.8642084,-7.943554],[-34.8646,-7.9434889],[-34.8644049,-7.9438218],[-34.8642084,-7.943554]],[[-34.8633245,-7.9432313],[-34.8622425,-7.9437154],[-34.8613942,-7.9436839],[-34.8633245,-7.9432313]],[[-34.865651,-7.9432756],[-34.8652216,-7.9433151],[-34.8663086,-7.9426065],[-34.8668041,-7.9428753],[-34.865651,-7.9432756]],[[-34.8685242,-7.9425258],[-34.8690553,-7.9429933],[-34.868138,-7.9427994],[-34.8685242,-7.9425258]],[[-34.8643479,-7.9401909],[-34.8650855,-7.941644],[-34.8644739,-7.9418963],[-34.8638461,-7.9403953],[-34.8643479,-7.9401909]],[[-34.8649997,-7.937359],[-34.8660135,-7.9394284],[-34.8647046,-7.9400102],[-34.8641467,-7.9381214],[-34.8649997,-7.937359]],[[-34.8598766,-7.9347238],[-34.8610716,-7.9356983],[-34.8629478,-7.9348964],[-34.8634842,-7.9361237],[-34.8623684,-7.9363947],[-34.8598562,-7.9357931],[-34.86067572572263,-7.935688201517333],[-34.8597254,-7.935596],[-34.8597452,-7.9351754],[-34.8601937,-7.935343],[-34.8598766,-7.9347238]],[[-34.8571081,-7.9308845],[-34.8577616,-7.9315284],[-34.8570954,-7.9321802],[-34.8564496,-7.9315447],[-34.8571081,-7.9308845]]],[[[-34.9221767929504,-8.040368533188188],[-34.9215916,-8.0405462],[-34.9181664,-8.0427506],[-34.9221767929504,-8.040368533188188]]],[[[-34.9143927,-8.0422595],[-34.9153341,-8.0424556],[-34.9161844,-8.0408274],[-34.9193025,-8.041557],[-34.9223682,-8.0394415],[-34.92400792642573,-8.039812594080692],[-34.91798835964265,-8.038408028497972],[-34.91156037661512,-8.039525938589717],[-34.9143927,-8.0422595]],[[-34.9146839,-8.0402115],[-34.9140086,-8.0407048],[-34.9130845,-8.0405839],[-34.9133526,-8.0397399],[-34.9146839,-8.0402115]]],[[[-34.905722676849415,-8.038951687224387],[-34.90511806394946,-8.039834332616445],[-34.910411261892115,-8.038913776452503],[-34.9081566,-8.0377183],[-34.905722676849415,-8.038951687224387]]],[[[-34.951171,-8.0282096],[-34.9470887,-8.0277236],[-34.938755,-8.0277688],[-34.9326745,-8.0270357],[-34.9311993,-8.0278591],[-34.92719409062314,-8.033499679669934],[-34.927004,-8.0370736],[-34.9288894,-8.0367783],[-34.9290107,-8.0382711],[-34.9283601,-8.0384783],[-34.9283784,-8.039772],[-34.92763585286206,-8.03983762108646],[-34.94810152146252,-8.044612943759901],[-34.9638818761956,-8.049215547223717],[-34.9622509,-8.0455094],[-34.9602054,-8.0430853],[-34.9608866,-8.0426445],[-34.9588315,-8.0365141],[-34.9577332,-8.0360133],[-34.9582824,-8.0355754],[-34.9551487,-8.02911],[-34.951171,-8.0282096]],[[-34.9498089,-8.0418848],[-34.9504442,-8.0415111],[-34.9505697,-8.0417119],[-34.9498089,-8.0418848]],[[-34.9481172,-8.0358699],[-34.946821,-8.0365894],[-34.9479697,-8.0357339],[-34.9481172,-8.0358699]],[[-34.9485934,-8.0348636],[-34.9485702,-8.0343921],[-34.950072,-8.0341307],[-34.9485934,-8.0348636]],[[-34.9504619,-8.0346087],[-34.9498963,-8.0346723],[-34.9517206,-8.0336714],[-34.9504619,-8.0346087]],[[-34.9472098,-8.034348],[-34.9475614,-8.0337335],[-34.947595,-8.034185],[-34.9482991,-8.0341858],[-34.9472098,-8.034348]],[[-34.9494753,-8.0337488],[-34.9501217,-8.0335921],[-34.9495423,-8.033855],[-34.9494753,-8.0337488]],[[-34.9485754,-8.0334228],[-34.947886,-8.0337123],[-34.9477609,-8.033591],[-34.9485754,-8.0334228]],[[-34.9493511,-8.0332452],[-34.9495147,-8.0328615],[-34.950251,-8.0328163],[-34.9493511,-8.0332452]],[[-34.9471458,-8.0333804],[-34.949609568520124,-8.032113366878761],[-34.9496696,-8.0317251],[-34.9498105,-8.0320746],[-34.948114,-8.0332541],[-34.9474006,-8.0335609],[-34.9471458,-8.0333804]],[[-34.9479605,-8.0327492],[-34.9471156,-8.0330015],[-34.9481348,-8.0324809],[-34.9479605,-8.0327492]],[[-34.9513105,-8.03256],[-34.9505112,-8.0329657],[-34.9509913,-8.0324704],[-34.9513105,-8.03256]],[[-34.9481937,-8.032493],[-34.948584,-8.0322035],[-34.948415,-8.0326138],[-34.9481937,-8.032493]],[[-34.948167,-8.0324464],[-34.9483118,-8.0321675],[-34.9491004,-8.0319006],[-34.948167,-8.0324464]],[[-34.9480677,-8.0316348],[-34.9483144,-8.0317453],[-34.9480603,-8.0320229],[-34.9480677,-8.0316348]],[[-34.9448337,-8.0277886],[-34.9509617,-8.0283893],[-34.9494523,-8.0289638],[-34.9486852,-8.0308481],[-34.9496508,-8.0314205],[-34.94848764832351,-8.031146226325692],[-34.9487014,-8.0315505],[-34.9477217,-8.0316427],[-34.9464812,-8.0322812],[-34.9464972,-8.0317018],[-34.948311989049856,-8.03110480549006],[-34.9468212,-8.0302168],[-34.9482963,-8.0309477],[-34.949058,-8.0284432],[-34.9487335,-8.0288044],[-34.9485994,-8.0282042],[-34.9448337,-8.0277886]],[[-34.9495798,-8.0317005],[-34.9495509,-8.0315438],[-34.9497809,-8.0316919],[-34.9495798,-8.0317005]],[[-34.9440441,-8.0432464],[-34.9438892,-8.0434788],[-34.9437171,-8.0430384],[-34.9440441,-8.0432464]],[[-34.9469084,-8.0408203],[-34.9466295,-8.04051],[-34.9477696,-8.0404034],[-34.9469084,-8.0408203]],[[-34.9397336,-8.0395457],[-34.9392504,-8.0395949],[-34.9390816,-8.0390394],[-34.9395102,-8.038864],[-34.9397336,-8.0395457]],[[-34.9435832,-8.0368565],[-34.9432371,-8.0371649],[-34.9432828,-8.0367177],[-34.9435832,-8.0368565]],[[-34.9465945,-8.0364928],[-34.9465781,-8.0367134],[-34.9461552,-8.0367532],[-34.9465945,-8.0364928]],[[-34.9432174,-8.036136],[-34.9436988,-8.0362708],[-34.9431852,-8.0365605],[-34.9432174,-8.036136]],[[-34.9431878,-8.0359206],[-34.9430307,-8.0359912],[-34.9428925,-8.035679],[-34.9431878,-8.0359206]],[[-34.9471342,-8.035716],[-34.9473102,-8.0354106],[-34.9474507,-8.035489],[-34.9471342,-8.035716]],[[-34.9388465,-8.0348262],[-34.9390852,-8.0346323],[-34.9388921,-8.0351316],[-34.9388465,-8.0348262]],[[-34.9456021,-8.0348802],[-34.945527,-8.0346903],[-34.9459455,-8.0348802],[-34.9456021,-8.0348802]],[[-34.9461655,-8.0346283],[-34.9462754,-8.0349014],[-34.9459573,-8.0345472],[-34.9461655,-8.0346283]],[[-34.945755,-8.0340794],[-34.9458087,-8.0336983],[-34.9469996,-8.0336814],[-34.945755,-8.0340794]],[[-34.9426111,-8.0331929],[-34.9423307,-8.0332814],[-34.9423276,-8.033135],[-34.9426111,-8.0331929]],[[-34.9466267,-8.0325245],[-34.9469593,-8.0327476],[-34.9465408,-8.0328618],[-34.9466267,-8.0325245]],[[-34.9442437,-8.0309735],[-34.9445191,-8.0309851],[-34.9445231,-8.0314631],[-34.9442437,-8.0309735]],[[-34.9452719,-8.0299626],[-34.9455039,-8.0299188],[-34.9452048,-8.0302853],[-34.9452719,-8.0299626]],[[-34.9458513,-8.0300503],[-34.945512,-8.0298923],[-34.9458378,-8.0296665],[-34.9458513,-8.0300503]],[[-34.945284,-8.0292914],[-34.945296,-8.0290789],[-34.9457145,-8.0289965],[-34.9457306,-8.0294242],[-34.945284,-8.0292914]],[[-34.945689,-8.0285643],[-34.9457332,-8.0288511],[-34.9452384,-8.0287515],[-34.945689,-8.0285643]],[[-34.9347439,-8.0396373],[-34.9352522,-8.0395093],[-34.9347671,-8.039768],[-34.9347439,-8.0396373]],[[-34.9363972,-8.0374926],[-34.9357079,-8.0377184],[-34.9358259,-8.0369455],[-34.935394,-8.0367915],[-34.9370114,-8.0365631],[-34.9362175,-8.0369721],[-34.9363972,-8.0374926]],[[-34.9332287,-8.0321471],[-34.9326746,-8.0323141],[-34.9326616,-8.0322229],[-34.9332287,-8.0321471]],[[-34.934402,-8.0320949],[-34.9338221,-8.0320821],[-34.9343892,-8.0320063],[-34.934402,-8.0320949]],[[-34.9327955,-8.0315191],[-34.9327671,-8.031306],[-34.9329628,-8.0312804],[-34.9327955,-8.0315191]],[[-34.9336172,-8.0314026],[-34.9335908,-8.0312175],[-34.9342602,-8.0313126],[-34.9336172,-8.0314026]],[[-34.932276,-8.0306466],[-34.9329136,-8.0306174],[-34.9329707,-8.0309581],[-34.9323227,-8.0310726],[-34.932276,-8.0306466]],[[-34.9363818,-8.0298556],[-34.9360844,-8.0300977],[-34.9359827,-8.0299371],[-34.9363818,-8.0298556]],[[-34.933104,-8.0288337],[-34.9329983,-8.0290666],[-34.932702,-8.0287996],[-34.933104,-8.0288337]],[[-34.9332154,-8.0285971],[-34.9338584,-8.0286325],[-34.9332215,-8.0288005],[-34.9332154,-8.0285971]],[[-34.9278994,-8.0356291],[-34.9280021,-8.0360897],[-34.9275864,-8.0357072],[-34.9278994,-8.0356291]],[[-34.9310186,-8.0325804],[-34.9307184,-8.0325184],[-34.9309253,-8.0322359],[-34.9310186,-8.0325804]],[[-34.9322216,-8.032274],[-34.9317784,-8.0323877],[-34.9321349,-8.0318382],[-34.9322216,-8.032274]]],[[[-34.9408727,-8.0239468],[-34.9406359,-8.0251433],[-34.9414677,-8.0241807],[-34.9408727,-8.0239468]]],[[[-34.9387614,-8.022957],[-34.9396379,-8.022934],[-34.938426,-8.0227791],[-34.9378431,-8.0237561],[-34.93829460124688,-8.024168807050614],[-34.9387614,-8.022957]]],[[[-34.9380228,-8.0220319],[-34.93404981920083,-8.022833393695944],[-34.9346137,-8.0228367],[-34.9380228,-8.0220319]]],[[[-34.9367573,-8.0139726],[-34.9351224,-8.0141326],[-34.9360527,-8.0155177],[-34.9367573,-8.0139726]]],[[[-34.9499332,-8.0046132],[-34.9510655,-8.0027187],[-34.9505991,-8.0030701],[-34.9499332,-8.0046132]]],[[[-34.9217034,-7.9307249],[-34.92281848208955,-7.93],[-34.92153635093158,-7.93],[-34.9217034,-7.9307249]]],[[[-34.9015368,-8.1074174],[-34.9011371,-8.1087398],[-34.9012364,-8.1100675],[-34.90194605888809,-8.107214255736846],[-34.9015368,-8.1074174]]],[[[-34.9038013,-8.1067595],[-34.9019988,-8.1073499],[-34.9015937,-8.1096541],[-34.90089487362185,-8.111021050684933],[-34.9015068,-8.1103012],[-34.9024442,-8.1073601],[-34.9038118,-8.1067895],[-34.9048034,-8.1059796],[-34.9050483,-8.105167],[-34.90487972337088,-8.10476161558326],[-34.9049013,-8.1055398],[-34.9038013,-8.1067595]]],[[[-34.90283983914346,-8.106770609094877],[-34.9046252,-8.1057125],[-34.9047056,-8.1048458],[-34.9038757,-8.1028129],[-34.9038247,-8.1042123],[-34.9043842,-8.1048637],[-34.90283983914346,-8.106770609094877]]],[[[-34.9017421,-8.0936549],[-34.901148,-8.0938155],[-34.901622512509874,-8.09332914032326],[-34.9015852,-8.0932275],[-34.9006547,-8.0938079],[-34.9013944,-8.0940535],[-34.9017421,-8.0936549]]],[[[-34.87627041456852,-8.055516543803673],[-34.877518374160886,-8.056915864143717],[-34.87650399354716,-8.055354054079404],[-34.87627041456852,-8.055516543803673]]],[[[-34.8989028,-8.0665992],[-34.9004719,-8.0638744],[-34.9002493,-8.0592003],[-34.9006222,-8.0583797],[-34.9001164,-8.0583694],[-34.9001371,-8.0575654],[-34.90097124773252,-8.058040284024027],[-34.902623,-8.0565367],[-34.9013409,-8.0575698],[-34.9028832,-8.0558515],[-34.9036088,-8.0530377],[-34.9034196,-8.0550336],[-34.9040553,-8.0519316],[-34.9040714,-8.0506436],[-34.9038407,-8.0528319],[-34.9026961,-8.0453272],[-34.903110784566664,-8.045489463743381],[-34.9039333,-8.0438155],[-34.9031273,-8.0429629],[-34.9041901,-8.0421335],[-34.9043461,-8.0411092],[-34.9045447,-8.042066],[-34.90445113209478,-8.04076232894108],[-34.89516536485578,-8.042377244982646],[-34.89327456854097,-8.04899503208449],[-34.8978501,-8.0551023],[-34.89798410689645,-8.057430272390485],[-34.89799518261921,-8.056690882582615],[-34.8980755,-8.0589148],[-34.897461,-8.0647736],[-34.89795868682038,-8.066633278864138],[-34.8989028,-8.0665992]],[[-34.8932986391933,-8.048910784801347],[-34.8952195,-8.0513331],[-34.895135166095194,-8.051402802644883],[-34.8932986391933,-8.048910784801347]],[[-34.8980782,-8.0603778],[-34.8981335,-8.0599017],[-34.8982837,-8.0603665],[-34.8980782,-8.0603778]],[[-34.9001198,-8.0574172],[-34.9001228,-8.05716],[-34.9004065,-8.0574107],[-34.9001198,-8.0574172]],[[-34.8999865,-8.0574642],[-34.8983309,-8.0574327],[-34.8983596,-8.0567772],[-34.8994778,-8.0568099],[-34.8999865,-8.0574642]],[[-34.9007648,-8.0573179],[-34.9002031,-8.0570031],[-34.9007756,-8.0568763],[-34.9007648,-8.0573179]],[[-34.9000124,-8.0565966],[-34.9000094,-8.056881],[-34.8997917,-8.0567364],[-34.9000124,-8.0565966]],[[-34.8982923,-8.0566143],[-34.898291,-8.055974],[-34.9000367,-8.0559975],[-34.8996221,-8.0566513],[-34.8982923,-8.0566143]],[[-34.9013217,-8.0559577],[-34.901306,-8.0560912],[-34.9008694,-8.0558006],[-34.9013217,-8.0559577]],[[-34.8988683,-8.0550551],[-34.8992827,-8.0551985],[-34.8991919,-8.0552823],[-34.8988683,-8.0550551]],[[-34.9006139,-8.0552669],[-34.9001897,-8.0552311],[-34.9002942,-8.0544169],[-34.9006139,-8.0552669]],[[-34.9017804,-8.0541542],[-34.9018565,-8.0541275],[-34.9017232,-8.0545511],[-34.9017804,-8.0541542]],[[-34.9000782,-8.0543711],[-34.9001431,-8.0538927],[-34.9002493,-8.0541811],[-34.9000782,-8.0543711]],[[-34.8968328,-8.0503157],[-34.8977354,-8.0500471],[-34.8968898,-8.051183],[-34.8968328,-8.0503157]],[[-34.901078,-8.0438408],[-34.9013373,-8.0436315],[-34.9014296,-8.0438561],[-34.901078,-8.0438408]],[[-34.900678,-8.0416057],[-34.9005366,-8.0418423],[-34.9003769,-8.0414945],[-34.900678,-8.0416057]]],[[[-34.890388908671056,-8.045694982688874],[-34.89257161313267,-8.048543332057818],[-34.89262001577828,-8.048373922798172],[-34.890388908671056,-8.045694982688874]]],[[[-34.89266686400405,-8.048209954007982],[-34.89412874967331,-8.043093354165567],[-34.89058000087369,-8.04556204898269],[-34.89266686400405,-8.048209954007982]]],[[[-34.8750587,-8.0474364],[-34.8735956,-8.0490879],[-34.8733839,-8.0505315],[-34.875942235975465,-8.054770307991811],[-34.8736141,-8.0503094],[-34.876575980594914,-8.054329442169585],[-34.88954989180032,-8.045304112635392],[-34.8865515,-8.0434949],[-34.88992105127611,-8.04504591473919],[-34.8715009,-8.0363574],[-34.8699628,-8.0370389],[-34.869384201898775,-8.036722937651744],[-34.8695028,-8.0396289],[-34.8741133,-8.0470673],[-34.8740709,-8.0473361],[-34.8733231,-8.0476625],[-34.8727821,-8.0484016],[-34.8729924,-8.048754],[-34.8733412,-8.0477675],[-34.8742286,-8.0472777],[-34.8734595,-8.04554],[-34.8737767,-8.0453106],[-34.8736485,-8.045732],[-34.8739343,-8.0465005],[-34.8750587,-8.0474364]],[[-34.8832187,-8.0444494],[-34.8832842,-8.0444642],[-34.8825293,-8.045051],[-34.8832187,-8.0444494]],[[-34.883439,-8.0443875],[-34.8841091,-8.0438022],[-34.884194,-8.0438803],[-34.883439,-8.0443875]],[[-34.8843131,-8.0437978],[-34.8842863,-8.0436887],[-34.8850784,-8.0432184],[-34.8843131,-8.0437978]],[[-34.8836512,-8.0434388],[-34.8846394,-8.0426079],[-34.8864781,-8.04346],[-34.8844786,-8.0429305],[-34.8836512,-8.0434388]],[[-34.8834087,-8.0426759],[-34.883235,-8.0427074],[-34.883166,-8.0423242],[-34.8834087,-8.0426759]],[[-34.8841387,-8.0425862],[-34.882465,-8.041879],[-34.884036,-8.0424472],[-34.8841387,-8.0425862]],[[-34.8763987,-8.0478922],[-34.8760447,-8.048209],[-34.8760737,-8.0475058],[-34.8763987,-8.0478922]],[[-34.875631,-8.0468141],[-34.8760734,-8.0465212],[-34.8759257,-8.0471865],[-34.875631,-8.0468141]],[[-34.8738752,-8.0488562],[-34.8751147,-8.047685],[-34.8750307,-8.0472693],[-34.873747,-8.0458055],[-34.8738982,-8.0453714],[-34.8748312,-8.0446923],[-34.8740775,-8.0452626],[-34.8739456,-8.0456305],[-34.8750654,-8.0472711],[-34.8751439,-8.0476922],[-34.8750106,-8.0479561],[-34.8738752,-8.0488562]],[[-34.8804938,-8.0464884],[-34.8798919,-8.0468509],[-34.8804655,-8.0464059],[-34.8804938,-8.0464884]],[[-34.8814393,-8.0458206],[-34.8806531,-8.0462673],[-34.8814378,-8.0457645],[-34.8814393,-8.0458206]],[[-34.8743913,-8.0451341],[-34.8745136,-8.0453087],[-34.8740407,-8.0455639],[-34.8743913,-8.0451341]],[[-34.8749626,-8.0449356],[-34.8745949,-8.045188],[-34.8749006,-8.0448048],[-34.8749626,-8.0449356]],[[-34.8742953,-8.0449134],[-34.8735037,-8.0436521],[-34.8738591,-8.0433802],[-34.8747502,-8.0445958],[-34.8742953,-8.0449134]],[[-34.8822544,-8.0439158],[-34.8819928,-8.043951],[-34.8822567,-8.0437802],[-34.8822544,-8.0439158]],[[-34.8823883,-8.0416815],[-34.8823215,-8.041833],[-34.8807193,-8.0408971],[-34.8823883,-8.0416815]],[[-34.879312,-8.0401432],[-34.880554,-8.0407289],[-34.8791555,-8.0404089],[-34.879312,-8.0401432]],[[-34.8721844,-8.0407069],[-34.8716263,-8.0397845],[-34.8722149,-8.0405369],[-34.8721844,-8.0407069]],[[-34.878231,-8.0399745],[-34.8766262,-8.0391933],[-34.8783777,-8.0398517],[-34.878231,-8.0399745]],[[-34.8763973,-8.0391097],[-34.8755902,-8.0386257],[-34.8769113,-8.0391154],[-34.8763973,-8.0391097]],[[-34.8706768,-8.0384745],[-34.871382,-8.0394325],[-34.87158,-8.0389439],[-34.8721774,-8.0391791],[-34.8715942,-8.0396877],[-34.8714615,-8.0396444],[-34.8703712,-8.0380792],[-34.8703712,-8.0374992],[-34.8709973,-8.0370167],[-34.870415,-8.0378481],[-34.8705961,-8.0383486],[-34.8705414,-8.0378797],[-34.8709863,-8.0381055],[-34.8706768,-8.0384745]],[[-34.8736629,-8.0375628],[-34.8740677,-8.0377972],[-34.8736321,-8.0377386],[-34.8736629,-8.0375628]],[[-34.8702124,-8.0380211],[-34.8698771,-8.0374496],[-34.8702347,-8.0374],[-34.8702124,-8.0380211]],[[-34.8704768,-8.0369942],[-34.8698252,-8.0374832],[-34.8694896,-8.0370127],[-34.869954,-8.0371463],[-34.8704768,-8.0369942]],[[-34.8715029,-8.0367687],[-34.8710924,-8.0368224],[-34.8711441,-8.0365885],[-34.8715029,-8.0367687]]],[[[-34.857788448522015,-8.025653035899188],[-34.855,-8.022460518505433],[-34.855,-8.022957730777545],[-34.857788448522015,-8.025653035899188]]],[[[-34.880139562228855,-7.987279806117822],[-34.8803258,-7.9869717],[-34.8802963,-7.9861138],[-34.87985923569546,-7.986052833081603],[-34.880139562228855,-7.987279806117822]]],[[[-34.8802426,-7.9849052],[-34.8811922,-7.9852877],[-34.8811197,-7.9846529],[-34.8793602,-7.9850699],[-34.8802426,-7.9849052]]],[[[-34.8812056,-7.9831096],[-34.8809427,-7.9830751],[-34.8811197,-7.9846529],[-34.8813558,-7.9833247],[-34.8812056,-7.9831096]]],[[[-34.884144069119806,-7.93],[-34.88194305909661,-7.93],[-34.8826325,-7.9307575],[-34.884144069119806,-7.93]]]]}}],"meta":{"fonte":"OSM simplificado","precomputed_urban":true}}